MICE_ID_RAR_INDIVIDUAL,STRAIN,ID,RACK,LOCATION,ROOM,DATE_OF_BIRTH,SEX,DIET,FOOD_WEIGHT_START_G,FOOD_WEIGHT_END_G,BODY_WEIGHT_G,DATE,COMMENTS,NEW_FOOD_END_SESSION_G,IN_SABLE_RECORDING,DIET_FORMULA,LOT_FOOD,ANIMAL_VENDOR,STRAIN_CODE_VENDOR,BASAL_GLU_mg_dL,FASTED_GLU_mg_dL,PROTOCOL_NUMBER_IACUC
2561791001,NZO/HlLtJ,3730,6B,A7,370-F,1/13/26,F,LFD,,,37.42,3/23/26,DAY_1_LFD,35.16,NO,D12450Ki,26011208A2i,JACKSON_LABORATORIES,2105,,,2512-43492A
2561791002,NZO/HlLtJ,3731,6B,B7,370-F,1/13/26,F,LFD,,,37.82,3/23/26,DAY_1_LFD,34.05,NO,D12450Ki,26011208A2i,JACKSON_LABORATORIES,2105,,,2512-43492A
2561791003,NZO/HlLtJ,3732,6B,C7,370-F,1/13/26,F,LFD,,,30.55,3/23/26,DAY_1_LFD,35.84,NO,D12450Ki,26011208A2i,JACKSON_LABORATORIES,2105,,,2512-43492A
2561791004,NZO/HlLtJ,3733,6B,D7,370-F,1/13/26,F,LFD,,,37.19,3/23/26,DAY_1_LFD,35.43,NO,D12450Ki,26011208A2i,JACKSON_LABORATORIES,2105,,,2512-43492A
2561791005,NZO/HlLtJ,3734,6B,E7,370-F,1/13/26,F,LFD,,,40.78,3/23/26,DAY_1_LFD,36.25,NO,D12450Ki,26011208A2i,JACKSON_LABORATORIES,2105,,,2512-43492A
2561791006,NZO/HlLtJ,3735,6B,F7,370-F,1/20/26,F,LFD,,,39.36,3/23/26,DAY_1_LFD,35.46,NO,D12450Ki,26011208A2i,JACKSON_LABORATORIES,2105,,,2512-43492A
2561791007,NZO/HlLtJ,3736,6B,G7,370-F,1/20/26,F,LFD,,,27.77,3/23/26,DAY_1_LFD,34.24,NO,D12450Ki,26011208A2i,JACKSON_LABORATORIES,2105,,,2512-43492A
2561791008,NZO/HlLtJ,3737,6B,A8,370-F,1/20/26,F,LFD,,,33.52,3/23/26,DAY_1_LFD,36.15,NO,D12450Ki,26011208A2i,JACKSON_LABORATORIES,2105,,,2512-43492A
2561791009,NZO/HlLtJ,3738,6B,B8,370-F,1/20/26,F,LFD,,,38.6,3/23/26,DAY_1_LFD,36.82,NO,D12450Ki,26011208A2i,JACKSON_LABORATORIES,2105,,,2512-43492A
2561791010,NZO/HlLtJ,3739,6B,C8,370-F,1/20/26,F,LFD,,,36.89,3/23/26,DAY_1_LFD,33.61,NO,D12450Ki,26011208A2i,JACKSON_LABORATORIES,2105,,,2512-43492A
2561791011,NZO/HlLtJ,3740,6B,D8,370-F,1/20/26,F,LFD,,,39.52,3/23/26,DAY_1_LFD,35.85,NO,D12450Ki,26011208A2i,JACKSON_LABORATORIES,2105,,,2512-43492A
2561791012,NZO/HlLtJ,3741,6B,E8,370-F,1/20/26,F,LFD,,,36.14,3/23/26,DAY_1_LFD,35.17,NO,D12450Ki,26011208A2i,JACKSON_LABORATORIES,2105,,,2512-43492A
2561791001,NZO/HlLtJ,3730,6B,A7,370-F,1/13/26,F,LFD,35.16,33.06,36.64,3/24/26,,33.06,NO,D12450Ki,26011208A2i,JACKSON_LABORATORIES,2105,,,2512-43492A
2561791002,NZO/HlLtJ,3731,6B,B7,370-F,1/13/26,F,LFD,34.05,32.81,36.7,3/24/26,,32.81,NO,D12450Ki,26011208A2i,JACKSON_LABORATORIES,2105,,,2512-43492A
2561791003,NZO/HlLtJ,3732,6B,C7,370-F,1/13/26,F,LFD,35.84,34.72,29.12,3/24/26,,34.72,NO,D12450Ki,26011208A2i,JACKSON_LABORATORIES,2105,,,2512-43492A
2561791004,NZO/HlLtJ,3733,6B,D7,370-F,1/13/26,F,LFD,35.43,34.11,36.05,3/24/26,,34.11,NO,D12450Ki,26011208A2i,JACKSON_LABORATORIES,2105,,,2512-43492A
2561791005,NZO/HlLtJ,3734,6B,E7,370-F,1/13/26,F,LFD,36.25,35.02,40.32,3/24/26,,35.02,NO,D12450Ki,26011208A2i,JACKSON_LABORATORIES,2105,,,2512-43492A
2561791006,NZO/HlLtJ,3735,6B,F7,370-F,1/20/26,F,LFD,35.46,32.95,37.18,3/24/26,,32.95,NO,D12450Ki,26011208A2i,JACKSON_LABORATORIES,2105,,,2512-43492A
2561791007,NZO/HlLtJ,3736,6B,G7,370-F,1/20/26,F,LFD,34.24,30.98,27.9,3/24/26,,30.98,NO,D12450Ki,26011208A2i,JACKSON_LABORATORIES,2105,,,2512-43492A
2561791008,NZO/HlLtJ,3737,6B,A8,370-F,1/20/26,F,LFD,36.15,33.06,32.93,3/24/26,,33.06,NO,D12450Ki,26011208A2i,JACKSON_LABORATORIES,2105,,,2512-43492A
2561791009,NZO/HlLtJ,3738,6B,B8,370-F,1/20/26,F,LFD,36.82,34.38,36.97,3/24/26,,34.38,NO,D12450Ki,26011208A2i,JACKSON_LABORATORIES,2105,,,2512-43492A
2561791010,NZO/HlLtJ,3739,6B,C8,370-F,1/20/26,F,LFD,33.61,31.23,36.67,3/24/26,,31.23,NO,D12450Ki,26011208A2i,JACKSON_LABORATORIES,2105,,,2512-43492A
2561791011,NZO/HlLtJ,3740,6B,D8,370-F,1/20/26,F,LFD,35.85,34.88,37.71,3/24/26,,34.88,NO,D12450Ki,26011208A2i,JACKSON_LABORATORIES,2105,,,2512-43492A
2561791012,NZO/HlLtJ,3741,6B,E8,370-F,1/20/26,F,LFD,35.17,32.22,35.67,3/24/26,,32.22,NO,D12450Ki,26011208A2i,JACKSON_LABORATORIES,2105,,,2512-43492A
2561791001,NZO/HlLtJ,3730,6B,A7,370-F,1/13/26,F,LFD,33.06,30.65,36.08,3/25/26,,30.65,NO,D12450Ki,26011208A2i,JACKSON_LABORATORIES,2105,,,2512-43492A
2561791002,NZO/HlLtJ,3731,6B,B7,370-F,1/13/26,F,LFD,32.81,30.4,36.01,3/25/26,,30.4,NO,D12450Ki,26011208A2i,JACKSON_LABORATORIES,2105,,,2512-43492A
2561791003,NZO/HlLtJ,3732,6B,C7,370-F,1/13/26,F,LFD,34.72,31.76,29.34,3/25/26,,31.76,NO,D12450Ki,26011208A2i,JACKSON_LABORATORIES,2105,,,2512-43492A
2561791004,NZO/HlLtJ,3733,6B,D7,370-F,1/13/26,F,LFD,34.11,32.03,35.03,3/25/26,,32.03,NO,D12450Ki,26011208A2i,JACKSON_LABORATORIES,2105,,,2512-43492A
2561791005,NZO/HlLtJ,3734,6B,E7,370-F,1/13/26,F,LFD,35.02,33.21,39.69,3/25/26,,33.21,NO,D12450Ki,26011208A2i,JACKSON_LABORATORIES,2105,,,2512-43492A
2561791006,NZO/HlLtJ,3735,6B,F7,370-F,1/20/26,F,LFD,32.95,29.8,36.78,3/25/26,,29.8,NO,D12450Ki,26011208A2i,JACKSON_LABORATORIES,2105,,,2512-43492A
2561791007,NZO/HlLtJ,3736,6B,G7,370-F,1/20/26,F,LFD,30.98,27.86,27.42,3/25/26,,27.86,NO,D12450Ki,26011208A2i,JACKSON_LABORATORIES,2105,,,2512-43492A
2561791008,NZO/HlLtJ,3737,6B,A8,370-F,1/20/26,F,LFD,33.06,29.41,33.34,3/25/26,,29.41,NO,D12450Ki,26011208A2i,JACKSON_LABORATORIES,2105,,,2512-43492A
2561791009,NZO/HlLtJ,3738,6B,B8,370-F,1/20/26,F,LFD,34.38,32.11,36.47,3/25/26,,32.11,NO,D12450Ki,26011208A2i,JACKSON_LABORATORIES,2105,,,2512-43492A
2561791010,NZO/HlLtJ,3739,6B,C8,370-F,1/20/26,F,LFD,31.23,29.1,35.72,3/25/26,,29.1,NO,D12450Ki,26011208A2i,JACKSON_LABORATORIES,2105,,,2512-43492A
2561791011,NZO/HlLtJ,3740,6B,D8,370-F,1/20/26,F,LFD,34.88,32.16,37.13,3/25/26,,32.16,NO,D12450Ki,26011208A2i,JACKSON_LABORATORIES,2105,,,2512-43492A
2561791012,NZO/HlLtJ,3741,6B,E8,370-F,1/20/26,F,LFD,32.22,30.12,34.82,3/25/26,,30.12,NO,D12450Ki,26011208A2i,JACKSON_LABORATORIES,2105,,,2512-43492A
2561791001,NZO/HlLtJ,3730,6B,A7,370-F,1/13/26,F,LFD,30.65,23.61,36.14,3/27/26,,21.3,NO,D12450Ki,26011208A2i,JACKSON_LABORATORIES,2105,,,2512-43492A
2561791002,NZO/HlLtJ,3731,6B,B7,370-F,1/13/26,F,LFD,30.4,22.12,37.11,3/27/26,,21.84,NO,D12450Ki,26011208A2i,JACKSON_LABORATORIES,2105,,,2512-43492A
2561791003,NZO/HlLtJ,3732,6B,C7,370-F,1/13/26,F,LFD,31.76,24.61,29.96,3/27/26,,23.22,NO,D12450Ki,26011208A2i,JACKSON_LABORATORIES,2105,,,2512-43492A
2561791004,NZO/HlLtJ,3733,6B,D7,370-F,1/13/26,F,LFD,32.03,24.86,35.43,3/27/26,,22.94,NO,D12450Ki,26011208A2i,JACKSON_LABORATORIES,2105,,,2512-43492A
2561791005,NZO/HlLtJ,3734,6B,E7,370-F,1/13/26,F,LFD,33.21,27.52,39.12,3/27/26,,24.7,NO,D12450Ki,26011208A2i,JACKSON_LABORATORIES,2105,,,2512-43492A
2561791006,NZO/HlLtJ,3735,6B,F7,370-F,1/20/26,F,LFD,29.8,21.27,37.23,3/27/26,,25.21,NO,D12450Ki,26011208A2i,JACKSON_LABORATORIES,2105,,,2512-43492A
2561791007,NZO/HlLtJ,3736,6B,G7,370-F,1/20/26,F,LFD,27.86,18.9,28.9,3/27/26,,25.17,NO,D12450Ki,26011208A2i,JACKSON_LABORATORIES,2105,,,2512-43492A
2561791008,NZO/HlLtJ,3737,6B,A8,370-F,1/20/26,F,LFD,29.41,18.67,35.15,3/27/26,,25.33,NO,D12450Ki,26011208A2i,JACKSON_LABORATORIES,2105,,,2512-43492A
2561791009,NZO/HlLtJ,3738,6B,B8,370-F,1/20/26,F,LFD,32.11,23.82,36.89,3/27/26,,25.44,NO,D12450Ki,26011208A2i,JACKSON_LABORATORIES,2105,,,2512-43492A
2561791010,NZO/HlLtJ,3739,6B,C8,370-F,1/20/26,F,LFD,29.1,21.05,36.44,3/27/26,,23.78,NO,D12450Ki,26011208A2i,JACKSON_LABORATORIES,2105,,,2512-43492A
2561791011,NZO/HlLtJ,3740,6B,D8,370-F,1/20/26,F,LFD,32.16,24.15,37.96,3/27/26,,23.74,NO,D12450Ki,26011208A2i,JACKSON_LABORATORIES,2105,,,2512-43492A
2561791012,NZO/HlLtJ,3741,6B,E8,370-F,1/20/26,F,LFD,30.12,21.08,36.03,3/27/26,,24.58,NO,D12450Ki,26011208A2i,JACKSON_LABORATORIES,2105,,,2512-43492A
2561791001,NZO/HlLtJ,3730,6B,A7,370-F,1/13/26,F,LFD,21.3,9.98,37.04,3/30/26,,31.08,NO,D12450Ki,26011208A2i,JACKSON_LABORATORIES,2105,,,2512-43492A
2561791002,NZO/HlLtJ,3731,6B,B7,370-F,1/13/26,F,LFD,21.84,10.29,37.34,3/30/26,,28.54,NO,D12450Ki,26011208A2i,JACKSON_LABORATORIES,2105,,,2512-43492A
2561791003,NZO/HlLtJ,3732,6B,C7,370-F,1/13/26,F,LFD,23.22,12.42,30.81,3/30/26,,29.05,NO,D12450Ki,26011208A2i,JACKSON_LABORATORIES,2105,,,2512-43492A
2561791004,NZO/HlLtJ,3733,6B,D7,370-F,1/13/26,F,LFD,22.94,11.58,36.68,3/30/26,,30.69,NO,D12450Ki,26011208A2i,JACKSON_LABORATORIES,2105,,,2512-43492A
2561791005,NZO/HlLtJ,3734,6B,E7,370-F,1/13/26,F,LFD,24.7,16.12,38.6,3/30/26,,28.15,NO,D12450Ki,26011208A2i,JACKSON_LABORATORIES,2105,,,2512-43492A
2561791006,NZO/HlLtJ,3735,6B,F7,370-F,1/20/26,F,LFD,25.21,13.25,36.98,3/30/26,,30.96,NO,D12450Ki,26011208A2i,JACKSON_LABORATORIES,2105,,,2512-43492A
2561791007,NZO/HlLtJ,3736,6B,G7,370-F,1/20/26,F,LFD,25.17,11.07,31,3/30/26,,28.52,NO,D12450Ki,26011208A2i,JACKSON_LABORATORIES,2105,,,2512-43492A
2561791008,NZO/HlLtJ,3737,6B,A8,370-F,1/20/26,F,LFD,25.33,11.8,35.64,3/30/26,,30.36,NO,D12450Ki,26011208A2i,JACKSON_LABORATORIES,2105,,,2512-43492A
2561791009,NZO/HlLtJ,3738,6B,B8,370-F,1/20/26,F,LFD,25.44,10.09,39.07,3/30/26,,30.09,NO,D12450Ki,26011208A2i,JACKSON_LABORATORIES,2105,,,2512-43492A
2561791010,NZO/HlLtJ,3739,6B,C8,370-F,1/20/26,F,LFD,23.78,11.36,37.12,3/30/26,,27.99,NO,D12450Ki,26011208A2i,JACKSON_LABORATORIES,2105,,,2512-43492A
2561791011,NZO/HlLtJ,3740,6B,D8,370-F,1/20/26,F,LFD,23.74,8.75,40.31,3/30/26,,29.19,NO,D12450Ki,26011208A2i,JACKSON_LABORATORIES,2105,,,2512-43492A
2561791012,NZO/HlLtJ,3741,6B,E8,370-F,1/20/26,F,LFD,24.58,8.37,38.68,3/30/26,,28.36,NO,D12450Ki,26011208A2i,JACKSON_LABORATORIES,2105,,,2512-43492A
2561791001,NZO/HlLtJ,3730,6B,A6,370-F,1/13/26,F,LFD,31.08,25.7,36.15,4/1/26,,25.7,NO,D12450Ki,26011208A2i,JACKSON_LABORATORIES,2105,,,2512-43492A
2561791002,NZO/HlLtJ,3731,6B,C6,370-F,1/13/26,F,LFD,28.54,24.81,36.73,4/1/26,,24.81,NO,D12450Ki,26011208A2i,JACKSON_LABORATORIES,2105,,,2512-43492A
2561791003,NZO/HlLtJ,3732,6B,D6,370-F,1/13/26,F,LFD,29.05,24.94,29.73,4/1/26,,24.94,NO,D12450Ki,26011208A2i,JACKSON_LABORATORIES,2105,,,2512-43492A
2561791004,NZO/HlLtJ,3733,6B,E6,370-F,1/13/26,F,LFD,30.69,23.82,36.57,4/1/26,,23.82,NO,D12450Ki,26011208A2i,JACKSON_LABORATORIES,2105,,,2512-43492A
2561791005,NZO/HlLtJ,3734,6B,F6,370-F,1/13/26,F,LFD,28.15,21.75,38.79,4/1/26,,21.75,NO,D12450Ki,26011208A2i,JACKSON_LABORATORIES,2105,,,2512-43492A
2561791006,NZO/HlLtJ,3735,6B,G6,370-F,1/20/26,F,LFD,30.96,24.9,36.7,4/1/26,,24.9,NO,D12450Ki,26011208A2i,JACKSON_LABORATORIES,2105,,,2512-43492A
2561791007,NZO/HlLtJ,3736,6B,A7,370-F,1/20/26,F,LFD,28.52,21.64,31.09,4/1/26,,21.64,NO,D12450Ki,26011208A2i,JACKSON_LABORATORIES,2105,,,2512-43492A
2561791008,NZO/HlLtJ,3737,6B,B7,370-F,1/20/26,F,LFD,30.36,23.13,35.65,4/1/26,,23.13,NO,D12450Ki,26011208A2i,JACKSON_LABORATORIES,2105,,,2512-43492A
2561791009,NZO/HlLtJ,3738,6B,C7,370-F,1/20/26,F,LFD,30.09,21.94,39.36,4/1/26,,21.94,NO,D12450Ki,26011208A2i,JACKSON_LABORATORIES,2105,,,2512-43492A
2561791010,NZO/HlLtJ,3739,6B,D7,370-F,1/20/26,F,LFD,27.99,21.6,36.39,4/1/26,,21.6,NO,D12450Ki,26011208A2i,JACKSON_LABORATORIES,2105,,,2512-43492A
2561791011,NZO/HlLtJ,3740,6B,E7,370-F,1/20/26,F,LFD,29.19,20.72,39.93,4/1/26,,20.72,NO,D12450Ki,26011208A2i,JACKSON_LABORATORIES,2105,,,2512-43492A
2561791012,NZO/HlLtJ,3741,6B,F7,370-F,1/20/26,F,LFD,28.36,19.25,39.13,4/1/26,,19.25,NO,D12450Ki,26011208A2i,JACKSON_LABORATORIES,2105,,,2512-43492A
2561791001,NZO/HlLtJ,3730,6B,A7,370-F,1/13/26,F,LFD,25.7,22.44,,4/2/26,SCRUFF,22.44,NO,D12450Ki,26011208A2i,JACKSON_LABORATORIES,2105,,,2512-43492A
2561791002,NZO/HlLtJ,3731,6B,B7,370-F,1/13/26,F,LFD,24.81,22.4,,4/2/26,SCRUFF,22.4,NO,D12450Ki,26011208A2i,JACKSON_LABORATORIES,2105,,,2512-43492A
2561791003,NZO/HlLtJ,3732,6B,C7,370-F,1/13/26,F,LFD,24.94,21.78,,4/2/26,,21.78,NO,D12450Ki,26011208A2i,JACKSON_LABORATORIES,2105,,,2512-43492A
2561791004,NZO/HlLtJ,3733,6B,D7,370-F,1/13/26,F,LFD,23.82,20.78,,4/2/26,SCRUFF,20.78,NO,D12450Ki,26011208A2i,JACKSON_LABORATORIES,2105,,,2512-43492A
2561791005,NZO/HlLtJ,3734,6B,E7,370-F,1/13/26,F,LFD,21.75,18.39,,4/2/26,SCRUFF,18.39,NO,D12450Ki,26011208A2i,JACKSON_LABORATORIES,2105,,,2512-43492A
2561791006,NZO/HlLtJ,3735,6B,F7,370-F,1/20/26,F,LFD,24.9,20.6,,4/2/26,,20.6,NO,D12450Ki,26011208A2i,JACKSON_LABORATORIES,2105,,,2512-43492A
2561791007,NZO/HlLtJ,3736,6B,G7,370-F,1/20/26,F,LFD,21.64,17.55,,4/2/26,,17.55,NO,D12450Ki,26011208A2i,JACKSON_LABORATORIES,2105,,,2512-43492A
2561791008,NZO/HlLtJ,3737,6B,A8,370-F,1/20/26,F,LFD,23.13,18.07,,4/2/26,SCRUFF,18.07,NO,D12450Ki,26011208A2i,JACKSON_LABORATORIES,2105,,,2512-43492A
2561791009,NZO/HlLtJ,3738,6B,B8,370-F,1/20/26,F,LFD,21.94,17.19,,4/2/26,,17.19,NO,D12450Ki,26011208A2i,JACKSON_LABORATORIES,2105,,,2512-43492A
2561791010,NZO/HlLtJ,3739,6B,C8,370-F,1/20/26,F,LFD,21.6,17.49,,4/2/26,SCRUFF,17.49,NO,D12450Ki,26011208A2i,JACKSON_LABORATORIES,2105,,,2512-43492A
2561791011,NZO/HlLtJ,3740,6B,D8,370-F,1/20/26,F,LFD,20.72,15.44,,4/2/26,,15.44,NO,D12450Ki,26011208A2i,JACKSON_LABORATORIES,2105,,,2512-43492A
2561791012,NZO/HlLtJ,3741,6B,E8,370-F,1/20/26,F,LFD,19.25,13.56,,4/2/26,SCRUFF,13.56,NO,D12450Ki,26011208A2i,JACKSON_LABORATORIES,2105,,,2512-43492A
2561791001,NZO/HlLtJ,3730,6B,A7,370-F,1/13/26,F,LFD,22.44,18.65,36.61,4/3/26,,19.02,NO,D12450Ki,26011208A2i,JACKSON_LABORATORIES,2105,,,2512-43492A
2561791002,NZO/HlLtJ,3731,6B,B7,370-F,1/13/26,F,LFD,22.4,19.98,35.67,4/3/26,,20.5,NO,D12450Ki,26011208A2i,JACKSON_LABORATORIES,2105,,,2512-43492A
2561791003,NZO/HlLtJ,3732,6B,C7,370-F,1/13/26,F,LFD,21.78,18.61,30.22,4/3/26,SCRUFF,19.75,NO,D12450Ki,26011208A2i,JACKSON_LABORATORIES,2105,,,2512-43492A
2561791004,NZO/HlLtJ,3733,6B,D7,370-F,1/13/26,F,LFD,20.78,17.53,36.08,4/3/26,,20.11,NO,D12450Ki,26011208A2i,JACKSON_LABORATORIES,2105,,,2512-43492A
2561791005,NZO/HlLtJ,3734,6B,E7,370-F,1/13/26,F,LFD,18.39,16.54,37.71,4/3/26,,19.89,NO,D12450Ki,26011208A2i,JACKSON_LABORATORIES,2105,,,2512-43492A
2561791006,NZO/HlLtJ,3735,6B,F7,370-F,1/20/26,F,LFD,20.6,16.8,37.2,4/3/26,SCRUFF,19.29,NO,D12450Ki,26011208A2i,JACKSON_LABORATORIES,2105,,,2512-43492A
2561791007,NZO/HlLtJ,3736,6B,G7,370-F,1/20/26,F,LFD,17.55,12.55,32.3,4/3/26,SCRUFF,20.82,NO,D12450Ki,26011208A2i,JACKSON_LABORATORIES,2105,,,2512-43492A
2561791008,NZO/HlLtJ,3737,6B,A8,370-F,1/20/26,F,LFD,18.07,12.97,37.77,4/3/26,,19.98,NO,D12450Ki,26011208A2i,JACKSON_LABORATORIES,2105,,,2512-43492A
2561791009,NZO/HlLtJ,3738,6B,B8,370-F,1/20/26,F,LFD,17.19,12.03,40.45,4/3/26,SCRUFF,19.52,NO,D12450Ki,26011208A2i,JACKSON_LABORATORIES,2105,,,2512-43492A
2561791010,NZO/HlLtJ,3739,6B,C8,370-F,1/20/26,F,LFD,17.49,12.89,37.43,4/3/26,,19.99,NO,D12450Ki,26011208A2i,JACKSON_LABORATORIES,2105,,,2512-43492A
2561791011,NZO/HlLtJ,3740,6B,D8,370-F,1/20/26,F,LFD,15.44,11.34,41.05,4/3/26,SCRUFF,21.93,NO,D12450Ki,26011208A2i,JACKSON_LABORATORIES,2105,,,2512-43492A
2561791012,NZO/HlLtJ,3741,6B,E8,370-F,1/20/26,F,LFD,13.56,7.75,41.81,4/3/26,,24.03,NO,D12450Ki,26011208A2i,JACKSON_LABORATORIES,2105,,,2512-43492A
2561791001,NZO/HlLtJ,3730,6B,A7,370-F,1/13/26,F,LFD,19.02,5.85,38.62,4/6/26,SCRUFF,27.56,NO,D12450Ki,26011208A2i,JACKSON_LABORATORIES,2105,,,2512-43492A
2561791002,NZO/HlLtJ,3731,6B,B7,370-F,1/13/26,F,LFD,20.5,11.83,35.8,4/6/26,SCRUFF,26.35,NO,D12450Ki,26011208A2i,JACKSON_LABORATORIES,2105,,,2512-43492A
2561791003,NZO/HlLtJ,3732,6B,C7,370-F,1/13/26,F,LFD,19.75,11.49,29.87,4/6/26,SCRUFF,26.47,NO,D12450Ki,26011208A2i,JACKSON_LABORATORIES,2105,,,2512-43492A
2561791004,NZO/HlLtJ,3733,6B,D7,370-F,1/13/26,F,LFD,20.11,9.57,37.17,4/6/26,SCRUFF,24.85,NO,D12450Ki,26011208A2i,JACKSON_LABORATORIES,2105,,,2512-43492A
2561791005,NZO/HlLtJ,3734,6B,E7,370-F,1/13/26,F,LFD,19.89,15.94,35.54,4/6/26,,27.02,NO,D12450Ki,26011208A2i,JACKSON_LABORATORIES,2105,,,2512-43492A
2561791006,NZO/HlLtJ,3735,6B,F7,370-F,1/20/26,F,LFD,19.29,7.9,37.5,4/6/26,SCRUFF,25.97,NO,D12450Ki,26011208A2i,JACKSON_LABORATORIES,2105,,,2512-43492A
2561791007,NZO/HlLtJ,3736,6B,G7,370-F,1/20/26,F,LFD,20.82,7.71,33.96,4/6/26,SCRUFF,26.47,NO,D12450Ki,26011208A2i,JACKSON_LABORATORIES,2105,,,2512-43492A
2561791008,NZO/HlLtJ,3737,6B,A8,370-F,1/20/26,F,LFD,19.98,5.63,39.16,4/6/26,SCRUFF,25.03,NO,D12450Ki,26011208A2i,JACKSON_LABORATORIES,2105,,,2512-43492A
2561791009,NZO/HlLtJ,3738,6B,B8,370-F,1/20/26,F,LFD,19.52,5.9,41.81,4/6/26,SCRUFF,25.56,NO,D12450Ki,26011208A2i,JACKSON_LABORATORIES,2105,,,2512-43492A
2561791010,NZO/HlLtJ,3739,6B,C8,370-F,1/20/26,F,LFD,19.99,6.23,39.28,4/6/26,SCRUFF,24.67,NO,D12450Ki,26011208A2i,JACKSON_LABORATORIES,2105,,,2512-43492A
2561791011,NZO/HlLtJ,3740,6B,D8,370-F,1/20/26,F,LFD,21.93,8.57,42.53,4/6/26,SCRUFF,25.33,NO,D12450Ki,26011208A2i,JACKSON_LABORATORIES,2105,,,2512-43492A
2561791012,NZO/HlLtJ,3741,6B,E8,370-F,1/20/26,F,LFD,24.03,10.67,42.22,4/6/26,SCRUFF,26.6,NO,D12450Ki,26011208A2i,JACKSON_LABORATORIES,2105,,,2512-43492A
2561791018,NZO/HlLtJ,3747,6B,E8,370-F,2/3/26,F,LFD,,,37.33,4/6/26,DAY_1_LFD,22.91,NO,D12450Ki,26011208A2i,JACKSON_LABORATORIES,2105,,,2512-43492A
2561791019,NZO/HlLtJ,3748,6B,F8,370-F,2/3/26,F,LFD,,,37.55,4/6/26,DAY_1_LFD,24.94,NO,D12450Ki,26011208A2i,JACKSON_LABORATORIES,2105,,,2512-43492A
2561791020,NZO/HlLtJ,3749,6B,G8,370-F,2/3/26,F,LFD,,,32.31,4/6/26,DAY_1_LFD,22.98,NO,D12450Ki,26011208A2i,JACKSON_LABORATORIES,2105,,,2512-43492A
2561791021,NZO/HlLtJ,3750,6B,A9,370-F,2/3/26,F,LFD,,,40.5,4/6/26,DAY_1_LFD,24.57,NO,D12450Ki,26011208A2i,JACKSON_LABORATORIES,2105,,,2512-43492A
2561791022,NZO/HlLtJ,3751,6B,B9,370-F,1/27/26,F,LFD,,,34.1,4/6/26,DAY_1_LFD,24.18,NO,D12450Ki,26011208A2i,JACKSON_LABORATORIES,2105,,,2512-43492A
2561791023,NZO/HlLtJ,3752,6B,C9,370-F,1/27/26,F,LFD,,,39.17,4/6/26,DAY_1_LFD,24.5,NO,D12450Ki,26011208A2i,JACKSON_LABORATORIES,2105,,,2512-43492A
2561791024,NZO/HlLtJ,3753,6B,D9,370-F,1/27/26,F,LFD,,,36.96,4/6/26,DAY_1_LFD,26.57,NO,D12450Ki,26011208A2i,JACKSON_LABORATORIES,2105,,,2512-43492A
2561791005,NZO/HlLtJ,3734,6B,E7,370-F,1/13/26,F,LFD,27.02,26.67,34.82,4/7/26,HEALTH_CONCERN,26.67,NO,D12450Ki,26011208A2i,JACKSON_LABORATORIES,2105,,,2512-43492A
2561791001,NZO/HlLtJ,3730,6B,A7,370-F,1/13/26,F,LFD,27.56,20.38,39.06,4/8/26,SCRUFF,20.38,NO,D12450Ki,26011208A2i,JACKSON_LABORATORIES,2105,,,2512-43492A
2561791002,NZO/HlLtJ,3731,6B,B7,370-F,1/13/26,F,LFD,26.35,19.92,36.49,4/8/26,SCRUFF,19.92,NO,D12450Ki,26011208A2i,JACKSON_LABORATORIES,2105,,,2512-43492A
2561791003,NZO/HlLtJ,3732,6B,C7,370-F,1/13/26,F,LFD,26.47,21.82,30.1,4/8/26,SCRUFF,21.82,NO,D12450Ki,26011208A2i,JACKSON_LABORATORIES,2105,,,2512-43492A
2561791004,NZO/HlLtJ,3733,6B,D7,370-F,1/13/26,F,LFD,24.85,17.23,38.25,4/8/26,SCRUFF,17.23,NO,D12450Ki,26011208A2i,JACKSON_LABORATORIES,2105,,,2512-43492A
2561791005,NZO/HlLtJ,3734,6B,E7,370-F,1/13/26,F,LFD,27.02,24.55,,4/8/26,HEALTH_CONCERN,24.55,NO,D12450Ki,26011208A2i,JACKSON_LABORATORIES,2105,,,2512-43492A
2561791006,NZO/HlLtJ,3735,6B,F7,370-F,1/20/26,F,LFD,25.97,17.11,39.54,4/8/26,SCRUFF,17.11,NO,D12450Ki,26011208A2i,JACKSON_LABORATORIES,2105,,,2512-43492A
2561791007,NZO/HlLtJ,3736,6B,G7,370-F,1/20/26,F,LFD,26.47,18.41,34.85,4/8/26,SCRUFF,18.41,NO,D12450Ki,26011208A2i,JACKSON_LABORATORIES,2105,,,2512-43492A
2561791008,NZO/HlLtJ,3737,6B,A8,370-F,1/20/26,F,LFD,25.03,16.77,39.76,4/8/26,SCRUFF,16.77,NO,D12450Ki,26011208A2i,JACKSON_LABORATORIES,2105,,,2512-43492A
2561791009,NZO/HlLtJ,3738,6B,B8,370-F,1/20/26,F,LFD,25.56,17.23,42.82,4/8/26,SCRUFF,17.23,NO,D12450Ki,26011208A2i,JACKSON_LABORATORIES,2105,,,2512-43492A
2561791010,NZO/HlLtJ,3739,6B,C8,370-F,1/20/26,F,LFD,24.67,15.75,40.2,4/8/26,SCRUFF,15.75,NO,D12450Ki,26011208A2i,JACKSON_LABORATORIES,2105,,,2512-43492A
2561791011,NZO/HlLtJ,3740,6B,D8,370-F,1/20/26,F,LFD,25.33,16.48,44.13,4/8/26,SCRUFF,16.48,NO,D12450Ki,26011208A2i,JACKSON_LABORATORIES,2105,,,2512-43492A
2561791012,NZO/HlLtJ,3741,6B,E8,370-F,1/20/26,F,LFD,26.6,17.17,43.9,4/8/26,SCRUFF,17.17,NO,D12450Ki,26011208A2i,JACKSON_LABORATORIES,2105,,,2512-43492A
2561791018,NZO/HlLtJ,3747,6B,E8,370-F,2/3/26,F,LFD,22.91,20.67,35.43,4/8/26,,20.67,NO,D12450Ki,26011208A2i,JACKSON_LABORATORIES,2105,,,2512-43492A
2561791019,NZO/HlLtJ,3748,6B,F8,370-F,2/3/26,F,LFD,24.94,20.77,36.49,4/8/26,,20.77,NO,D12450Ki,26011208A2i,JACKSON_LABORATORIES,2105,,,2512-43492A
2561791020,NZO/HlLtJ,3749,6B,G8,370-F,2/3/26,F,LFD,22.98,18.33,31.3,4/8/26,,18.33,NO,D12450Ki,26011208A2i,JACKSON_LABORATORIES,2105,,,2512-43492A
2561791021,NZO/HlLtJ,3750,6B,A9,370-F,2/3/26,F,LFD,24.57,18.65,38.9,4/8/26,,18.65,NO,D12450Ki,26011208A2i,JACKSON_LABORATORIES,2105,,,2512-43492A
2561791022,NZO/HlLtJ,3751,6B,B9,370-F,1/27/26,F,LFD,24.18,18.38,33.45,4/8/26,,18.38,NO,D12450Ki,26011208A2i,JACKSON_LABORATORIES,2105,,,2512-43492A
2561791023,NZO/HlLtJ,3752,6B,C9,370-F,1/27/26,F,LFD,24.5,18.98,37.4,4/8/26,,18.98,NO,D12450Ki,26011208A2i,JACKSON_LABORATORIES,2105,,,2512-43492A
2561791024,NZO/HlLtJ,3753,6B,D9,370-F,1/27/26,F,LFD,26.57,21.88,35.34,4/8/26,,21.88,NO,D12450Ki,26011208A2i,JACKSON_LABORATORIES,2105,,,2512-43492A
2561791001,NZO/HlLtJ,3730,6B,A7,370-F,1/13/26,F,LFD,20.38,12.05,39.95,4/10/26,DAY_1_MOCK_INJECTIONS,18.67,NO,D12450Ki,26011208A2i,JACKSON_LABORATORIES,2105,,,2512-43492A
2561791002,NZO/HlLtJ,3731,6B,B7,370-F,1/13/26,F,LFD,19.92,12.43,36.58,4/10/26,DAY_1_MOCK_INJECTIONS,17.59,NO,D12450Ki,26011208A2i,JACKSON_LABORATORIES,2105,,,2512-43492A
2561791003,NZO/HlLtJ,3732,6B,C7,370-F,1/13/26,F,LFD,21.82,14.49,30.89,4/10/26,DAY_1_MOCK_INJECTIONS,18.27,NO,D12450Ki,26011208A2i,JACKSON_LABORATORIES,2105,,,2512-43492A
2561791004,NZO/HlLtJ,3733,6B,D7,370-F,1/13/26,F,LFD,17.23,7.63,38.95,4/10/26,DAY_1_MOCK_INJECTIONS,18.23,NO,D12450Ki,26011208A2i,JACKSON_LABORATORIES,2105,,,2512-43492A
2561791005,NZO/HlLtJ,3734,6B,E7,370-F,1/13/26,F,LFD,24.56,21.78,33.42,4/10/26,HEALTH_CONCERN,18.85,NO,D12450Ki,26011208A2i,JACKSON_LABORATORIES,2105,,,2512-43492A
2561791006,NZO/HlLtJ,3735,6B,F7,370-F,1/20/26,F,LFD,17.11,7.87,40,4/10/26,DAY_1_MOCK_INJECTIONS,18.52,NO,D12450Ki,26011208A2i,JACKSON_LABORATORIES,2105,,,2512-43492A
2561791007,NZO/HlLtJ,3736,6B,G7,370-F,1/20/26,F,LFD,18.41,9.23,35.43,4/10/26,DAY_1_MOCK_INJECTIONS,17.26,NO,D12450Ki,26011208A2i,JACKSON_LABORATORIES,2105,,,2512-43492A
2561791008,NZO/HlLtJ,3737,6B,A8,370-F,1/20/26,F,LFD,16.77,7.68,40.26,4/10/26,DAY_1_MOCK_INJECTIONS,18.22,NO,D12450Ki,26011208A2i,JACKSON_LABORATORIES,2105,,,2512-43492A
2561791009,NZO/HlLtJ,3738,6B,B8,370-F,1/20/26,F,LFD,17.23,7.23,43.58,4/10/26,DAY_1_MOCK_INJECTIONS,19.35,NO,D12450Ki,26011208A2i,JACKSON_LABORATORIES,2105,,,2512-43492A
2561791010,NZO/HlLtJ,3739,6B,C8,370-F,1/20/26,F,LFD,15.75,6.24,41.07,4/10/26,DAY_1_MOCK_INJECTIONS,18.36,NO,D12450Ki,26011208A2i,JACKSON_LABORATORIES,2105,,,2512-43492A
2561791011,NZO/HlLtJ,3740,6B,D8,370-F,1/20/26,F,LFD,16.48,9.28,43.12,4/10/26,DAY_1_MOCK_INJECTIONS,17.3,NO,D12450Ki,26011208A2i,JACKSON_LABORATORIES,2105,,,2512-43492A
2561791012,NZO/HlLtJ,3741,6B,E8,370-F,1/20/26,F,LFD,17.17,7.64,44.38,4/10/26,DAY_1_MOCK_INJECTIONS,20.34,NO,D12450Ki,26011208A2i,JACKSON_LABORATORIES,2105,,,2512-43492A
2561791018,NZO/HlLtJ,3747,6B,E8,370-F,2/3/26,F,LFD,20.67,12.97,35.97,4/10/26,,17.58,NO,D12450Ki,26011208A2i,JACKSON_LABORATORIES,2105,,,2512-43492A
2561791019,NZO/HlLtJ,3748,6B,F8,370-F,2/3/26,F,LFD,20.77,13.13,37.36,4/10/26,,19.48,NO,D12450Ki,26011208A2i,JACKSON_LABORATORIES,2105,,,2512-43492A
2561791020,NZO/HlLtJ,3749,6B,G8,370-F,2/3/26,F,LFD,18.33,11.88,30.92,4/10/26,,17.9,NO,D12450Ki,26011208A2i,JACKSON_LABORATORIES,2105,,,2512-43492A
2561791021,NZO/HlLtJ,3750,6B,A9,370-F,2/3/26,F,LFD,18.65,12.73,38.45,4/10/26,,19.75,NO,D12450Ki,26011208A2i,JACKSON_LABORATORIES,2105,,,2512-43492A
2561791022,NZO/HlLtJ,3751,6B,B9,370-F,1/27/26,F,LFD,18.38,8.1,34.97,4/10/26,,18.48,NO,D12450Ki,26011208A2i,JACKSON_LABORATORIES,2105,,,2512-43492A
2561791023,NZO/HlLtJ,3752,6B,C9,370-F,1/27/26,F,LFD,18.98,9.84,38.86,4/10/26,,18.08,NO,D12450Ki,26011208A2i,JACKSON_LABORATORIES,2105,,,2512-43492A
2561791024,NZO/HlLtJ,3753,6B,D9,370-F,1/27/26,F,LFD,21.88,14.15,36.3,4/10/26,,18.97,NO,D12450Ki,26011208A2i,JACKSON_LABORATORIES,2105,,,2512-43492A
2561791001,NZO/HlLtJ,3730,6B,A7,370-F,1/13/26,F,LFD,18.67,7.71,39.63,4/13/26,,26.06,NO,D12450Ki,26011208A2i,JACKSON_LABORATORIES,2105,,,2512-43492A
2561791002,NZO/HlLtJ,3731,6B,B7,370-F,1/13/26,F,LFD,17.59,6.25,37.54,4/13/26,,28.22,NO,D12450Ki,26011208A2i,JACKSON_LABORATORIES,2105,,,2512-43492A
2561791003,NZO/HlLtJ,3732,6B,C7,370-F,1/13/26,F,LFD,18.27,9.67,30.82,4/13/26,,24.81,NO,D12450Ki,26011208A2i,JACKSON_LABORATORIES,2105,,,2512-43492A
2561791004,NZO/HlLtJ,3733,6B,D7,370-F,1/13/26,F,LFD,18.23,6.88,39.31,4/13/26,,26.7,NO,D12450Ki,26011208A2i,JACKSON_LABORATORIES,2105,,,2512-43492A
2561791005,NZO/HlLtJ,3734,6B,E7,370-F,1/13/26,F,LFD,18.85,,31.1,4/13/26,HEALTH_CONCERN,,NO,D12450Ki,26011208A2i,JACKSON_LABORATORIES,2105,,,2512-43492A
2561791006,NZO/HlLtJ,3735,6B,F7,370-F,1/20/26,F,LFD,18.52,6.05,41.26,4/13/26,,25.08,NO,D12450Ki,26011208A2i,JACKSON_LABORATORIES,2105,,,2512-43492A
2561791007,NZO/HlLtJ,3736,6B,G7,370-F,1/20/26,F,LFD,17.26,5.54,35.99,4/13/26,,25.52,NO,D12450Ki,26011208A2i,JACKSON_LABORATORIES,2105,,,2512-43492A
2561791008,NZO/HlLtJ,3737,6B,A8,370-F,1/20/26,F,LFD,18.22,6.4,40.89,4/13/26,,25.75,NO,D12450Ki,26011208A2i,JACKSON_LABORATORIES,2105,,,2512-43492A
2561791009,NZO/HlLtJ,3738,6B,B8,370-F,1/20/26,F,LFD,19.35,6.57,44.16,4/13/26,,26.5,NO,D12450Ki,26011208A2i,JACKSON_LABORATORIES,2105,,,2512-43492A
2561791010,NZO/HlLtJ,3739,6B,C8,370-F,1/20/26,F,LFD,18.36,4.26,42.06,4/13/26,,24.43,NO,D12450Ki,26011208A2i,JACKSON_LABORATORIES,2105,,,2512-43492A
2561791011,NZO/HlLtJ,3740,6B,D8,370-F,1/20/26,F,LFD,17.3,4.12,44.56,4/13/26,,26.37,NO,D12450Ki,26011208A2i,JACKSON_LABORATORIES,2105,,,2512-43492A
2561791012,NZO/HlLtJ,3741,6B,E8,370-F,1/20/26,F,LFD,20.34,6.55,45.69,4/13/26,,27,NO,D12450Ki,26011208A2i,JACKSON_LABORATORIES,2105,,,2512-43492A
2561791013,NZO/HlLtJ,3742,6B,G7,370-F,2/10/26,F,LFD,,,35.8,4/13/26,DAY_1_LFD,24.73,NO,D12450Ki,26011208A2i,JACKSON_LABORATORIES,2105,,,2512-43492A
2561791014,NZO/HlLtJ,3743,6B,A8,370-F,2/10/26,F,LFD,,,35.06,4/13/26,DAY_1_LFD,25.7,NO,D12450Ki,26011208A2i,JACKSON_LABORATORIES,2105,,,2512-43492A
2561791015,NZO/HlLtJ,3744,6B,B8,370-F,2/10/26,F,LFD,,,37.91,4/13/26,DAY_1_LFD,30.97,NO,D12450Ki,26011208A2i,JACKSON_LABORATORIES,2105,,,2512-43492A
2561791016,NZO/HlLtJ,3745,6B,C8,370-F,2/10/26,F,LFD,,,39,4/13/26,DAY_1_LFD,25.52,NO,D12450Ki,26011208A2i,JACKSON_LABORATORIES,2105,,,2512-43492A
2561791017,NZO/HlLtJ,3746,6B,D8,370-F,2/10/26,F,LFD,,,35.33,4/13/26,DAY_1_LFD,26.45,NO,D12450Ki,26011208A2i,JACKSON_LABORATORIES,2105,,,2512-43492A
2561791018,NZO/HlLtJ,3747,6B,E8,370-F,2/3/26,F,LFD,17.58,4.94,37.58,4/13/26,,24.49,NO,D12450Ki,26011208A2i,JACKSON_LABORATORIES,2105,,,2512-43492A
2561791019,NZO/HlLtJ,3748,6B,F8,370-F,2/3/26,F,LFD,19.48,5.15,39.35,4/13/26,,24.38,NO,D12450Ki,26011208A2i,JACKSON_LABORATORIES,2105,,,2512-43492A
2561791020,NZO/HlLtJ,3749,6B,G8,370-F,2/3/26,F,LFD,17.9,7.07,31.27,4/13/26,,25.47,NO,D12450Ki,26011208A2i,JACKSON_LABORATORIES,2105,,,2512-43492A
2561791021,NZO/HlLtJ,3750,6B,A9,370-F,2/3/26,F,LFD,19.75,8.07,39.45,4/13/26,,25.04,NO,D12450Ki,26011208A2i,JACKSON_LABORATORIES,2105,,,2512-43492A
2561791022,NZO/HlLtJ,3751,6B,B9,370-F,1/27/26,F,LFD,18.48,3.46,36.87,4/13/26,,26.7,NO,D12450Ki,26011208A2i,JACKSON_LABORATORIES,2105,,,2512-43492A
2561791023,NZO/HlLtJ,3752,6B,C9,370-F,1/27/26,F,LFD,18.08,4.88,40.24,4/13/26,,24.25,NO,D12450Ki,26011208A2i,JACKSON_LABORATORIES,2105,,,2512-43492A
2561791024,NZO/HlLtJ,3753,6B,D9,370-F,1/27/26,F,LFD,18.97,6.95,36.86,4/13/26,,26.94,NO,D12450Ki,26011208A2i,JACKSON_LABORATORIES,2105,,,2512-43492A
2561791001,NZO/HlLtJ,3730,6B,A7,370-F,1/13/26,F,LFD,26.06,20.75,39.26,4/15/26,,20.75,NO,D12450Ki,26011208A2i,JACKSON_LABORATORIES,2105,,,2512-43492A
2561791002,NZO/HlLtJ,3731,6B,B7,370-F,1/13/26,F,LFD,28.22,22.46,37.09,4/15/26,,22.46,NO,D12450Ki,26011208A2i,JACKSON_LABORATORIES,2105,,,2512-43492A
2561791003,NZO/HlLtJ,3732,6B,C7,370-F,1/13/26,F,LFD,24.81,20.42,30.24,4/15/26,,20.42,NO,D12450Ki,26011208A2i,JACKSON_LABORATORIES,2105,,,2512-43492A
2561791004,NZO/HlLtJ,3733,6B,D7,370-F,1/13/26,F,LFD,26.7,20.03,39.37,4/15/26,,20.03,NO,D12450Ki,26011208A2i,JACKSON_LABORATORIES,2105,,,2512-43492A
2561791005,NZO/HlLtJ,3734,6B,E7,370-F,1/13/26,F,LFD,,21.3,30.71,4/15/26,HEALTH_REPORT,21.3,NO,D12450Ki,26011208A2i,JACKSON_LABORATORIES,2105,,,2512-43492A
2561791006,NZO/HlLtJ,3735,6B,F7,370-F,1/20/26,F,LFD,25.08,19.21,40.46,4/15/26,,19.21,NO,D12450Ki,26011208A2i,JACKSON_LABORATORIES,2105,,,2512-43492A
2561791007,NZO/HlLtJ,3736,6B,G7,370-F,1/20/26,F,LFD,25.52,19.51,35.31,4/15/26,,19.51,NO,D12450Ki,26011208A2i,JACKSON_LABORATORIES,2105,,,2512-43492A
2561791008,NZO/HlLtJ,3737,6B,A8,370-F,1/20/26,F,LFD,25.75,19.13,40.5,4/15/26,,19.13,NO,D12450Ki,26011208A2i,JACKSON_LABORATORIES,2105,,,2512-43492A
2561791009,NZO/HlLtJ,3738,6B,B8,370-F,1/20/26,F,LFD,26.5,18.35,44.44,4/15/26,,18.35,NO,D12450Ki,26011208A2i,JACKSON_LABORATORIES,2105,,,2512-43492A
2561791010,NZO/HlLtJ,3739,6B,C8,370-F,1/20/26,F,LFD,24.43,15.84,43.04,4/15/26,,15.84,NO,D12450Ki,26011208A2i,JACKSON_LABORATORIES,2105,,,2512-43492A
2561791011,NZO/HlLtJ,3740,6B,D8,370-F,1/20/26,F,LFD,26.37,18.29,44.94,4/15/26,,18.29,NO,D12450Ki,26011208A2i,JACKSON_LABORATORIES,2105,,,2512-43492A
2561791012,NZO/HlLtJ,3741,6B,E8,370-F,1/20/26,F,LFD,27,18.79,45.78,4/15/26,,18.79,NO,D12450Ki,26011208A2i,JACKSON_LABORATORIES,2105,,,2512-43492A
2561791013,NZO/HlLtJ,3742,6B,G7,370-F,2/10/26,F,LFD,24.73,23.5,32.07,4/15/26,,23.5,NO,D12450Ki,26011208A2i,JACKSON_LABORATORIES,2105,,,2512-43492A
2561791014,NZO/HlLtJ,3743,6B,A8,370-F,2/10/26,F,LFD,25.7,19.61,33.23,4/15/26,,19.61,NO,D12450Ki,26011208A2i,JACKSON_LABORATORIES,2105,,,2512-43492A
2561791015,NZO/HlLtJ,3744,6B,B8,370-F,2/10/26,F,LFD,30.97,26.51,35.08,4/15/26,,26.51,NO,D12450Ki,26011208A2i,JACKSON_LABORATORIES,2105,,,2512-43492A
2561791016,NZO/HlLtJ,3745,6B,C8,370-F,2/10/26,F,LFD,25.52,22.03,36.54,4/15/26,,22.03,NO,D12450Ki,26011208A2i,JACKSON_LABORATORIES,2105,,,2512-43492A
2561791017,NZO/HlLtJ,3746,6B,D8,370-F,2/10/26,F,LFD,26.45,22.55,32.86,4/15/26,,22.55,NO,D12450Ki,26011208A2i,JACKSON_LABORATORIES,2105,,,2512-43492A
2561791018,NZO/HlLtJ,3747,6B,E8,370-F,2/3/26,F,LFD,24.49,18.12,36.71,4/15/26,,18.12,NO,D12450Ki,26011208A2i,JACKSON_LABORATORIES,2105,,,2512-43492A
2561791019,NZO/HlLtJ,3748,6B,F8,370-F,2/3/26,F,LFD,24.38,15.82,41.01,4/15/26,,15.82,NO,D12450Ki,26011208A2i,JACKSON_LABORATORIES,2105,,,2512-43492A
2561791020,NZO/HlLtJ,3749,6B,G8,370-F,2/3/26,F,LFD,25.47,19.07,31.32,4/15/26,,19.07,NO,D12450Ki,26011208A2i,JACKSON_LABORATORIES,2105,,,2512-43492A
2561791021,NZO/HlLtJ,3750,6B,A9,370-F,2/3/26,F,LFD,25.04,16.18,40.18,4/15/26,,16.18,NO,D12450Ki,26011208A2i,JACKSON_LABORATORIES,2105,,,2512-43492A
2561791022,NZO/HlLtJ,3751,6B,B9,370-F,1/27/26,F,LFD,26.7,20.27,36.02,4/15/26,,20.27,NO,D12450Ki,26011208A2i,JACKSON_LABORATORIES,2105,,,2512-43492A
2561791023,NZO/HlLtJ,3752,6B,C9,370-F,1/27/26,F,LFD,24.25,17.55,39.57,4/15/26,,17.55,NO,D12450Ki,26011208A2i,JACKSON_LABORATORIES,2105,,,2512-43492A
2561791024,NZO/HlLtJ,3753,6B,D9,370-F,1/27/26,F,LFD,26.94,20.28,36.69,4/15/26,,20.28,NO,D12450Ki,26011208A2i,JACKSON_LABORATORIES,2105,,,2512-43492A
2561791001,NZO/HlLtJ,3730,6B,A7,370-F,1/13/26,F,LFD,,,39.2,4/16/26,ECHOMRI,,NO,D12450Ki,26011208A2i,JACKSON_LABORATORIES,2105,,,2512-43492A
2561791002,NZO/HlLtJ,3731,6B,B7,370-F,1/13/26,F,LFD,,,38.5,4/16/26,ECHOMRI,,NO,D12450Ki,26011208A2i,JACKSON_LABORATORIES,2105,,,2512-43492A
2561791003,NZO/HlLtJ,3732,6B,C7,370-F,1/13/26,F,LFD,,,30.5,4/16/26,ECHOMRI,,NO,D12450Ki,26011208A2i,JACKSON_LABORATORIES,2105,,,2512-43492A
2561791004,NZO/HlLtJ,3733,6B,D7,370-F,1/13/26,F,LFD,,,39.6,4/16/26,ECHOMRI,,NO,D12450Ki,26011208A2i,JACKSON_LABORATORIES,2105,,,2512-43492A
2561791005,NZO/HlLtJ,3734,6B,E7,370-F,1/13/26,F,LFD,,,,4/16/26,HEALTH_CONCERN,,NO,D12450Ki,26011208A2i,JACKSON_LABORATORIES,2105,,,2512-43492A
2561791006,NZO/HlLtJ,3735,6B,F7,370-F,1/20/26,F,LFD,,,41.3,4/16/26,ECHOMRI,,NO,D12450Ki,26011208A2i,JACKSON_LABORATORIES,2105,,,2512-43492A
2561791007,NZO/HlLtJ,3736,6B,G7,370-F,1/20/26,F,LFD,,,36.5,4/16/26,ECHOMRI,,NO,D12450Ki,26011208A2i,JACKSON_LABORATORIES,2105,,,2512-43492A
2561791008,NZO/HlLtJ,3737,6B,A8,370-F,1/20/26,F,LFD,,,40.8,4/16/26,ECHOMRI,,NO,D12450Ki,26011208A2i,JACKSON_LABORATORIES,2105,,,2512-43492A
2561791009,NZO/HlLtJ,3738,6B,B8,370-F,1/20/26,F,LFD,,,45.1,4/16/26,ECHOMRI,,NO,D12450Ki,26011208A2i,JACKSON_LABORATORIES,2105,,,2512-43492A
2561791010,NZO/HlLtJ,3739,6B,C8,370-F,1/20/26,F,LFD,,,43.8,4/16/26,ECHOMRI,,NO,D12450Ki,26011208A2i,JACKSON_LABORATORIES,2105,,,2512-43492A
2561791011,NZO/HlLtJ,3740,6B,D8,370-F,1/20/26,F,LFD,,,46.7,4/16/26,ECHOMRI,,NO,D12450Ki,26011208A2i,JACKSON_LABORATORIES,2105,,,2512-43492A
2561791012,NZO/HlLtJ,3741,6B,E8,370-F,1/20/26,F,LFD,,,46.9,4/16/26,ECHOMRI,,NO,D12450Ki,26011208A2i,JACKSON_LABORATORIES,2105,,,2512-43492A
2561791013,NZO/HlLtJ,3742,6B,G7,370-F,2/10/26,F,LFD,,,,4/16/26,,,NO,D12450Ki,26011208A2i,JACKSON_LABORATORIES,2105,,,2512-43492A
2561791014,NZO/HlLtJ,3743,6B,A8,370-F,2/10/26,F,LFD,,,,4/16/26,,,NO,D12450Ki,26011208A2i,JACKSON_LABORATORIES,2105,,,2512-43492A
2561791015,NZO/HlLtJ,3744,6B,B8,370-F,2/10/26,F,LFD,,,,4/16/26,,,NO,D12450Ki,26011208A2i,JACKSON_LABORATORIES,2105,,,2512-43492A
2561791016,NZO/HlLtJ,3745,6B,C8,370-F,2/10/26,F,LFD,,,,4/16/26,,,NO,D12450Ki,26011208A2i,JACKSON_LABORATORIES,2105,,,2512-43492A
2561791017,NZO/HlLtJ,3746,6B,D8,370-F,2/10/26,F,LFD,,,,4/16/26,,,NO,D12450Ki,26011208A2i,JACKSON_LABORATORIES,2105,,,2512-43492A
2561791018,NZO/HlLtJ,3747,6B,E8,370-F,2/3/26,F,LFD,,,,4/16/26,,,NO,D12450Ki,26011208A2i,JACKSON_LABORATORIES,2105,,,2512-43492A
2561791019,NZO/HlLtJ,3748,6B,F8,370-F,2/3/26,F,LFD,,,,4/16/26,,,NO,D12450Ki,26011208A2i,JACKSON_LABORATORIES,2105,,,2512-43492A
2561791020,NZO/HlLtJ,3749,6B,G8,370-F,2/3/26,F,LFD,,,,4/16/26,,,NO,D12450Ki,26011208A2i,JACKSON_LABORATORIES,2105,,,2512-43492A
2561791021,NZO/HlLtJ,3750,6B,A9,370-F,2/3/26,F,LFD,,,,4/16/26,,,NO,D12450Ki,26011208A2i,JACKSON_LABORATORIES,2105,,,2512-43492A
2561791022,NZO/HlLtJ,3751,6B,B9,370-F,1/27/26,F,LFD,,,,4/16/26,,,NO,D12450Ki,26011208A2i,JACKSON_LABORATORIES,2105,,,2512-43492A
2561791023,NZO/HlLtJ,3752,6B,C9,370-F,1/27/26,F,LFD,,,,4/16/26,,,NO,D12450Ki,26011208A2i,JACKSON_LABORATORIES,2105,,,2512-43492A
2561791024,NZO/HlLtJ,3753,6B,D9,370-F,1/27/26,F,LFD,,,,4/16/26,,,NO,D12450Ki,26011208A2i,JACKSON_LABORATORIES,2105,,,2512-43492A
2561791001,NZO/HlLtJ,3730,6B,A7,370-F,1/13/26,F,LFD,20.75,13.9,39.56,4/17/26,INJECT_DAY_ONE,20.59,NO,D12450Ki,26011208A2i,JACKSON_LABORATORIES,2105,,,2512-43492A
2561791002,NZO/HlLtJ,3731,6B,B7,370-F,1/13/26,F,LFD,22.46,14.74,37.79,4/17/26,INJECT_DAY_ONE,17.33,NO,D12450Ki,26011208A2i,JACKSON_LABORATORIES,2105,,,2512-43492A
2561791003,NZO/HlLtJ,3732,6B,C7,370-F,1/13/26,F,LFD,20.42,14.18,30.2,4/17/26,INJECT_DAY_ONE,18,NO,D12450Ki,26011208A2i,JACKSON_LABORATORIES,2105,,,2512-43492A
2561791004,NZO/HlLtJ,3733,6B,D7,370-F,1/13/26,F,LFD,20.03,12.04,40.09,4/17/26,INJECT_DAY_ONE,18.37,NO,D12450Ki,26011208A2i,JACKSON_LABORATORIES,2105,,,2512-43492A
2561791005,NZO/HlLtJ,3734,6B,E7,370-F,1/13/26,F,LFD,21.3,16.1,30.13,4/17/26,HEALTH_CONCERN,15.61,NO,D12450Ki,26011208A2i,JACKSON_LABORATORIES,2105,,,2512-43492A
2561791006,NZO/HlLtJ,3735,6B,F7,370-F,1/20/26,F,LFD,19.21,11.15,40.56,4/17/26,INJECT_DAY_ONE,19.24,NO,D12450Ki,26011208A2i,JACKSON_LABORATORIES,2105,,,2512-43492A
2561791007,NZO/HlLtJ,3736,6B,G7,370-F,1/20/26,F,LFD,19.51,11.55,35.94,4/17/26,INJECT_DAY_ONE,19.18,NO,D12450Ki,26011208A2i,JACKSON_LABORATORIES,2105,,,2512-43492A
2561791008,NZO/HlLtJ,3737,6B,A8,370-F,1/20/26,F,LFD,19.13,9.67,41.41,4/17/26,INJECT_DAY_ONE,18.79,NO,D12450Ki,26011208A2i,JACKSON_LABORATORIES,2105,,,2512-43492A
2561791009,NZO/HlLtJ,3738,6B,B8,370-F,1/20/26,F,LFD,18.35,9.73,44.58,4/17/26,INJECT_DAY_ONE,19.11,NO,D12450Ki,26011208A2i,JACKSON_LABORATORIES,2105,,,2512-43492A
2561791010,NZO/HlLtJ,3739,6B,C8,370-F,1/20/26,F,LFD,15.84,5.6,43.57,4/17/26,INJECT_DAY_ONE,21.01,NO,D12450Ki,26011208A2i,JACKSON_LABORATORIES,2105,,,2512-43492A
2561791011,NZO/HlLtJ,3740,6B,D8,370-F,1/20/26,F,LFD,18.29,9.52,45.06,4/17/26,INJECT_DAY_ONE,18.31,NO,D12450Ki,26011208A2i,JACKSON_LABORATORIES,2105,,,2512-43492A
2561791012,NZO/HlLtJ,3741,6B,E8,370-F,1/20/26,F,LFD,18.79,9.16,46.07,4/17/26,INJECT_DAY_ONE,18.28,NO,D12450Ki,26011208A2i,JACKSON_LABORATORIES,2105,,,2512-43492A
2561791013,NZO/HlLtJ,3742,6B,G7,370-F,2/10/26,F,LFD,23.5,17.11,32.57,4/17/26,SCRUFF,16.63,NO,D12450Ki,26011208A2i,JACKSON_LABORATORIES,2105,,,2512-43492A
2561791014,NZO/HlLtJ,3743,6B,A8,370-F,2/10/26,F,LFD,19.61,10.46,34.04,4/17/26,SCRUFF,18.24,NO,D12450Ki,26011208A2i,JACKSON_LABORATORIES,2105,,,2512-43492A
2561791015,NZO/HlLtJ,3744,6B,B8,370-F,2/10/26,F,LFD,26.51,17.11,36.85,4/17/26,SCRUFF,17,NO,D12450Ki,26011208A2i,JACKSON_LABORATORIES,2105,,,2512-43492A
2561791016,NZO/HlLtJ,3745,6B,C8,370-F,2/10/26,F,LFD,22.03,12.83,37.62,4/17/26,SCRUFF,18.17,NO,D12450Ki,26011208A2i,JACKSON_LABORATORIES,2105,,,2512-43492A
2561791017,NZO/HlLtJ,3746,6B,D8,370-F,2/10/26,F,LFD,22.55,13.32,34.46,4/17/26,SCRUFF,18.95,NO,D12450Ki,26011208A2i,JACKSON_LABORATORIES,2105,,,2512-43492A
2561791018,NZO/HlLtJ,3747,6B,E8,370-F,2/3/26,F,LFD,18.12,9.18,38,4/17/26,SCRUFF,17.23,NO,D12450Ki,26011208A2i,JACKSON_LABORATORIES,2105,,,2512-43492A
2561791019,NZO/HlLtJ,3748,6B,F8,370-F,2/3/26,F,LFD,15.82,6.57,41.81,4/17/26,SCRUFF,18.26,NO,D12450Ki,26011208A2i,JACKSON_LABORATORIES,2105,,,2512-43492A
2561791020,NZO/HlLtJ,3749,6B,G8,370-F,2/3/26,F,LFD,19.07,12.33,31.01,4/17/26,SCRUFF,17.52,NO,D12450Ki,26011208A2i,JACKSON_LABORATORIES,2105,,,2512-43492A
2561791021,NZO/HlLtJ,3750,6B,A9,370-F,2/3/26,F,LFD,16.18,7.32,40.44,4/17/26,SCRUFF,17.72,NO,D12450Ki,26011208A2i,JACKSON_LABORATORIES,2105,,,2512-43492A
2561791022,NZO/HlLtJ,3751,6B,B9,370-F,1/27/26,F,LFD,20.27,11.54,36.55,4/17/26,SCRUFF,17.48,NO,D12450Ki,26011208A2i,JACKSON_LABORATORIES,2105,,,2512-43492A
2561791023,NZO/HlLtJ,3752,6B,C9,370-F,1/27/26,F,LFD,17.55,9.98,39.38,4/17/26,SCRUFF,17.39,NO,D12450Ki,26011208A2i,JACKSON_LABORATORIES,2105,,,2512-43492A
2561791024,NZO/HlLtJ,3753,6B,D9,370-F,1/27/26,F,LFD,20.28,11.27,37.48,4/17/26,SCRUFF,17.05,NO,D12450Ki,26011208A2i,JACKSON_LABORATORIES,2105,,,2512-43492A
2561791001,NZO/HlLtJ,3730,6B,A7,370-F,1/13/26,F,LFD,20.59,19.39,38.03,4/18/26,INJECT_DAY_TWO,19.39,NO,D12450Ki,26011208A2i,JACKSON_LABORATORIES,2105,,,2512-43492A
2561791002,NZO/HlLtJ,3731,6B,B7,370-F,1/13/26,F,LFD,17.33,14.67,37.66,4/18/26,INJECT_DAY_TWO,14.67,NO,D12450Ki,26011208A2i,JACKSON_LABORATORIES,2105,,,2512-43492A
2561791003,NZO/HlLtJ,3732,6B,C7,370-F,1/13/26,F,LFD,18,17.11,29.06,4/18/26,INJECT_DAY_TWO,17.11,NO,D12450Ki,26011208A2i,JACKSON_LABORATORIES,2105,,,2512-43492A
2561791004,NZO/HlLtJ,3733,6B,D7,370-F,1/13/26,F,LFD,18.37,16.5,39.08,4/18/26,INJECT_DAY_TWO,16.5,NO,D12450Ki,26011208A2i,JACKSON_LABORATORIES,2105,,,2512-43492A
2561791005,NZO/HlLtJ,3734,6B,E7,370-F,1/13/26,F,LFD,15.61,13.68,29.37,4/18/26,HEALTH_CONCERN,13.68,NO,D12450Ki,26011208A2i,JACKSON_LABORATORIES,2105,,,2512-43492A
2561791006,NZO/HlLtJ,3735,6B,F7,370-F,1/20/26,F,LFD,19.24,15.25,41.35,4/18/26,INJECT_DAY_TWO,15.25,NO,D12450Ki,26011208A2i,JACKSON_LABORATORIES,2105,,,2512-43492A
2561791007,NZO/HlLtJ,3736,6B,G7,370-F,1/20/26,F,LFD,19.18,15.76,35.77,4/18/26,INJECT_DAY_TWO,15.76,NO,D12450Ki,26011208A2i,JACKSON_LABORATORIES,2105,,,2512-43492A
2561791008,NZO/HlLtJ,3737,6B,A8,370-F,1/20/26,F,LFD,18.79,16.32,40.39,4/18/26,INJECT_DAY_TWO,16.32,NO,D12450Ki,26011208A2i,JACKSON_LABORATORIES,2105,,,2512-43492A
2561791009,NZO/HlLtJ,3738,6B,B8,370-F,1/20/26,F,LFD,19.11,17.16,43.3,4/18/26,INJECT_DAY_TWO,17.16,NO,D12450Ki,26011208A2i,JACKSON_LABORATORIES,2105,,,2512-43492A
2561791010,NZO/HlLtJ,3739,6B,C8,370-F,1/20/26,F,LFD,21.01,19.1,41.86,4/18/26,INJECT_DAY_TWO,19.1,NO,D12450Ki,26011208A2i,JACKSON_LABORATORIES,2105,,,2512-43492A
2561791011,NZO/HlLtJ,3740,6B,D8,370-F,1/20/26,F,LFD,18.31,13.94,45.71,4/18/26,INJECT_DAY_TWO,13.94,NO,D12450Ki,26011208A2i,JACKSON_LABORATORIES,2105,,,2512-43492A
2561791012,NZO/HlLtJ,3741,6B,E8,370-F,1/20/26,F,LFD,18.28,15.72,46.29,4/18/26,INJECT_DAY_TWO,15.72,NO,D12450Ki,26011208A2i,JACKSON_LABORATORIES,2105,,,2512-43492A
2561791013,NZO/HlLtJ,3742,6B,G7,370-F,2/10/26,F,LFD,,,,4/18/26,,,NO,D12450Ki,26011208A2i,JACKSON_LABORATORIES,2105,,,2512-43492A
2561791014,NZO/HlLtJ,3743,6B,A8,370-F,2/10/26,F,LFD,,,,4/18/26,,,NO,D12450Ki,26011208A2i,JACKSON_LABORATORIES,2105,,,2512-43492A
2561791015,NZO/HlLtJ,3744,6B,B8,370-F,2/10/26,F,LFD,,,,4/18/26,,,NO,D12450Ki,26011208A2i,JACKSON_LABORATORIES,2105,,,2512-43492A
2561791016,NZO/HlLtJ,3745,6B,C8,370-F,2/10/26,F,LFD,,,,4/18/26,,,NO,D12450Ki,26011208A2i,JACKSON_LABORATORIES,2105,,,2512-43492A
2561791017,NZO/HlLtJ,3746,6B,D8,370-F,2/10/26,F,LFD,,,,4/18/26,,,NO,D12450Ki,26011208A2i,JACKSON_LABORATORIES,2105,,,2512-43492A
2561791018,NZO/HlLtJ,3747,6B,E8,370-F,2/3/26,F,LFD,,,,4/18/26,,,NO,D12450Ki,26011208A2i,JACKSON_LABORATORIES,2105,,,2512-43492A
2561791019,NZO/HlLtJ,3748,6B,F8,370-F,2/3/26,F,LFD,,,,4/18/26,,,NO,D12450Ki,26011208A2i,JACKSON_LABORATORIES,2105,,,2512-43492A
2561791020,NZO/HlLtJ,3749,6B,G8,370-F,2/3/26,F,LFD,,,,4/18/26,,,NO,D12450Ki,26011208A2i,JACKSON_LABORATORIES,2105,,,2512-43492A
2561791021,NZO/HlLtJ,3750,6B,A9,370-F,2/3/26,F,LFD,,,,4/18/26,,,NO,D12450Ki,26011208A2i,JACKSON_LABORATORIES,2105,,,2512-43492A
2561791022,NZO/HlLtJ,3751,6B,B9,370-F,1/27/26,F,LFD,,,,4/18/26,,,NO,D12450Ki,26011208A2i,JACKSON_LABORATORIES,2105,,,2512-43492A
2561791023,NZO/HlLtJ,3752,6B,C9,370-F,1/27/26,F,LFD,,,,4/18/26,,,NO,D12450Ki,26011208A2i,JACKSON_LABORATORIES,2105,,,2512-43492A
2561791024,NZO/HlLtJ,3753,6B,D9,370-F,1/27/26,F,LFD,,,,4/18/26,,,NO,D12450Ki,26011208A2i,JACKSON_LABORATORIES,2105,,,2512-43492A
2561791001,NZO/HlLtJ,3730,6B,A7,370-F,1/13/26,F,LFD,19.39,17.76,37.11,4/19/26,INJECT_DAY_THREE,17.76,NO,D12450Ki,26011208A2i,JACKSON_LABORATORIES,2105,,,2512-43492A
2561791002,NZO/HlLtJ,3731,6B,B7,370-F,1/13/26,F,LFD,14.67,12.71,36.31,4/19/26,INJECT_DAY_THREE,12.71,NO,D12450Ki,26011208A2i,JACKSON_LABORATORIES,2105,,,2512-43492A
2561791003,NZO/HlLtJ,3732,6B,C7,370-F,1/13/26,F,LFD,17.11,16.23,27.69,4/19/26,INJECT_DAY_THREE,16.23,NO,D12450Ki,26011208A2i,JACKSON_LABORATORIES,2105,,,2512-43492A
2561791004,NZO/HlLtJ,3733,6B,D7,370-F,1/13/26,F,LFD,16.5,15.37,37.28,4/19/26,INJECT_DAY_THREE,15.37,NO,D12450Ki,26011208A2i,JACKSON_LABORATORIES,2105,,,2512-43492A
2561791005,NZO/HlLtJ,3734,6B,E7,370-F,1/13/26,F,LFD,,,,4/19/26,HEALTH_CONCERN,,NO,D12450Ki,26011208A2i,JACKSON_LABORATORIES,2105,,,2512-43492A
2561791006,NZO/HlLtJ,3735,6B,F7,370-F,1/20/26,F,LFD,15.25,10.88,41.26,4/19/26,INJECT_DAY_THREE,10.88,NO,D12450Ki,26011208A2i,JACKSON_LABORATORIES,2105,,,2512-43492A
2561791007,NZO/HlLtJ,3736,6B,G7,370-F,1/20/26,F,LFD,15.76,11.99,35.98,4/19/26,INJECT_DAY_THREE,11.99,NO,D12450Ki,26011208A2i,JACKSON_LABORATORIES,2105,,,2512-43492A
2561791008,NZO/HlLtJ,3737,6B,A8,370-F,1/20/26,F,LFD,16.32,13.61,39.97,4/19/26,INJECT_DAY_THREE,13.61,NO,D12450Ki,26011208A2i,JACKSON_LABORATORIES,2105,,,2512-43492A
2561791009,NZO/HlLtJ,3738,6B,B8,370-F,1/20/26,F,LFD,17.16,14.74,42.68,4/19/26,INJECT_DAY_THREE,14.74,NO,D12450Ki,26011208A2i,JACKSON_LABORATORIES,2105,,,2512-43492A
2561791010,NZO/HlLtJ,3739,6B,C8,370-F,1/20/26,F,LFD,19.1,16.93,41.37,4/19/26,INJECT_DAY_THREE,16.93,NO,D12450Ki,26011208A2i,JACKSON_LABORATORIES,2105,,,2512-43492A
2561791011,NZO/HlLtJ,3740,6B,D8,370-F,1/20/26,F,LFD,13.94,9.22,45.87,4/19/26,INJECT_DAY_THREE,9.22,NO,D12450Ki,26011208A2i,JACKSON_LABORATORIES,2105,,,2512-43492A
2561791012,NZO/HlLtJ,3741,6B,E8,370-F,1/20/26,F,LFD,15.72,11.46,46.8,4/19/26,INJECT_DAY_THREE,11.46,NO,D12450Ki,26011208A2i,JACKSON_LABORATORIES,2105,,,2512-43492A
2561791013,NZO/HlLtJ,3742,6B,G7,370-F,2/10/26,F,LFD,,,,4/19/26,SCRUFF,,NO,D12450Ki,26011208A2i,JACKSON_LABORATORIES,2105,,,2512-43492A
2561791014,NZO/HlLtJ,3743,6B,A8,370-F,2/10/26,F,LFD,,,,4/19/26,SCRUFF,,NO,D12450Ki,26011208A2i,JACKSON_LABORATORIES,2105,,,2512-43492A
2561791015,NZO/HlLtJ,3744,6B,B8,370-F,2/10/26,F,LFD,,,,4/19/26,SCRUFF,,NO,D12450Ki,26011208A2i,JACKSON_LABORATORIES,2105,,,2512-43492A
2561791016,NZO/HlLtJ,3745,6B,C8,370-F,2/10/26,F,LFD,,,,4/19/26,SCRUFF,,NO,D12450Ki,26011208A2i,JACKSON_LABORATORIES,2105,,,2512-43492A
2561791017,NZO/HlLtJ,3746,6B,D8,370-F,2/10/26,F,LFD,,,,4/19/26,SCRUFF,,NO,D12450Ki,26011208A2i,JACKSON_LABORATORIES,2105,,,2512-43492A
2561791018,NZO/HlLtJ,3747,6B,E8,370-F,2/3/26,F,LFD,,,,4/19/26,SCRUFF,,NO,D12450Ki,26011208A2i,JACKSON_LABORATORIES,2105,,,2512-43492A
2561791019,NZO/HlLtJ,3748,6B,F8,370-F,2/3/26,F,LFD,,,,4/19/26,SCRUFF,,NO,D12450Ki,26011208A2i,JACKSON_LABORATORIES,2105,,,2512-43492A
2561791020,NZO/HlLtJ,3749,6B,G8,370-F,2/3/26,F,LFD,,,,4/19/26,SCRUFF,,NO,D12450Ki,26011208A2i,JACKSON_LABORATORIES,2105,,,2512-43492A
2561791021,NZO/HlLtJ,3750,6B,A9,370-F,2/3/26,F,LFD,,,,4/19/26,SCRUFF,,NO,D12450Ki,26011208A2i,JACKSON_LABORATORIES,2105,,,2512-43492A
2561791022,NZO/HlLtJ,3751,6B,B9,370-F,1/27/26,F,LFD,,,,4/19/26,SCRUFF,,NO,D12450Ki,26011208A2i,JACKSON_LABORATORIES,2105,,,2512-43492A
2561791023,NZO/HlLtJ,3752,6B,C9,370-F,1/27/26,F,LFD,,,,4/19/26,SCRUFF,,NO,D12450Ki,26011208A2i,JACKSON_LABORATORIES,2105,,,2512-43492A
2561791024,NZO/HlLtJ,3753,6B,D9,370-F,1/27/26,F,LFD,,,,4/19/26,SCRUFF,,NO,D12450Ki,26011208A2i,JACKSON_LABORATORIES,2105,,,2512-43492A
2561791001,NZO/HlLtJ,3730,6B,A7,370-F,1/13/26,F,LFD,17.76,15.61,36.8,4/20/26,INJECT_DAY_FOUR,20.77,NO,D12450Ki,26011208A2i,JACKSON_LABORATORIES,2105,,,2512-43492A
2561791002,NZO/HlLtJ,3731,6B,B7,370-F,1/13/26,F,LFD,12.71,10.55,35.97,4/20/26,INJECT_DAY_FOUR,22.3,NO,D12450Ki,26011208A2i,JACKSON_LABORATORIES,2105,,,2512-43492A
2561791003,NZO/HlLtJ,3732,6B,C7,370-F,1/13/26,F,LFD,16.23,14.88,27.34,4/20/26,INJECT_DAY_FOUR,18.12,NO,D12450Ki,26011208A2i,JACKSON_LABORATORIES,2105,,,2512-43492A
2561791004,NZO/HlLtJ,3733,6B,D7,370-F,1/13/26,F,LFD,15.37,13.06,37.06,4/20/26,INJECT_DAY_FOUR,19.47,NO,D12450Ki,26011208A2i,JACKSON_LABORATORIES,2105,,,2512-43492A
2561791005,NZO/HlLtJ,3734,6B,E7,370-F,1/13/26,F,LFD,13.68,10.39,27.14,4/20/26,HEALTH_CONCERN,20.62,NO,D12450Ki,26011208A2i,JACKSON_LABORATORIES,2105,,,2512-43492A
2561791006,NZO/HlLtJ,3735,6B,F7,370-F,1/20/26,F,LFD,10.88,5.92,42.13,4/20/26,INJECT_DAY_FOUR,25.85,NO,D12450Ki,26011208A2i,JACKSON_LABORATORIES,2105,,,2512-43492A
2561791007,NZO/HlLtJ,3736,6B,G7,370-F,1/20/26,F,LFD,11.99,7.78,36.02,4/20/26,INJECT_DAY_FOUR,24.66,NO,D12450Ki,26011208A2i,JACKSON_LABORATORIES,2105,,,2512-43492A
2561791008,NZO/HlLtJ,3737,6B,A8,370-F,1/20/26,F,LFD,13.61,11.83,38.57,4/20/26,INJECT_DAY_FOUR,20.48,NO,D12450Ki,26011208A2i,JACKSON_LABORATORIES,2105,,,2512-43492A
2561791009,NZO/HlLtJ,3738,6B,B8,370-F,1/20/26,F,LFD,14.74,12.49,42.48,4/20/26,INJECT_DAY_FOUR,19.04,NO,D12450Ki,26011208A2i,JACKSON_LABORATORIES,2105,,,2512-43492A
2561791010,NZO/HlLtJ,3739,6B,C8,370-F,1/20/26,F,LFD,16.93,14.07,40.89,4/20/26,INJECT_DAY_FOUR,18.32,NO,D12450Ki,26011208A2i,JACKSON_LABORATORIES,2105,,,2512-43492A
2561791011,NZO/HlLtJ,3740,6B,D8,370-F,1/20/26,F,LFD,9.22,4.46,46.1,4/20/26,INJECT_DAY_FOUR,25,NO,D12450Ki,26011208A2i,JACKSON_LABORATORIES,2105,,,2512-43492A
2561791012,NZO/HlLtJ,3741,6B,E8,370-F,1/20/26,F,LFD,11.46,8.76,45.25,4/20/26,INJECT_DAY_FOUR,24.76,NO,D12450Ki,26011208A2i,JACKSON_LABORATORIES,2105,,,2512-43492A
2561791013,NZO/HlLtJ,3742,6B,G7,370-F,2/10/26,F,LFD,16.63,3.34,34.99,4/20/26,,24.12,NO,D12450Ki,26011208A2i,JACKSON_LABORATORIES,2105,,,2512-43492A
2561791014,NZO/HlLtJ,3743,6B,A8,370-F,2/10/26,F,LFD,18.24,4.77,36,4/20/26,,25.54,NO,D12450Ki,26011208A2i,JACKSON_LABORATORIES,2105,,,2512-43492A
2561791015,NZO/HlLtJ,3744,6B,B8,370-F,2/10/26,F,LFD,17,0,39.53,4/20/26,,27.46,NO,D12450Ki,26011208A2i,JACKSON_LABORATORIES,2105,,,2512-43492A
2561791016,NZO/HlLtJ,3745,6B,C8,370-F,2/10/26,F,LFD,18.17,4.37,38.91,4/20/26,,25.65,NO,D12450Ki,26011208A2i,JACKSON_LABORATORIES,2105,,,2512-43492A
2561791017,NZO/HlLtJ,3746,6B,D8,370-F,2/10/26,F,LFD,18.95,4.32,36.28,4/20/26,,25.34,NO,D12450Ki,26011208A2i,JACKSON_LABORATORIES,2105,,,2512-43492A
2561791018,NZO/HlLtJ,3747,6B,E8,370-F,2/3/26,F,LFD,17.23,6.42,38.23,4/20/26,,26.15,NO,D12450Ki,26011208A2i,JACKSON_LABORATORIES,2105,,,2512-43492A
2561791019,NZO/HlLtJ,3748,6B,F8,370-F,2/3/26,F,LFD,18.26,6.52,41.54,4/20/26,,26.68,NO,D12450Ki,26011208A2i,JACKSON_LABORATORIES,2105,,,2512-43492A
2561791020,NZO/HlLtJ,3749,6B,G8,370-F,2/3/26,F,LFD,17.52,7.34,31.6,4/20/26,,24.5,NO,D12450Ki,26011208A2i,JACKSON_LABORATORIES,2105,,,2512-43492A
2561791021,NZO/HlLtJ,3750,6B,A9,370-F,2/3/26,F,LFD,17.72,6.79,40.53,4/20/26,,25.26,NO,D12450Ki,26011208A2i,JACKSON_LABORATORIES,2105,,,2512-43492A
2561791022,NZO/HlLtJ,3751,6B,B9,370-F,1/27/26,F,LFD,17.48,5.46,37.1,4/20/26,,25.96,NO,D12450Ki,26011208A2i,JACKSON_LABORATORIES,2105,,,2512-43492A
2561791023,NZO/HlLtJ,3752,6B,C9,370-F,1/27/26,F,LFD,17.39,6.01,39.7,4/20/26,,25.76,NO,D12450Ki,26011208A2i,JACKSON_LABORATORIES,2105,,,2512-43492A
2561791024,NZO/HlLtJ,3753,6B,D9,370-F,1/27/26,F,LFD,17.05,4.65,38.49,4/20/26,,26.2,NO,D12450Ki,26011208A2i,JACKSON_LABORATORIES,2105,,,2512-43492A
2561791001,NZO/HlLtJ,3730,6B,A7,370-F,1/13/26,F,LFD,20.77,18.92,36.2,4/21/26,INJECT_DAY_FIVE,,NO,D12450Ki,26011208A2i,JACKSON_LABORATORIES,2105,,,2512-43492A
2561791002,NZO/HlLtJ,3731,6B,B7,370-F,1/13/26,F,LFD,22.3,20.62,35.51,4/21/26,INJECT_DAY_FIVE,,NO,D12450Ki,26011208A2i,JACKSON_LABORATORIES,2105,,,2512-43492A
2561791003,NZO/HlLtJ,3732,6B,C7,370-F,1/13/26,F,LFD,18.12,17.44,26.54,4/21/26,INJECT_DAY_FIVE,,NO,D12450Ki,26011208A2i,JACKSON_LABORATORIES,2105,,,2512-43492A
2561791004,NZO/HlLtJ,3733,6B,D7,370-F,1/13/26,F,LFD,19.47,17.95,36.5,4/21/26,INJECT_DAY_FIVE,,NO,D12450Ki,26011208A2i,JACKSON_LABORATORIES,2105,,,2512-43492A
2561791005,NZO/HlLtJ,3734,6B,E7,370-F,1/13/26,F,LFD,,,,4/21/26,EUTHANIZED,,NO,D12450Ki,26011208A2i,JACKSON_LABORATORIES,2105,,,2512-43492A
2561791006,NZO/HlLtJ,3735,6B,F7,370-F,1/20/26,F,LFD,25.85,22.12,42,4/21/26,INJECT_DAY_FIVE,,NO,D12450Ki,26011208A2i,JACKSON_LABORATORIES,2105,,,2512-43492A
2561791007,NZO/HlLtJ,3736,6B,G7,370-F,1/20/26,F,LFD,24.66,21.27,36.48,4/21/26,INJECT_DAY_FIVE,,NO,D12450Ki,26011208A2i,JACKSON_LABORATORIES,2105,,,2512-43492A
2561791008,NZO/HlLtJ,3737,6B,A8,370-F,1/20/26,F,LFD,20.48,18.7,38.14,4/21/26,INJECT_DAY_FIVE,,NO,D12450Ki,26011208A2i,JACKSON_LABORATORIES,2105,,,2512-43492A
2561791009,NZO/HlLtJ,3738,6B,B8,370-F,1/20/26,F,LFD,19.04,17.48,41.4,4/21/26,INJECT_DAY_FIVE,,NO,D12450Ki,26011208A2i,JACKSON_LABORATORIES,2105,,,2512-43492A
2561791010,NZO/HlLtJ,3739,6B,C8,370-F,1/20/26,F,LFD,18.32,17.75,39.45,4/21/26,INJECT_DAY_FIVE,,NO,D12450Ki,26011208A2i,JACKSON_LABORATORIES,2105,,,2512-43492A
2561791011,NZO/HlLtJ,3740,6B,D8,370-F,1/20/26,F,LFD,25,21.59,46.19,4/21/26,INJECT_DAY_FIVE,,NO,D12450Ki,26011208A2i,JACKSON_LABORATORIES,2105,,,2512-43492A
2561791012,NZO/HlLtJ,3741,6B,E8,370-F,1/20/26,F,LFD,24.76,22.61,44.91,4/21/26,INJECT_DAY_FIVE,,NO,D12450Ki,26011208A2i,JACKSON_LABORATORIES,2105,,,2512-43492A
2561791013,NZO/HlLtJ,3742,6B,G7,370-F,2/10/26,F,LFD,,,,4/21/26,,,NO,D12450Ki,26011208A2i,JACKSON_LABORATORIES,2105,,,2512-43492A
2561791014,NZO/HlLtJ,3743,6B,A8,370-F,2/10/26,F,LFD,,,,4/21/26,,,NO,D12450Ki,26011208A2i,JACKSON_LABORATORIES,2105,,,2512-43492A
2561791015,NZO/HlLtJ,3744,6B,B8,370-F,2/10/26,F,LFD,,,,4/21/26,,,NO,D12450Ki,26011208A2i,JACKSON_LABORATORIES,2105,,,2512-43492A
2561791016,NZO/HlLtJ,3745,6B,C8,370-F,2/10/26,F,LFD,,,,4/21/26,,,NO,D12450Ki,26011208A2i,JACKSON_LABORATORIES,2105,,,2512-43492A
2561791017,NZO/HlLtJ,3746,6B,D8,370-F,2/10/26,F,LFD,,,,4/21/26,,,NO,D12450Ki,26011208A2i,JACKSON_LABORATORIES,2105,,,2512-43492A
2561791018,NZO/HlLtJ,3747,6B,E8,370-F,2/3/26,F,LFD,,,,4/21/26,,,NO,D12450Ki,26011208A2i,JACKSON_LABORATORIES,2105,,,2512-43492A
2561791019,NZO/HlLtJ,3748,6B,F8,370-F,2/3/26,F,LFD,,,,4/21/26,,,NO,D12450Ki,26011208A2i,JACKSON_LABORATORIES,2105,,,2512-43492A
2561791020,NZO/HlLtJ,3749,6B,G8,370-F,2/3/26,F,LFD,,,,4/21/26,,,NO,D12450Ki,26011208A2i,JACKSON_LABORATORIES,2105,,,2512-43492A
2561791021,NZO/HlLtJ,3750,6B,A9,370-F,2/3/26,F,LFD,,,,4/21/26,,,NO,D12450Ki,26011208A2i,JACKSON_LABORATORIES,2105,,,2512-43492A
2561791022,NZO/HlLtJ,3751,6B,B9,370-F,1/27/26,F,LFD,,,,4/21/26,,,NO,D12450Ki,26011208A2i,JACKSON_LABORATORIES,2105,,,2512-43492A
2561791023,NZO/HlLtJ,3752,6B,C9,370-F,1/27/26,F,LFD,,,,4/21/26,,,NO,D12450Ki,26011208A2i,JACKSON_LABORATORIES,2105,,,2512-43492A
2561791024,NZO/HlLtJ,3753,6B,D9,370-F,1/27/26,F,LFD,,,,4/21/26,,,NO,D12450Ki,26011208A2i,JACKSON_LABORATORIES,2105,,,2512-43492A
2561791001,NZO/HlLtJ,3730,6B,A7,370-F,1/13/26,F,LFD,18.92,16.43,36.59,4/22/26,INJECT_DAY_SIX,16.43,NO,D12450Ki,26011208A2i,JACKSON_LABORATORIES,2105,,,2512-43492A
2561791002,NZO/HlLtJ,3731,6B,B7,370-F,1/13/26,F,LFD,20.62,18.9,35.48,4/22/26,INJECT_DAY_SIX,18.9,NO,D12450Ki,26011208A2i,JACKSON_LABORATORIES,2105,,,2512-43492A
2561791003,NZO/HlLtJ,3732,6B,C7,370-F,1/13/26,F,LFD,17.44,16.23,26.26,4/22/26,INJECT_DAY_SIX,16.23,NO,D12450Ki,26011208A2i,JACKSON_LABORATORIES,2105,,,2512-43492A
2561791004,NZO/HlLtJ,3733,6B,D7,370-F,1/13/26,F,LFD,17.95,16.71,35.91,4/22/26,INJECT_DAY_SIX,16.71,NO,D12450Ki,26011208A2i,JACKSON_LABORATORIES,2105,,,2512-43492A
2561791006,NZO/HlLtJ,3735,6B,F7,370-F,1/20/26,F,LFD,22.12,18.82,41.89,4/22/26,INJECT_DAY_SIX,18.82,NO,D12450Ki,26011208A2i,JACKSON_LABORATORIES,2105,,,2512-43492A
2561791007,NZO/HlLtJ,3736,6B,G7,370-F,1/20/26,F,LFD,21.27,18.18,36.17,4/22/26,INJECT_DAY_SIX,18.18,NO,D12450Ki,26011208A2i,JACKSON_LABORATORIES,2105,,,2512-43492A
2561791008,NZO/HlLtJ,3737,6B,A8,370-F,1/20/26,F,LFD,18.7,16.02,38.66,4/22/26,INJECT_DAY_SIX,16.02,NO,D12450Ki,26011208A2i,JACKSON_LABORATORIES,2105,,,2512-43492A
2561791009,NZO/HlLtJ,3738,6B,B8,370-F,1/20/26,F,LFD,17.48,15.46,41.54,4/22/26,INJECT_DAY_SIX,15.46,NO,D12450Ki,26011208A2i,JACKSON_LABORATORIES,2105,,,2512-43492A
2561791010,NZO/HlLtJ,3739,6B,C8,370-F,1/20/26,F,LFD,17.75,16.04,38.81,4/22/26,INJECT_DAY_SIX,16.04,NO,D12450Ki,26011208A2i,JACKSON_LABORATORIES,2105,,,2512-43492A
2561791011,NZO/HlLtJ,3740,6B,D8,370-F,1/20/26,F,LFD,21.59,17.61,46.33,4/22/26,INJECT_DAY_SIX,17.61,NO,D12450Ki,26011208A2i,JACKSON_LABORATORIES,2105,,,2512-43492A
2561791012,NZO/HlLtJ,3741,6B,E8,370-F,1/20/26,F,LFD,22.61,20.65,44.54,4/22/26,INJECT_DAY_SIX,20.65,NO,D12450Ki,26011208A2i,JACKSON_LABORATORIES,2105,,,2512-43492A
2561791013,NZO/HlLtJ,3742,6B,G7,370-F,2/10/26,F,LFD,24.12,16.29,35.27,4/22/26,,16.29,NO,D12450Ki,26011208A2i,JACKSON_LABORATORIES,2105,,,2512-43492A
2561791014,NZO/HlLtJ,3743,6B,A8,370-F,2/10/26,F,LFD,25.54,17.52,36.38,4/22/26,,17.52,NO,D12450Ki,26011208A2i,JACKSON_LABORATORIES,2105,,,2512-43492A
2561791015,NZO/HlLtJ,3744,6B,B8,370-F,2/10/26,F,LFD,27.46,18.48,40.27,4/22/26,,18.48,NO,D12450Ki,26011208A2i,JACKSON_LABORATORIES,2105,,,2512-43492A
2561791016,NZO/HlLtJ,3745,6B,C8,370-F,2/10/26,F,LFD,25.65,16.17,39.83,4/22/26,,16.17,NO,D12450Ki,26011208A2i,JACKSON_LABORATORIES,2105,,,2512-43492A
2561791017,NZO/HlLtJ,3746,6B,D8,370-F,2/10/26,F,LFD,25.34,15.66,37.16,4/22/26,,15.66,NO,D12450Ki,26011208A2i,JACKSON_LABORATORIES,2105,,,2512-43492A
2561791018,NZO/HlLtJ,3747,6B,E8,370-F,2/3/26,F,LFD,26.15,20.53,37.45,4/22/26,,20.53,NO,D12450Ki,26011208A2i,JACKSON_LABORATORIES,2105,,,2512-43492A
2561791019,NZO/HlLtJ,3748,6B,F8,370-F,2/3/26,F,LFD,26.68,18.32,42.73,4/22/26,,18.32,NO,D12450Ki,26011208A2i,JACKSON_LABORATORIES,2105,,,2512-43492A
2561791020,NZO/HlLtJ,3749,6B,G8,370-F,2/3/26,F,LFD,24.5,18.36,31.73,4/22/26,,18.36,NO,D12450Ki,26011208A2i,JACKSON_LABORATORIES,2105,,,2512-43492A
2561791021,NZO/HlLtJ,3750,6B,A9,370-F,2/3/26,F,LFD,25.26,17.18,41.43,4/22/26,,17.18,NO,D12450Ki,26011208A2i,JACKSON_LABORATORIES,2105,,,2512-43492A
2561791022,NZO/HlLtJ,3751,6B,B9,370-F,1/27/26,F,LFD,25.96,19.47,37.13,4/22/26,,19.47,NO,D12450Ki,26011208A2i,JACKSON_LABORATORIES,2105,,,2512-43492A
2561791023,NZO/HlLtJ,3752,6B,C9,370-F,1/27/26,F,LFD,25.76,18.98,40.14,4/22/26,,18.98,NO,D12450Ki,26011208A2i,JACKSON_LABORATORIES,2105,,,2512-43492A
2561791024,NZO/HlLtJ,3753,6B,D9,370-F,1/27/26,F,LFD,26.2,18.09,38.98,4/22/26,,18.09,NO,D12450Ki,26011208A2i,JACKSON_LABORATORIES,2105,,,2512-43492A
2561791001,NZO/HlLtJ,3730,6B,A7,370-F,1/13/26,F,LFD,16.43,13.95,36.81,4/23/26,INJECT_DAY_SEVEN,13.95,NO,D12450Ki,26011208A2i,JACKSON_LABORATORIES,2105,,,2512-43492A
2561791002,NZO/HlLtJ,3731,6B,B7,370-F,1/13/26,F,LFD,18.9,15.66,36.02,4/23/26,INJECT_DAY_SEVEN,15.66,NO,D12450Ki,26011208A2i,JACKSON_LABORATORIES,2105,,,2512-43492A
2561791003,NZO/HlLtJ,3732,6B,C7,370-F,1/13/26,F,LFD,16.23,13.96,26.5,4/23/26,INJECT_DAY_SEVEN,13.96,NO,D12450Ki,26011208A2i,JACKSON_LABORATORIES,2105,,,2512-43492A
2561791004,NZO/HlLtJ,3733,6B,D7,370-F,1/13/26,F,LFD,16.71,14.75,35.95,4/23/26,INJECT_DAY_SEVEN,14.75,NO,D12450Ki,26011208A2i,JACKSON_LABORATORIES,2105,,,2512-43492A
2561791006,NZO/HlLtJ,3735,6B,F7,370-F,1/20/26,F,LFD,18.82,14.33,42.56,4/23/26,INJECT_DAY_SEVEN,14.33,NO,D12450Ki,26011208A2i,JACKSON_LABORATORIES,2105,,,2512-43492A
2561791007,NZO/HlLtJ,3736,6B,G7,370-F,1/20/26,F,LFD,18.18,13.77,36.96,4/23/26,INJECT_DAY_SEVEN,13.77,NO,D12450Ki,26011208A2i,JACKSON_LABORATORIES,2105,,,2512-43492A
2561791008,NZO/HlLtJ,3737,6B,A8,370-F,1/20/26,F,LFD,16.02,13.92,37.67,4/23/26,INJECT_DAY_SEVEN,13.92,NO,D12450Ki,26011208A2i,JACKSON_LABORATORIES,2105,,,2512-43492A
2561791009,NZO/HlLtJ,3738,6B,B8,370-F,1/20/26,F,LFD,15.46,13.58,40.49,4/23/26,INJECT_DAY_SEVEN,13.58,NO,D12450Ki,26011208A2i,JACKSON_LABORATORIES,2105,,,2512-43492A
2561791010,NZO/HlLtJ,3739,6B,C8,370-F,1/20/26,F,LFD,16.04,13.15,39.63,4/23/26,INJECT_DAY_SEVEN,13.15,NO,D12450Ki,26011208A2i,JACKSON_LABORATORIES,2105,,,2512-43492A
2561791011,NZO/HlLtJ,3740,6B,D8,370-F,1/20/26,F,LFD,17.61,13.17,46.57,4/23/26,INJECT_DAY_SEVEN,13.17,NO,D12450Ki,26011208A2i,JACKSON_LABORATORIES,2105,,,2512-43492A
2561791012,NZO/HlLtJ,3741,6B,E8,370-F,1/20/26,F,LFD,20.65,17.12,44.63,4/23/26,INJECT_DAY_SEVEN,17.12,NO,D12450Ki,26011208A2i,JACKSON_LABORATORIES,2105,,,2512-43492A
2561791013,NZO/HlLtJ,3742,6B,G7,370-F,2/10/26,F,LFD,,,,4/23/26,,,NO,D12450Ki,26011208A2i,JACKSON_LABORATORIES,2105,,,2512-43492A
2561791014,NZO/HlLtJ,3743,6B,A8,370-F,2/10/26,F,LFD,,,,4/23/26,,,NO,D12450Ki,26011208A2i,JACKSON_LABORATORIES,2105,,,2512-43492A
2561791015,NZO/HlLtJ,3744,6B,B8,370-F,2/10/26,F,LFD,,,,4/23/26,,,NO,D12450Ki,26011208A2i,JACKSON_LABORATORIES,2105,,,2512-43492A
2561791016,NZO/HlLtJ,3745,6B,C8,370-F,2/10/26,F,LFD,,,,4/23/26,,,NO,D12450Ki,26011208A2i,JACKSON_LABORATORIES,2105,,,2512-43492A
2561791017,NZO/HlLtJ,3746,6B,D8,370-F,2/10/26,F,LFD,,,,4/23/26,,,NO,D12450Ki,26011208A2i,JACKSON_LABORATORIES,2105,,,2512-43492A
2561791018,NZO/HlLtJ,3747,6B,E8,370-F,2/3/26,F,LFD,,,,4/23/26,DAY_1_MOCK_INJECTIONS,,NO,D12450Ki,26011208A2i,JACKSON_LABORATORIES,2105,,,2512-43492A
2561791019,NZO/HlLtJ,3748,6B,F8,370-F,2/3/26,F,LFD,,,,4/23/26,DAY_1_MOCK_INJECTIONS,,NO,D12450Ki,26011208A2i,JACKSON_LABORATORIES,2105,,,2512-43492A
2561791020,NZO/HlLtJ,3749,6B,G8,370-F,2/3/26,F,LFD,,,,4/23/26,DAY_1_MOCK_INJECTIONS,,NO,D12450Ki,26011208A2i,JACKSON_LABORATORIES,2105,,,2512-43492A
2561791021,NZO/HlLtJ,3750,6B,A9,370-F,2/3/26,F,LFD,,,,4/23/26,DAY_1_MOCK_INJECTIONS,,NO,D12450Ki,26011208A2i,JACKSON_LABORATORIES,2105,,,2512-43492A
2561791022,NZO/HlLtJ,3751,6B,B9,370-F,1/27/26,F,LFD,,,,4/23/26,DAY_1_MOCK_INJECTIONS,,NO,D12450Ki,26011208A2i,JACKSON_LABORATORIES,2105,,,2512-43492A
2561791023,NZO/HlLtJ,3752,6B,C9,370-F,1/27/26,F,LFD,,,,4/23/26,DAY_1_MOCK_INJECTIONS,,NO,D12450Ki,26011208A2i,JACKSON_LABORATORIES,2105,,,2512-43492A
2561791024,NZO/HlLtJ,3753,6B,D9,370-F,1/27/26,F,LFD,,,,4/23/26,DAY_1_MOCK_INJECTIONS,,NO,D12450Ki,26011208A2i,JACKSON_LABORATORIES,2105,,,2512-43492A
2561791001,NZO/HlLtJ,3730,6B,A7,370-F,1/13/26,F,LFD,13.95,10.63,36.91,4/24/26,INJECT_DAY_EIGHT,21.35,NO,D12450Ki,26011208A2i,JACKSON_LABORATORIES,2105,,,2512-43492A
2561791002,NZO/HlLtJ,3731,6B,B7,370-F,1/13/26,F,LFD,15.66,11.39,37,4/24/26,INJECT_DAY_EIGHT,19.66,NO,D12450Ki,26011208A2i,JACKSON_LABORATORIES,2105,,,2512-43492A
2561791003,NZO/HlLtJ,3732,6B,C7,370-F,1/13/26,F,LFD,13.96,10.91,27.24,4/24/26,INJECT_DAY_EIGHT,16.24,NO,D12450Ki,26011208A2i,JACKSON_LABORATORIES,2105,,,2512-43492A
2561791004,NZO/HlLtJ,3733,6B,D7,370-F,1/13/26,F,LFD,14.75,11.72,35.94,4/24/26,INJECT_DAY_EIGHT,15.75,NO,D12450Ki,26011208A2i,JACKSON_LABORATORIES,2105,,,2512-43492A
2561791006,NZO/HlLtJ,3735,6B,F7,370-F,1/20/26,F,LFD,14.33,10.19,42.54,4/24/26,INJECT_DAY_EIGHT,14.43,NO,D12450Ki,26011208A2i,JACKSON_LABORATORIES,2105,,,2512-43492A
2561791007,NZO/HlLtJ,3736,6B,G7,370-F,1/20/26,F,LFD,13.77,10.16,36.62,4/24/26,INJECT_DAY_EIGHT,15.23,NO,D12450Ki,26011208A2i,JACKSON_LABORATORIES,2105,,,2512-43492A
2561791008,NZO/HlLtJ,3737,6B,A8,370-F,1/20/26,F,LFD,13.92,10.73,37.4,4/24/26,INJECT_DAY_EIGHT,15.26,NO,D12450Ki,26011208A2i,JACKSON_LABORATORIES,2105,,,2512-43492A
2561791009,NZO/HlLtJ,3738,6B,B8,370-F,1/20/26,F,LFD,13.58,10.41,40.7,4/24/26,INJECT_DAY_EIGHT,15.56,NO,D12450Ki,26011208A2i,JACKSON_LABORATORIES,2105,,,2512-43492A
2561791010,NZO/HlLtJ,3739,6B,C8,370-F,1/20/26,F,LFD,13.15,8.93,40.02,4/24/26,INJECT_DAY_EIGHT,15.16,NO,D12450Ki,26011208A2i,JACKSON_LABORATORIES,2105,,,2512-43492A
2561791011,NZO/HlLtJ,3740,6B,D8,370-F,1/20/26,F,LFD,13.17,9.35,46.65,4/24/26,INJECT_DAY_EIGHT,18.83,NO,D12450Ki,26011208A2i,JACKSON_LABORATORIES,2105,,,2512-43492A
2561791012,NZO/HlLtJ,3741,6B,E8,370-F,1/20/26,F,LFD,17.12,14.34,44,4/24/26,INJECT_DAY_EIGHT,18.5,NO,D12450Ki,26011208A2i,JACKSON_LABORATORIES,2105,,,2512-43492A
2561791013,NZO/HlLtJ,3742,6B,G7,370-F,2/10/26,F,LFD,16.29,6.04,36.76,4/24/26,,20.25,NO,D12450Ki,26011208A2i,JACKSON_LABORATORIES,2105,,,2512-43492A
2561791014,NZO/HlLtJ,3743,6B,A8,370-F,2/10/26,F,LFD,17.52,7.87,37.7,4/24/26,,18.78,NO,D12450Ki,26011208A2i,JACKSON_LABORATORIES,2105,,,2512-43492A
2561791015,NZO/HlLtJ,3744,6B,B8,370-F,2/10/26,F,LFD,18.48,7.22,42.13,4/24/26,,20.87,NO,D12450Ki,26011208A2i,JACKSON_LABORATORIES,2105,,,2512-43492A
2561791016,NZO/HlLtJ,3745,6B,C8,370-F,2/10/26,F,LFD,16.17,6.75,40.74,4/24/26,,17.44,NO,D12450Ki,26011208A2i,JACKSON_LABORATORIES,2105,,,2512-43492A
2561791017,NZO/HlLtJ,3746,6B,D8,370-F,2/10/26,F,LFD,15.66,4.32,39.24,4/24/26,,20.94,NO,D12450Ki,26011208A2i,JACKSON_LABORATORIES,2105,,,2512-43492A
2561791018,NZO/HlLtJ,3747,6B,E8,370-F,2/3/26,F,LFD,20.53,12.2,37.87,4/24/26,DAY_2_MOCK_INJECTIONS,18.29,NO,D12450Ki,26011208A2i,JACKSON_LABORATORIES,2105,,,2512-43492A
2561791019,NZO/HlLtJ,3748,6B,F8,370-F,2/3/26,F,LFD,18.32,8.77,43.16,4/24/26,DAY_2_MOCK_INJECTIONS,17.34,NO,D12450Ki,26011208A2i,JACKSON_LABORATORIES,2105,,,2512-43492A
2561791020,NZO/HlLtJ,3749,6B,G8,370-F,2/3/26,F,LFD,18.36,8.8,32.87,4/24/26,DAY_2_MOCK_INJECTIONS,21.57,NO,D12450Ki,26011208A2i,JACKSON_LABORATORIES,2105,,,2512-43492A
2561791021,NZO/HlLtJ,3750,6B,A9,370-F,2/3/26,F,LFD,17.18,8.79,41.91,4/24/26,DAY_2_MOCK_INJECTIONS,20.36,NO,D12450Ki,26011208A2i,JACKSON_LABORATORIES,2105,,,2512-43492A
2561791022,NZO/HlLtJ,3751,6B,B9,370-F,1/27/26,F,LFD,19.47,9.81,38.39,4/24/26,DAY_2_MOCK_INJECTIONS,19.86,NO,D12450Ki,26011208A2i,JACKSON_LABORATORIES,2105,,,2512-43492A
2561791023,NZO/HlLtJ,3752,6B,C9,370-F,1/27/26,F,LFD,18.98,10.29,40.27,4/24/26,DAY_2_MOCK_INJECTIONS,20.67,NO,D12450Ki,26011208A2i,JACKSON_LABORATORIES,2105,,,2512-43492A
2561791024,NZO/HlLtJ,3753,6B,D9,370-F,1/27/26,F,LFD,18.09,9.65,39.51,4/24/26,DAY_2_MOCK_INJECTIONS,17.85,NO,D12450Ki,26011208A2i,JACKSON_LABORATORIES,2105,,,2512-43492A
2561791001,NZO/HlLtJ,3730,6B,A7,370-F,1/13/26,F,LFD,21.35,19.83,35.57,4/25/26,INJECT_DAY_NINE,19.83,NO,D12450Ki,26011208A2i,JACKSON_LABORATORIES,2105,,,2512-43492A
2561791002,NZO/HlLtJ,3731,6B,B7,370-F,1/13/26,F,LFD,19.66,18.51,35.7,4/25/26,INJECT_DAY_NINE,18.51,NO,D12450Ki,26011208A2i,JACKSON_LABORATORIES,2105,,,2512-43492A
2561791003,NZO/HlLtJ,3732,6B,C7,370-F,1/13/26,F,LFD,16.24,14.74,26.71,4/25/26,INJECT_DAY_NINE,14.74,NO,D12450Ki,26011208A2i,JACKSON_LABORATORIES,2105,,,2512-43492A
2561791004,NZO/HlLtJ,3733,6B,D7,370-F,1/13/26,F,LFD,15.75,14.04,35.09,4/25/26,INJECT_DAY_NINE,14.04,NO,D12450Ki,26011208A2i,JACKSON_LABORATORIES,2105,,,2512-43492A
2561791006,NZO/HlLtJ,3735,6B,F7,370-F,1/20/26,F,LFD,14.43,10.37,43.12,4/25/26,INJECT_DAY_NINE,10.37,NO,D12450Ki,26011208A2i,JACKSON_LABORATORIES,2105,,,2512-43492A
2561791007,NZO/HlLtJ,3736,6B,G7,370-F,1/20/26,F,LFD,15.23,13.33,36.19,4/25/26,INJECT_DAY_NINE,13.33,NO,D12450Ki,26011208A2i,JACKSON_LABORATORIES,2105,,,2512-43492A
2561791008,NZO/HlLtJ,3737,6B,A8,370-F,1/20/26,F,LFD,15.26,13.23,37.51,4/25/26,INJECT_DAY_NINE,13.23,NO,D12450Ki,26011208A2i,JACKSON_LABORATORIES,2105,,,2512-43492A
2561791009,NZO/HlLtJ,3738,6B,B8,370-F,1/20/26,F,LFD,15.56,13.58,40.64,4/25/26,INJECT_DAY_NINE,13.58,NO,D12450Ki,26011208A2i,JACKSON_LABORATORIES,2105,,,2512-43492A
2561791010,NZO/HlLtJ,3739,6B,C8,370-F,1/20/26,F,LFD,15.16,12.22,39.35,4/25/26,INJECT_DAY_NINE,12.22,NO,D12450Ki,26011208A2i,JACKSON_LABORATORIES,2105,,,2512-43492A
2561791011,NZO/HlLtJ,3740,6B,D8,370-F,1/20/26,F,LFD,18.83,15.73,46.71,4/25/26,INJECT_DAY_NINE,15.73,NO,D12450Ki,26011208A2i,JACKSON_LABORATORIES,2105,,,2512-43492A
2561791012,NZO/HlLtJ,3741,6B,E8,370-F,1/20/26,F,LFD,18.5,16.16,43.97,4/25/26,INJECT_DAY_NINE,16.16,NO,D12450Ki,26011208A2i,JACKSON_LABORATORIES,2105,,,2512-43492A
2561791013,NZO/HlLtJ,3742,6B,G7,370-F,2/10/26,F,LFD,,,,4/25/26,,,NO,D12450Ki,26011208A2i,JACKSON_LABORATORIES,2105,,,2512-43492A
2561791014,NZO/HlLtJ,3743,6B,A8,370-F,2/10/26,F,LFD,,,,4/25/26,,,NO,D12450Ki,26011208A2i,JACKSON_LABORATORIES,2105,,,2512-43492A
2561791015,NZO/HlLtJ,3744,6B,B8,370-F,2/10/26,F,LFD,,,,4/25/26,,,NO,D12450Ki,26011208A2i,JACKSON_LABORATORIES,2105,,,2512-43492A
2561791016,NZO/HlLtJ,3745,6B,C8,370-F,2/10/26,F,LFD,,,,4/25/26,,,NO,D12450Ki,26011208A2i,JACKSON_LABORATORIES,2105,,,2512-43492A
2561791017,NZO/HlLtJ,3746,6B,D8,370-F,2/10/26,F,LFD,,,,4/25/26,,,NO,D12450Ki,26011208A2i,JACKSON_LABORATORIES,2105,,,2512-43492A
2561791018,NZO/HlLtJ,3747,6B,E8,370-F,2/3/26,F,LFD,18.29,16.03,37.28,4/25/26,DAY_3_MOCK_INJECTIONS,16.03,NO,D12450Ki,26011208A2i,JACKSON_LABORATORIES,2105,,,2512-43492A
2561791019,NZO/HlLtJ,3748,6B,F8,370-F,2/3/26,F,LFD,17.34,13.51,42.9,4/25/26,DAY_3_MOCK_INJECTIONS,13.51,NO,D12450Ki,26011208A2i,JACKSON_LABORATORIES,2105,,,2512-43492A
2561791020,NZO/HlLtJ,3749,6B,G8,370-F,2/3/26,F,LFD,21.57,19.55,32.34,4/25/26,DAY_3_MOCK_INJECTIONS,19.55,NO,D12450Ki,26011208A2i,JACKSON_LABORATORIES,2105,,,2512-43492A
2561791021,NZO/HlLtJ,3750,6B,A9,370-F,2/3/26,F,LFD,20.36,16.68,42.19,4/25/26,DAY_3_MOCK_INJECTIONS,16.68,NO,D12450Ki,26011208A2i,JACKSON_LABORATORIES,2105,,,2512-43492A
2561791022,NZO/HlLtJ,3751,6B,B9,370-F,1/27/26,F,LFD,19.86,16.38,38.9,4/25/26,DAY_3_MOCK_INJECTIONS,16.38,NO,D12450Ki,26011208A2i,JACKSON_LABORATORIES,2105,,,2512-43492A
2561791023,NZO/HlLtJ,3752,6B,C9,370-F,1/27/26,F,LFD,20.67,18,39.88,4/25/26,DAY_3_MOCK_INJECTIONS,18,NO,D12450Ki,26011208A2i,JACKSON_LABORATORIES,2105,,,2512-43492A
2561791024,NZO/HlLtJ,3753,6B,D9,370-F,1/27/26,F,LFD,17.85,14.8,39.86,4/25/26,DAY_3_MOCK_INJECTIONS,14.8,NO,D12450Ki,26011208A2i,JACKSON_LABORATORIES,2105,,,2512-43492A
2561791001,NZO/HlLtJ,3730,6B,A7,370-F,1/13/26,F,LFD,19.83,16.76,36.61,4/26/26,INJECT_DAY_TEN,16.76,NO,D12450Ki,26011208A2i,JACKSON_LABORATORIES,2105,,,2512-43492A
2561791002,NZO/HlLtJ,3731,6B,B7,370-F,1/13/26,F,LFD,18.51,15.11,35.86,4/26/26,INJECT_DAY_TEN,15.11,NO,D12450Ki,26011208A2i,JACKSON_LABORATORIES,2105,,,2512-43492A
2561791003,NZO/HlLtJ,3732,6B,C7,370-F,1/13/26,F,LFD,14.74,11.73,27.05,4/26/26,INJECT_DAY_TEN,11.73,NO,D12450Ki,26011208A2i,JACKSON_LABORATORIES,2105,,,2512-43492A
2561791004,NZO/HlLtJ,3733,6B,D7,370-F,1/13/26,F,LFD,14.04,11.35,35.5,4/26/26,INJECT_DAY_TEN,11.35,NO,D12450Ki,26011208A2i,JACKSON_LABORATORIES,2105,,,2512-43492A
2561791006,NZO/HlLtJ,3735,6B,F7,370-F,1/20/26,F,LFD,10.37,6.56,43.27,4/26/26,INJECT_DAY_TEN,6.56,NO,D12450Ki,26011208A2i,JACKSON_LABORATORIES,2105,,,2512-43492A
2561791007,NZO/HlLtJ,3736,6B,G7,370-F,1/20/26,F,LFD,13.33,10.53,35.92,4/26/26,INJECT_DAY_TEN,10.53,NO,D12450Ki,26011208A2i,JACKSON_LABORATORIES,2105,,,2512-43492A
2561791008,NZO/HlLtJ,3737,6B,A8,370-F,1/20/26,F,LFD,13.23,11.23,37.05,4/26/26,INJECT_DAY_TEN,11.23,NO,D12450Ki,26011208A2i,JACKSON_LABORATORIES,2105,,,2512-43492A
2561791009,NZO/HlLtJ,3738,6B,B8,370-F,1/20/26,F,LFD,13.58,10.44,40.24,4/26/26,INJECT_DAY_TEN,10.44,NO,D12450Ki,26011208A2i,JACKSON_LABORATORIES,2105,,,2512-43492A
2561791010,NZO/HlLtJ,3739,6B,C8,370-F,1/20/26,F,LFD,12.22,8.3,40.03,4/26/26,INJECT_DAY_TEN,8.3,NO,D12450Ki,26011208A2i,JACKSON_LABORATORIES,2105,,,2512-43492A
2561791011,NZO/HlLtJ,3740,6B,D8,370-F,1/20/26,F,LFD,15.73,11.15,47.05,4/26/26,INJECT_DAY_TEN,11.15,NO,D12450Ki,26011208A2i,JACKSON_LABORATORIES,2105,,,2512-43492A
2561791012,NZO/HlLtJ,3741,6B,E8,370-F,1/20/26,F,LFD,16.16,13.07,44.09,4/26/26,INJECT_DAY_TEN,13.07,NO,D12450Ki,26011208A2i,JACKSON_LABORATORIES,2105,,,2512-43492A
2561791013,NZO/HlLtJ,3742,6B,G7,370-F,2/10/26,F,LFD,,,,4/26/26,,,NO,D12450Ki,26011208A2i,JACKSON_LABORATORIES,2105,,,2512-43492A
2561791014,NZO/HlLtJ,3743,6B,A8,370-F,2/10/26,F,LFD,,,,4/26/26,,,NO,D12450Ki,26011208A2i,JACKSON_LABORATORIES,2105,,,2512-43492A
2561791015,NZO/HlLtJ,3744,6B,B8,370-F,2/10/26,F,LFD,,,,4/26/26,,,NO,D12450Ki,26011208A2i,JACKSON_LABORATORIES,2105,,,2512-43492A
2561791016,NZO/HlLtJ,3745,6B,C8,370-F,2/10/26,F,LFD,,,,4/26/26,,,NO,D12450Ki,26011208A2i,JACKSON_LABORATORIES,2105,,,2512-43492A
2561791017,NZO/HlLtJ,3746,6B,D8,370-F,2/10/26,F,LFD,,,,4/26/26,,,NO,D12450Ki,26011208A2i,JACKSON_LABORATORIES,2105,,,2512-43492A
2561791018,NZO/HlLtJ,3747,6B,E8,370-F,2/3/26,F,LFD,,,,4/26/26,,,NO,D12450Ki,26011208A2i,JACKSON_LABORATORIES,2105,,,2512-43492A
2561791019,NZO/HlLtJ,3748,6B,F8,370-F,2/3/26,F,LFD,,,,4/26/26,,,NO,D12450Ki,26011208A2i,JACKSON_LABORATORIES,2105,,,2512-43492A
2561791020,NZO/HlLtJ,3749,6B,G8,370-F,2/3/26,F,LFD,,,,4/26/26,,,NO,D12450Ki,26011208A2i,JACKSON_LABORATORIES,2105,,,2512-43492A
2561791021,NZO/HlLtJ,3750,6B,A9,370-F,2/3/26,F,LFD,,,,4/26/26,,,NO,D12450Ki,26011208A2i,JACKSON_LABORATORIES,2105,,,2512-43492A
2561791022,NZO/HlLtJ,3751,6B,B9,370-F,1/27/26,F,LFD,,,,4/26/26,,,NO,D12450Ki,26011208A2i,JACKSON_LABORATORIES,2105,,,2512-43492A
2561791023,NZO/HlLtJ,3752,6B,C9,370-F,1/27/26,F,LFD,,,,4/26/26,,,NO,D12450Ki,26011208A2i,JACKSON_LABORATORIES,2105,,,2512-43492A
2561791024,NZO/HlLtJ,3753,6B,D9,370-F,1/27/26,F,LFD,,,,4/26/26,,,NO,D12450Ki,26011208A2i,JACKSON_LABORATORIES,2105,,,2512-43492A
2561791001,NZO/HlLtJ,3730,6B,A7,370-F,1/13/26,F,LFD,16.76,13.25,36.74,4/27/26,INJECT_DAY_ELEVEN,17.91,NO,D12450Ki,26011208A2i,JACKSON_LABORATORIES,2105,,,2512-43492A
2561791002,NZO/HlLtJ,3731,6B,B7,370-F,1/13/26,F,LFD,15.11,13.25,35.17,4/27/26,INJECT_DAY_ELEVEN,16.01,NO,D12450Ki,26011208A2i,JACKSON_LABORATORIES,2105,,,2512-43492A
2561791003,NZO/HlLtJ,3732,6B,C7,370-F,1/13/26,F,LFD,11.73,9.48,26.58,4/27/26,INJECT_DAY_ELEVEN,18.99,NO,D12450Ki,26011208A2i,JACKSON_LABORATORIES,2105,,,2512-43492A
2561791004,NZO/HlLtJ,3733,6B,D7,370-F,1/13/26,F,LFD,11.35,7.7,36.11,4/27/26,INJECT_DAY_ELEVEN,19.48,NO,D12450Ki,26011208A2i,JACKSON_LABORATORIES,2105,,,2512-43492A
2561791006,NZO/HlLtJ,3735,6B,F7,370-F,1/20/26,F,LFD,6.56,1.98,43.93,4/27/26,INJECT_DAY_ELEVEN,24.86,NO,D12450Ki,26011208A2i,JACKSON_LABORATORIES,2105,,,2512-43492A
2561791007,NZO/HlLtJ,3736,6B,G7,370-F,1/20/26,F,LFD,10.53,7.84,35.07,4/27/26,INJECT_DAY_ELEVEN,19.48,NO,D12450Ki,26011208A2i,JACKSON_LABORATORIES,2105,,,2512-43492A
2561791008,NZO/HlLtJ,3737,6B,A8,370-F,1/20/26,F,LFD,11.23,8.27,36.99,4/27/26,INJECT_DAY_ELEVEN,19.77,NO,D12450Ki,26011208A2i,JACKSON_LABORATORIES,2105,,,2512-43492A
2561791009,NZO/HlLtJ,3738,6B,B8,370-F,1/20/26,F,LFD,10.44,7.35,40.25,4/27/26,INJECT_DAY_ELEVEN,20.56,NO,D12450Ki,26011208A2i,JACKSON_LABORATORIES,2105,,,2512-43492A
2561791010,NZO/HlLtJ,3739,6B,C8,370-F,1/20/26,F,LFD,8.3,4.61,40.04,4/27/26,INJECT_DAY_ELEVEN,20.45,NO,D12450Ki,26011208A2i,JACKSON_LABORATORIES,2105,,,2512-43492A
2561791011,NZO/HlLtJ,3740,6B,D8,370-F,1/20/26,F,LFD,11.15,7.41,47.09,4/27/26,INJECT_DAY_ELEVEN,19.03,NO,D12450Ki,26011208A2i,JACKSON_LABORATORIES,2105,,,2512-43492A
2561791012,NZO/HlLtJ,3741,6B,E8,370-F,1/20/26,F,LFD,13.07,10.91,43.18,4/27/26,INJECT_DAY_ELEVEN,21.24,NO,D12450Ki,26011208A2i,JACKSON_LABORATORIES,2105,,,2512-43492A
2561791013,NZO/HlLtJ,3742,6B,G7,370-F,2/10/26,F,LFD,20.25,8.64,37.34,4/27/26,,18.42,NO,D12450Ki,26011208A2i,JACKSON_LABORATORIES,2105,,,2512-43492A
2561791014,NZO/HlLtJ,3743,6B,A8,370-F,2/10/26,F,LFD,18.78,9.62,36.38,4/27/26,,18.57,NO,D12450Ki,26011208A2i,JACKSON_LABORATORIES,2105,,,2512-43492A
2561791015,NZO/HlLtJ,3744,6B,B8,370-F,2/10/26,F,LFD,20.87,8.46,42.62,4/27/26,,19.06,NO,D12450Ki,26011208A2i,JACKSON_LABORATORIES,2105,,,2512-43492A
2561791016,NZO/HlLtJ,3745,6B,C8,370-F,2/10/26,F,LFD,17.44,6.15,41.32,4/27/26,,19.53,NO,D12450Ki,26011208A2i,JACKSON_LABORATORIES,2105,,,2512-43492A
2561791017,NZO/HlLtJ,3746,6B,D8,370-F,2/10/26,F,LFD,20.94,8.26,40.07,4/27/26,,20.47,NO,D12450Ki,26011208A2i,JACKSON_LABORATORIES,2105,,,2512-43492A
2561791018,NZO/HlLtJ,3747,6B,E8,370-F,2/3/26,F,LFD,16.03,9.98,36.69,4/27/26,,18.45,NO,D12450Ki,26011208A2i,JACKSON_LABORATORIES,2105,,,2512-43492A
2561791019,NZO/HlLtJ,3748,6B,F8,370-F,2/3/26,F,LFD,13.51,5.72,43.47,4/27/26,,20.51,NO,D12450Ki,26011208A2i,JACKSON_LABORATORIES,2105,,,2512-43492A
2561791020,NZO/HlLtJ,3749,6B,G8,370-F,2/3/26,F,LFD,19.55,13.54,32.27,4/27/26,,15.2,NO,D12450Ki,26011208A2i,JACKSON_LABORATORIES,2105,,,2512-43492A
2561791021,NZO/HlLtJ,3750,6B,A9,370-F,2/3/26,F,LFD,16.68,7.51,43.67,4/27/26,,18.12,NO,D12450Ki,26011208A2i,JACKSON_LABORATORIES,2105,,,2512-43492A
2561791022,NZO/HlLtJ,3751,6B,B9,370-F,1/27/26,F,LFD,16.38,9.36,39.07,4/27/26,,16.03,NO,D12450Ki,26011208A2i,JACKSON_LABORATORIES,2105,,,2512-43492A
2561791023,NZO/HlLtJ,3752,6B,C9,370-F,1/27/26,F,LFD,18,11.53,40.14,4/27/26,,19.58,NO,D12450Ki,26011208A2i,JACKSON_LABORATORIES,2105,,,2512-43492A
2561791024,NZO/HlLtJ,3753,6B,D9,370-F,1/27/26,F,LFD,14.8,6.32,40.3,4/27/26,,16.18,NO,D12450Ki,26011208A2i,JACKSON_LABORATORIES,2105,,,2512-43492A
2561791001,NZO/HlLtJ,3730,6B,A7,370-F,1/13/26,F,LFD,17.91,14.4,37.02,4/28/26,INJECT_DAY_TWELVE,14.4,NO,D12450Ki,26011208A2i,JACKSON_LABORATORIES,2105,,,2512-43492A
2561791002,NZO/HlLtJ,3731,6B,B7,370-F,1/13/26,F,LFD,16.01,14.34,34.57,4/28/26,INJECT_DAY_TWELVE,14.34,NO,D12450Ki,26011208A2i,JACKSON_LABORATORIES,2105,,,2512-43492A
2561791003,NZO/HlLtJ,3732,6B,C7,370-F,1/13/26,F,LFD,18.99,16.9,26.8,4/28/26,INJECT_DAY_TWELVE,16.9,NO,D12450Ki,26011208A2i,JACKSON_LABORATORIES,2105,,,2512-43492A
2561791004,NZO/HlLtJ,3733,6B,D7,370-F,1/13/26,F,LFD,19.48,17.87,35.34,4/28/26,INJECT_DAY_TWELVE,17.87,NO,D12450Ki,26011208A2i,JACKSON_LABORATORIES,2105,,,2512-43492A
2561791006,NZO/HlLtJ,3735,6B,F7,370-F,1/20/26,F,LFD,24.86,21.73,43.76,4/28/26,INJECT_DAY_TWELVE,21.73,NO,D12450Ki,26011208A2i,JACKSON_LABORATORIES,2105,,,2512-43492A
2561791007,NZO/HlLtJ,3736,6B,G7,370-F,1/20/26,F,LFD,19.48,17.11,35.1,4/28/26,INJECT_DAY_TWELVE,17.11,NO,D12450Ki,26011208A2i,JACKSON_LABORATORIES,2105,,,2512-43492A
2561791008,NZO/HlLtJ,3737,6B,A8,370-F,1/20/26,F,LFD,19.77,17.03,37.21,4/28/26,INJECT_DAY_TWELVE,17.03,NO,D12450Ki,26011208A2i,JACKSON_LABORATORIES,2105,,,2512-43492A
2561791009,NZO/HlLtJ,3738,6B,B8,370-F,1/20/26,F,LFD,20.56,17.4,40.64,4/28/26,INJECT_DAY_TWELVE,17.4,NO,D12450Ki,26011208A2i,JACKSON_LABORATORIES,2105,,,2512-43492A
2561791010,NZO/HlLtJ,3739,6B,C8,370-F,1/20/26,F,LFD,20.45,17.74,39.34,4/28/26,INJECT_DAY_TWELVE,17.74,NO,D12450Ki,26011208A2i,JACKSON_LABORATORIES,2105,,,2512-43492A
2561791011,NZO/HlLtJ,3740,6B,D8,370-F,1/20/26,F,LFD,19.03,15.1,47.42,4/28/26,INJECT_DAY_TWELVE,15.1,NO,D12450Ki,26011208A2i,JACKSON_LABORATORIES,2105,,,2512-43492A
2561791012,NZO/HlLtJ,3741,6B,E8,370-F,1/20/26,F,LFD,21.24,18.7,42.77,4/28/26,INJECT_DAY_TWELVE,18.7,NO,D12450Ki,26011208A2i,JACKSON_LABORATORIES,2105,,,
2561791013,NZO/HlLtJ,3742,6B,G7,370-F,2/10/26,F,LFD,,,,4/28/26,,,NO,D12450Ki,26011208A2i,JACKSON_LABORATORIES,2105,,,2512-43492A
2561791014,NZO/HlLtJ,3743,6B,A8,370-F,2/10/26,F,LFD,,,,4/28/26,,,NO,D12450Ki,26011208A2i,JACKSON_LABORATORIES,2105,,,2512-43492A
2561791015,NZO/HlLtJ,3744,6B,B8,370-F,2/10/26,F,LFD,,,,4/28/26,,,NO,D12450Ki,26011208A2i,JACKSON_LABORATORIES,2105,,,2512-43492A
2561791016,NZO/HlLtJ,3745,6B,C8,370-F,2/10/26,F,LFD,,,,4/28/26,,,NO,D12450Ki,26011208A2i,JACKSON_LABORATORIES,2105,,,2512-43492A
2561791017,NZO/HlLtJ,3746,6B,D8,370-F,2/10/26,F,LFD,,,,4/28/26,,,NO,D12450Ki,26011208A2i,JACKSON_LABORATORIES,2105,,,2512-43492A
2561791018,NZO/HlLtJ,3747,6B,E8,370-F,2/3/26,F,LFD,,,,4/28/26,,,NO,D12450Ki,26011208A2i,JACKSON_LABORATORIES,2105,,,2512-43492A
2561791019,NZO/HlLtJ,3748,6B,F8,370-F,2/3/26,F,LFD,,,,4/28/26,,,NO,D12450Ki,26011208A2i,JACKSON_LABORATORIES,2105,,,2512-43492A
2561791020,NZO/HlLtJ,3749,6B,G8,370-F,2/3/26,F,LFD,,,,4/28/26,,,NO,D12450Ki,26011208A2i,JACKSON_LABORATORIES,2105,,,2512-43492A
2561791021,NZO/HlLtJ,3750,6B,A9,370-F,2/3/26,F,LFD,,,,4/28/26,,,NO,D12450Ki,26011208A2i,JACKSON_LABORATORIES,2105,,,2512-43492A
2561791022,NZO/HlLtJ,3751,6B,B9,370-F,1/27/26,F,LFD,,,,4/28/26,,,NO,D12450Ki,26011208A2i,JACKSON_LABORATORIES,2105,,,2512-43492A
2561791023,NZO/HlLtJ,3752,6B,C9,370-F,1/27/26,F,LFD,,,,4/28/26,,,NO,D12450Ki,26011208A2i,JACKSON_LABORATORIES,2105,,,2512-43492A
2561791024,NZO/HlLtJ,3753,6B,D9,370-F,1/27/26,F,LFD,,,,4/28/26,,,NO,D12450Ki,26011208A2i,JACKSON_LABORATORIES,2105,,,2512-43492A
2561791001,NZO/HlLtJ,3730,6B,A7,370-F,1/13/26,F,LFD,14.4,10.63,37.22,4/29/26,INJECT_DAY_THIRTEEN,10.63,NO,D12450Ki,26011208A2i,JACKSON_LABORATORIES,2105,,,2512-43492A
2561791002,NZO/HlLtJ,3731,6B,B7,370-F,1/13/26,F,LFD,14.34,11.66,34.55,4/29/26,INJECT_DAY_THIRTEEN,11.66,NO,D12450Ki,26011208A2i,JACKSON_LABORATORIES,2105,,,2512-43492A
2561791003,NZO/HlLtJ,3732,6B,C7,370-F,1/13/26,F,LFD,16.9,13.98,26.7,4/29/26,INJECT_DAY_THIRTEEN,13.98,NO,D12450Ki,26011208A2i,JACKSON_LABORATORIES,2105,,,2512-43492A
2561791004,NZO/HlLtJ,3733,6B,D7,370-F,1/13/26,F,LFD,17.87,14.57,35.75,4/29/26,INJECT_DAY_THIRTEEN,14.57,NO,D12450Ki,26011208A2i,JACKSON_LABORATORIES,2105,,,2512-43492A
2561791006,NZO/HlLtJ,3735,6B,F7,370-F,1/20/26,F,LFD,21.73,17.92,44.07,4/29/26,INJECT_DAY_THIRTEEN,17.92,NO,D12450Ki,26011208A2i,JACKSON_LABORATORIES,2105,,,2512-43492A
2561791007,NZO/HlLtJ,3736,6B,G7,370-F,1/20/26,F,LFD,17.11,13.22,35.27,4/29/26,INJECT_DAY_THIRTEEN,13.22,NO,D12450Ki,26011208A2i,JACKSON_LABORATORIES,2105,,,2512-43492A
2561791008,NZO/HlLtJ,3737,6B,A8,370-F,1/20/26,F,LFD,17.03,13.15,38.01,4/29/26,INJECT_DAY_THIRTEEN,13.15,NO,D12450Ki,26011208A2i,JACKSON_LABORATORIES,2105,,,2512-43492A
2561791009,NZO/HlLtJ,3738,6B,B8,370-F,1/20/26,F,LFD,17.4,13.69,40.78,4/29/26,INJECT_DAY_THIRTEEN,13.69,NO,D12450Ki,26011208A2i,JACKSON_LABORATORIES,2105,,,2512-43492A
2561791010,NZO/HlLtJ,3739,6B,C8,370-F,1/20/26,F,LFD,17.74,13.75,40.16,4/29/26,INJECT_DAY_THIRTEEN,13.75,NO,D12450Ki,26011208A2i,JACKSON_LABORATORIES,2105,,,2512-43492A
2561791011,NZO/HlLtJ,3740,6B,D8,370-F,1/20/26,F,LFD,15.1,10.55,47.97,4/29/26,INJECT_DAY_THIRTEEN,10.55,NO,D12450Ki,26011208A2i,JACKSON_LABORATORIES,2105,,,2512-43492A
2561791012,NZO/HlLtJ,3741,6B,E8,370-F,1/20/26,F,LFD,18.7,15.8,43.11,4/29/26,INJECT_DAY_THIRTEEN,15.8,NO,D12450Ki,26011208A2i,JACKSON_LABORATORIES,2105,,,2512-43492A
2561791013,NZO/HlLtJ,3742,6B,G7,370-F,2/10/26,F,LFD,18.42,12,36.96,4/29/26,,12,NO,D12450Ki,26011208A2i,JACKSON_LABORATORIES,2105,,,2512-43492A
2561791014,NZO/HlLtJ,3743,6B,A8,370-F,2/10/26,F,LFD,18.57,11.89,36.87,4/29/26,,11.89,NO,D12450Ki,26011208A2i,JACKSON_LABORATORIES,2105,,,2512-43492A
2561791015,NZO/HlLtJ,3744,6B,B8,370-F,2/10/26,F,LFD,19.06,11.84,42.5,4/29/26,,11.84,NO,D12450Ki,26011208A2i,JACKSON_LABORATORIES,2105,,,2512-43492A
2561791016,NZO/HlLtJ,3745,6B,C8,370-F,2/10/26,F,LFD,19.53,11.79,41.44,4/29/26,,11.79,NO,D12450Ki,26011208A2i,JACKSON_LABORATORIES,2105,,,2512-43492A
2561791017,NZO/HlLtJ,3746,6B,D8,370-F,2/10/26,F,LFD,20.47,13.65,40.45,4/29/26,,13.65,NO,D12450Ki,26011208A2i,JACKSON_LABORATORIES,2105,,,2512-43492A
2561791018,NZO/HlLtJ,3747,6B,E8,370-F,2/3/26,F,LFD,18.45,12.97,36.74,4/29/26,ECHOMRI,12.97,NO,D12450Ki,26011208A2i,JACKSON_LABORATORIES,2105,,,2512-43492A
2561791019,NZO/HlLtJ,3748,6B,F8,370-F,2/3/26,F,LFD,20.51,14.05,44.14,4/29/26,ECHOMRI,14.05,NO,D12450Ki,26011208A2i,JACKSON_LABORATORIES,2105,,,2512-43492A
2561791020,NZO/HlLtJ,3749,6B,G8,370-F,2/3/26,F,LFD,15.2,10.25,32.43,4/29/26,ECHOMRI,10.25,NO,D12450Ki,26011208A2i,JACKSON_LABORATORIES,2105,,,2512-43492A
2561791021,NZO/HlLtJ,3750,6B,A9,370-F,2/3/26,F,LFD,18.12,12.26,43.06,4/29/26,ECHOMRI,12.26,NO,D12450Ki,26011208A2i,JACKSON_LABORATORIES,2105,,,2512-43492A
2561791022,NZO/HlLtJ,3751,6B,B9,370-F,1/27/26,F,LFD,16.03,10,38.95,4/29/26,ECHOMRI,10,NO,D12450Ki,26011208A2i,JACKSON_LABORATORIES,2105,,,2512-43492A
2561791023,NZO/HlLtJ,3752,6B,C9,370-F,1/27/26,F,LFD,19.58,15.03,39.43,4/29/26,ECHOMRI,15.03,NO,D12450Ki,26011208A2i,JACKSON_LABORATORIES,2105,,,2512-43492A
2561791024,NZO/HlLtJ,3753,6B,D9,370-F,1/27/26,F,LFD,16.18,8.82,42.03,4/29/26,ECHOMRI,8.82,NO,D12450Ki,26011208A2i,JACKSON_LABORATORIES,2105,,,2512-43492A
2561791001,NZO/HlLtJ,3730,6B,A7,370-F,1/13/26,F,LFD,10.63,7.89,37.04,4/30/26,INJECT_DAY_FOURTEEN,7.89,NO,D12450Ki,26011208A2i,JACKSON_LABORATORIES,2105,,,2512-43492A
2561791002,NZO/HlLtJ,3731,6B,B7,370-F,1/13/26,F,LFD,11.66,9.12,34.55,4/30/26,INJECT_DAY_FOURTEEN,9.12,NO,D12450Ki,26011208A2i,JACKSON_LABORATORIES,2105,,,2512-43492A
2561791003,NZO/HlLtJ,3732,6B,C7,370-F,1/13/26,F,LFD,13.98,11.35,26.5,4/30/26,INJECT_DAY_FOURTEEN,11.35,NO,D12450Ki,26011208A2i,JACKSON_LABORATORIES,2105,,,2512-43492A
2561791004,NZO/HlLtJ,3733,6B,D7,370-F,1/13/26,F,LFD,14.57,11.53,35.64,4/30/26,INJECT_DAY_FOURTEEN,11.53,NO,D12450Ki,26011208A2i,JACKSON_LABORATORIES,2105,,,2512-43492A
2561791006,NZO/HlLtJ,3735,6B,F7,370-F,1/20/26,F,LFD,17.92,14.52,43.59,4/30/26,INJECT_DAY_FOURTEEN,14.52,NO,D12450Ki,26011208A2i,JACKSON_LABORATORIES,2105,,,2512-43492A
2561791007,NZO/HlLtJ,3736,6B,G7,370-F,1/20/26,F,LFD,13.22,9.54,35.52,4/30/26,INJECT_DAY_FOURTEEN,9.54,NO,D12450Ki,26011208A2i,JACKSON_LABORATORIES,2105,,,2512-43492A
2561791008,NZO/HlLtJ,3737,6B,A8,370-F,1/20/26,F,LFD,13.15,9.88,37.56,4/30/26,INJECT_DAY_FOURTEEN,9.88,NO,D12450Ki,26011208A2i,JACKSON_LABORATORIES,2105,,,2512-43492A
2561791009,NZO/HlLtJ,3738,6B,B8,370-F,1/20/26,F,LFD,13.69,10.61,40.62,4/30/26,INJECT_DAY_FOURTEEN,10.61,NO,D12450Ki,26011208A2i,JACKSON_LABORATORIES,2105,,,2512-43492A
2561791010,NZO/HlLtJ,3739,6B,C8,370-F,1/20/26,F,LFD,13.75,9.92,40.26,4/30/26,INJECT_DAY_FOURTEEN,9.92,NO,D12450Ki,26011208A2i,JACKSON_LABORATORIES,2105,,,2512-43492A
2561791011,NZO/HlLtJ,3740,6B,D8,370-F,1/20/26,F,LFD,10.55,7.85,47.58,4/30/26,INJECT_DAY_FOURTEEN,7.85,NO,D12450Ki,26011208A2i,JACKSON_LABORATORIES,2105,,,2512-43492A
2561791012,NZO/HlLtJ,3741,6B,E8,370-F,1/20/26,F,LFD,15.8,12.52,42.57,4/30/26,INJECT_DAY_FOURTEEN,12.52,NO,D12450Ki,26011208A2i,JACKSON_LABORATORIES,2105,,,2512-43492A
2561791013,NZO/HlLtJ,3742,6B,G7,370-F,2/10/26,F,LFD,,,,4/30/26,,,NO,D12450Ki,26011208A2i,JACKSON_LABORATORIES,2105,,,2512-43492A
2561791014,NZO/HlLtJ,3743,6B,A8,370-F,2/10/26,F,LFD,,,,4/30/26,,,NO,D12450Ki,26011208A2i,JACKSON_LABORATORIES,2105,,,2512-43492A
2561791015,NZO/HlLtJ,3744,6B,B8,370-F,2/10/26,F,LFD,,,,4/30/26,,,NO,D12450Ki,26011208A2i,JACKSON_LABORATORIES,2105,,,2512-43492A
2561791016,NZO/HlLtJ,3745,6B,C8,370-F,2/10/26,F,LFD,,,,4/30/26,,,NO,D12450Ki,26011208A2i,JACKSON_LABORATORIES,2105,,,2512-43492A
2561791017,NZO/HlLtJ,3746,6B,D8,370-F,2/10/26,F,LFD,,,,4/30/26,,,NO,D12450Ki,26011208A2i,JACKSON_LABORATORIES,2105,,,2512-43492A
2561791018,NZO/HlLtJ,3747,6B,E8,370-F,2/3/26,F,LFD,,,,4/30/26,,,NO,D12450Ki,26011208A2i,JACKSON_LABORATORIES,2105,,,2512-43492A
2561791019,NZO/HlLtJ,3748,6B,F8,370-F,2/3/26,F,LFD,,,,4/30/26,,,NO,D12450Ki,26011208A2i,JACKSON_LABORATORIES,2105,,,2512-43492A
2561791020,NZO/HlLtJ,3749,6B,G8,370-F,2/3/26,F,LFD,,,,4/30/26,,,NO,D12450Ki,26011208A2i,JACKSON_LABORATORIES,2105,,,2512-43492A
2561791021,NZO/HlLtJ,3750,6B,A9,370-F,2/3/26,F,LFD,,,,4/30/26,,,NO,D12450Ki,26011208A2i,JACKSON_LABORATORIES,2105,,,2512-43492A
2561791022,NZO/HlLtJ,3751,6B,B9,370-F,1/27/26,F,LFD,,,,4/30/26,,,NO,D12450Ki,26011208A2i,JACKSON_LABORATORIES,2105,,,2512-43492A
2561791023,NZO/HlLtJ,3752,6B,C9,370-F,1/27/26,F,LFD,,,,4/30/26,,,NO,D12450Ki,26011208A2i,JACKSON_LABORATORIES,2105,,,2512-43492A
2561791024,NZO/HlLtJ,3753,6B,D9,370-F,1/27/26,F,LFD,,,,4/30/26,,,NO,D12450Ki,26011208A2i,JACKSON_LABORATORIES,2105,,,2512-43492A
2561791001,NZO/HlLtJ,3730,6B,A7,370-F,1/13/26,F,LFD,7.89,5.95,36.16,5/1/26,INJECT_DAY_FIFTEEN,15.03,NO,D12450Ki,26011208A2i,JACKSON_LABORATORIES,2105,,,2512-43492A
2561791002,NZO/HlLtJ,3731,6B,B7,370-F,1/13/26,F,LFD,9.12,5.87,34.87,5/1/26,INJECT_DAY_FIFTEEN,16,NO,D12450Ki,26011208A2i,JACKSON_LABORATORIES,2105,,,2512-43492A
2561791003,NZO/HlLtJ,3732,6B,C7,370-F,1/13/26,F,LFD,11.35,8.65,26.79,5/1/26,INJECT_DAY_FIFTEEN,15.1,NO,D12450Ki,26011208A2i,JACKSON_LABORATORIES,2105,,,2512-43492A
2561791004,NZO/HlLtJ,3733,6B,D7,370-F,1/13/26,F,LFD,11.53,9.01,35.31,5/1/26,INJECT_DAY_FIFTEEN,14.94,NO,D12450Ki,26011208A2i,JACKSON_LABORATORIES,2105,,,2512-43492A
2561791006,NZO/HlLtJ,3735,6B,F7,370-F,1/20/26,F,LFD,14.52,11.01,43.22,5/1/26,INJECT_DAY_FIFTEEN,16.6,NO,D12450Ki,26011208A2i,JACKSON_LABORATORIES,2105,,,2512-43492A
2561791007,NZO/HlLtJ,3736,6B,G7,370-F,1/20/26,F,LFD,9.54,5.43,35.82,5/1/26,INJECT_DAY_FIFTEEN,17.56,NO,D12450Ki,26011208A2i,JACKSON_LABORATORIES,2105,,,2512-43492A
2561791008,NZO/HlLtJ,3737,6B,A8,370-F,1/20/26,F,LFD,9.88,6.44,37.5,5/1/26,INJECT_DAY_FIFTEEN,17.29,NO,D12450Ki,26011208A2i,JACKSON_LABORATORIES,2105,,,2512-43492A
2561791009,NZO/HlLtJ,3738,6B,B8,370-F,1/20/26,F,LFD,10.61,7.24,40.6,5/1/26,INJECT_DAY_FIFTEEN,17.52,NO,D12450Ki,26011208A2i,JACKSON_LABORATORIES,2105,,,2512-43492A
2561791010,NZO/HlLtJ,3739,6B,C8,370-F,1/20/26,F,LFD,9.92,6.22,40.03,5/1/26,INJECT_DAY_FIFTEEN,15.16,NO,D12450Ki,26011208A2i,JACKSON_LABORATORIES,2105,,,2512-43492A
2561791011,NZO/HlLtJ,3740,6B,D8,370-F,1/20/26,F,LFD,7.85,2.89,47.92,5/1/26,INJECT_DAY_FIFTEEN,19.52,NO,D12450Ki,26011208A2i,JACKSON_LABORATORIES,2105,,,2512-43492A
2561791012,NZO/HlLtJ,3741,6B,E8,370-F,1/20/26,F,LFD,12.52,9.26,42.84,5/1/26,INJECT_DAY_FIFTEEN,16.85,NO,D12450Ki,26011208A2i,JACKSON_LABORATORIES,2105,,,2512-43492A
2561791013,NZO/HlLtJ,3742,6B,G7,370-F,2/10/26,F,LFD,12,4.07,37.89,5/1/26,,15.33,NO,D12450Ki,26011208A2i,JACKSON_LABORATORIES,2105,,,2512-43492A
2561791014,NZO/HlLtJ,3743,6B,A8,370-F,2/10/26,F,LFD,11.89,2.42,38.6,5/1/26,,15.71,NO,D12450Ki,26011208A2i,JACKSON_LABORATORIES,2105,,,2512-43492A
2561791015,NZO/HlLtJ,3744,6B,B8,370-F,2/10/26,F,LFD,11.84,2.86,43.21,5/1/26,,15.46,NO,D12450Ki,26011208A2i,JACKSON_LABORATORIES,2105,,,2512-43492A
2561791016,NZO/HlLtJ,3745,6B,C8,370-F,2/10/26,F,LFD,11.79,6.71,40.52,5/1/26,,17.14,NO,D12450Ki,26011208A2i,JACKSON_LABORATORIES,2105,,,2512-43492A
2561791017,NZO/HlLtJ,3746,6B,D8,370-F,2/10/26,F,LFD,13.65,6.01,39.82,5/1/26,,14.97,NO,D12450Ki,26011208A2i,JACKSON_LABORATORIES,2105,,,2512-43492A
2561791018,NZO/HlLtJ,3747,6B,E8,370-F,2/3/26,F,LFD,12.97,4.91,36.91,5/1/26,,15.74,NO,D12450Ki,26011208A2i,JACKSON_LABORATORIES,2105,,,2512-43492A
2561791019,NZO/HlLtJ,3748,6B,F8,370-F,2/3/26,F,LFD,14.05,5.19,44.09,5/1/26,,14.6,NO,D12450Ki,26011208A2i,JACKSON_LABORATORIES,2105,,,2512-43492A
2561791020,NZO/HlLtJ,3749,6B,G8,370-F,2/3/26,F,LFD,10.25,2.04,32.74,5/1/26,,15.08,NO,D12450Ki,26011208A2i,JACKSON_LABORATORIES,2105,,,2512-43492A
2561791021,NZO/HlLtJ,3750,6B,A9,370-F,2/3/26,F,LFD,12.26,3.84,43.26,5/1/26,,16.3,NO,D12450Ki,26011208A2i,JACKSON_LABORATORIES,2105,,,2512-43492A
2561791022,NZO/HlLtJ,3751,6B,B9,370-F,1/27/26,F,LFD,10,1.62,38.74,5/1/26,,16.25,NO,D12450Ki,26011208A2i,JACKSON_LABORATORIES,2105,,,2512-43492A
2561791023,NZO/HlLtJ,3752,6B,C9,370-F,1/27/26,F,LFD,15.03,7.91,39.32,5/1/26,,15.24,NO,D12450Ki,26011208A2i,JACKSON_LABORATORIES,2105,,,2512-43492A
2561791024,NZO/HlLtJ,3753,6B,D9,370-F,1/27/26,F,LFD,8.82,0.92,41.08,5/1/26,,19.92,NO,D12450Ki,26011208A2i,JACKSON_LABORATORIES,2105,,,2512-43492A
2561791001,NZO/HlLtJ,3730,6B,A7,370-F,1/13/26,F,LFD,15.03,12.32,36.45,5/2/26,INJECT_DAY_SIXTEEN,12.32,NO,D12450Ki,26011208A2i,JACKSON_LABORATORIES,2105,,,2512-43492A
2561791002,NZO/HlLtJ,3731,6B,B7,370-F,1/13/26,F,LFD,16,13.05,34.77,5/2/26,INJECT_DAY_SIXTEEN,13.05,NO,D12450Ki,26011208A2i,JACKSON_LABORATORIES,2105,,,2512-43492A
2561791003,NZO/HlLtJ,3732,6B,C7,370-F,1/13/26,F,LFD,15.1,13.29,26.49,5/2/26,INJECT_DAY_SIXTEEN,13.29,NO,D12450Ki,26011208A2i,JACKSON_LABORATORIES,2105,,,2512-43492A
2561791004,NZO/HlLtJ,3733,6B,D7,370-F,1/13/26,F,LFD,14.94,11.85,35.32,5/2/26,INJECT_DAY_SIXTEEN,11.85,NO,D12450Ki,26011208A2i,JACKSON_LABORATORIES,2105,,,2512-43492A
2561791006,NZO/HlLtJ,3735,6B,F7,370-F,1/20/26,F,LFD,16.6,12.88,43.67,5/2/26,INJECT_DAY_SIXTEEN,12.88,NO,D12450Ki,26011208A2i,JACKSON_LABORATORIES,2105,,,2512-43492A
2561791007,NZO/HlLtJ,3736,6B,G7,370-F,1/20/26,F,LFD,17.56,14.58,35.58,5/2/26,INJECT_DAY_SIXTEEN,14.58,NO,D12450Ki,26011208A2i,JACKSON_LABORATORIES,2105,,,2512-43492A
2561791008,NZO/HlLtJ,3737,6B,A8,370-F,1/20/26,F,LFD,17.29,14.53,37.48,5/2/26,INJECT_DAY_SIXTEEN,14.53,NO,D12450Ki,26011208A2i,JACKSON_LABORATORIES,2105,,,2512-43492A
2561791009,NZO/HlLtJ,3738,6B,B8,370-F,1/20/26,F,LFD,17.52,14.73,40.58,5/2/26,INJECT_DAY_SIXTEEN,14.73,NO,D12450Ki,26011208A2i,JACKSON_LABORATORIES,2105,,,2512-43492A
2561791010,NZO/HlLtJ,3739,6B,C8,370-F,1/20/26,F,LFD,15.16,12.16,39.9,5/2/26,INJECT_DAY_SIXTEEN,12.16,NO,D12450Ki,26011208A2i,JACKSON_LABORATORIES,2105,,,2512-43492A
2561791011,NZO/HlLtJ,3740,6B,D8,370-F,1/20/26,F,LFD,19.52,15.47,48.22,5/2/26,INJECT_DAY_SIXTEEN,15.47,NO,D12450Ki,26011208A2i,JACKSON_LABORATORIES,2105,,,2512-43492A
2561791012,NZO/HlLtJ,3741,6B,E8,370-F,1/20/26,F,LFD,16.85,13.8,42.64,5/2/26,INJECT_DAY_SIXTEEN,13.8,NO,D12450Ki,26011208A2i,JACKSON_LABORATORIES,2105,,,2512-43492A
2561791013,NZO/HlLtJ,3742,6B,G7,370-F,2/10/26,F,LFD,,,,5/2/26,,,NO,D12450Ki,26011208A2i,JACKSON_LABORATORIES,2105,,,2512-43492A
2561791014,NZO/HlLtJ,3743,6B,A8,370-F,2/10/26,F,LFD,,,,5/2/26,,,NO,D12450Ki,26011208A2i,JACKSON_LABORATORIES,2105,,,2512-43492A
2561791015,NZO/HlLtJ,3744,6B,B8,370-F,2/10/26,F,LFD,,,,5/2/26,,,NO,D12450Ki,26011208A2i,JACKSON_LABORATORIES,2105,,,2512-43492A
2561791016,NZO/HlLtJ,3745,6B,C8,370-F,2/10/26,F,LFD,,,,5/2/26,,,NO,D12450Ki,26011208A2i,JACKSON_LABORATORIES,2105,,,2512-43492A
2561791017,NZO/HlLtJ,3746,6B,D8,370-F,2/10/26,F,LFD,,,,5/2/26,,,NO,D12450Ki,26011208A2i,JACKSON_LABORATORIES,2105,,,2512-43492A
2561791018,NZO/HlLtJ,3747,6B,E8,370-F,2/3/26,F,LFD,,,,5/2/26,,,NO,D12450Ki,26011208A2i,JACKSON_LABORATORIES,2105,,,2512-43492A
2561791019,NZO/HlLtJ,3748,6B,F8,370-F,2/3/26,F,LFD,,,,5/2/26,,,NO,D12450Ki,26011208A2i,JACKSON_LABORATORIES,2105,,,2512-43492A
2561791020,NZO/HlLtJ,3749,6B,G8,370-F,2/3/26,F,LFD,,,,5/2/26,,,NO,D12450Ki,26011208A2i,JACKSON_LABORATORIES,2105,,,2512-43492A
2561791021,NZO/HlLtJ,3750,6B,A9,370-F,2/3/26,F,LFD,,,,5/2/26,,,NO,D12450Ki,26011208A2i,JACKSON_LABORATORIES,2105,,,2512-43492A
2561791022,NZO/HlLtJ,3751,6B,B9,370-F,1/27/26,F,LFD,,,,5/2/26,,,NO,D12450Ki,26011208A2i,JACKSON_LABORATORIES,2105,,,2512-43492A
2561791023,NZO/HlLtJ,3752,6B,C9,370-F,1/27/26,F,LFD,,,,5/2/26,,,NO,D12450Ki,26011208A2i,JACKSON_LABORATORIES,2105,,,2512-43492A
2561791024,NZO/HlLtJ,3753,6B,D9,370-F,1/27/26,F,LFD,,,,5/2/26,,,NO,D12450Ki,26011208A2i,JACKSON_LABORATORIES,2105,,,2512-43492A
2561791001,NZO/HlLtJ,3730,6B,A7,370-F,1/13/26,F,LFD,12.32,8.67,36.8,5/3/26,INJECT_DAY_ONE_DOSE_TWO,8.67,NO,D12450Ki,26011208A2i,JACKSON_LABORATORIES,2105,,,2512-43492A
2561791002,NZO/HlLtJ,3731,6B,B7,370-F,1/13/26,F,LFD,13.05,9.82,34.55,5/3/26,INJECT_DAY_ONE_DOSE_TWO,9.82,NO,D12450Ki,26011208A2i,JACKSON_LABORATORIES,2105,,,2512-43492A
2561791003,NZO/HlLtJ,3732,6B,C7,370-F,1/13/26,F,LFD,13.29,10.53,26.26,5/3/26,INJECT_DAY_ONE_DOSE_TWO,10.53,NO,D12450Ki,26011208A2i,JACKSON_LABORATORIES,2105,,,2512-43492A
2561791004,NZO/HlLtJ,3733,6B,D7,370-F,1/13/26,F,LFD,11.85,8.48,35.31,5/3/26,INJECT_DAY_ONE_DOSE_TWO,8.48,NO,D12450Ki,26011208A2i,JACKSON_LABORATORIES,2105,,,2512-43492A
2561791006,NZO/HlLtJ,3735,6B,F7,370-F,1/20/26,F,LFD,12.88,9.37,43.67,5/3/26,INJECT_DAY_ONE_DOSE_TWO,9.37,NO,D12450Ki,26011208A2i,JACKSON_LABORATORIES,2105,,,2512-43492A
2561791007,NZO/HlLtJ,3736,6B,G7,370-F,1/20/26,F,LFD,14.58,10.2,35.95,5/3/26,INJECT_DAY_ONE_DOSE_TWO,10.2,NO,D12450Ki,26011208A2i,JACKSON_LABORATORIES,2105,,,2512-43492A
2561791008,NZO/HlLtJ,3737,6B,A8,370-F,1/20/26,F,LFD,14.53,11.12,37.59,5/3/26,INJECT_DAY_ONE_DOSE_TWO,11.12,NO,D12450Ki,26011208A2i,JACKSON_LABORATORIES,2105,,,2512-43492A
2561791009,NZO/HlLtJ,3738,6B,B8,370-F,1/20/26,F,LFD,14.73,11.17,40.74,5/3/26,INJECT_DAY_ONE_DOSE_TWO,11.17,NO,D12450Ki,26011208A2i,JACKSON_LABORATORIES,2105,,,2512-43492A
2561791010,NZO/HlLtJ,3739,6B,C8,370-F,1/20/26,F,LFD,12.16,8.42,40.38,5/3/26,INJECT_DAY_ONE_DOSE_TWO,8.42,NO,D12450Ki,26011208A2i,JACKSON_LABORATORIES,2105,,,2512-43492A
2561791011,NZO/HlLtJ,3740,6B,D8,370-F,1/20/26,F,LFD,15.47,11.08,48.21,5/3/26,INJECT_DAY_ONE_DOSE_TWO,11.08,NO,D12450Ki,26011208A2i,JACKSON_LABORATORIES,2105,,,2512-43492A
2561791012,NZO/HlLtJ,3741,6B,E8,370-F,1/20/26,F,LFD,13.8,10.44,42.65,5/3/26,INJECT_DAY_ONE_DOSE_TWO,10.44,NO,D12450Ki,26011208A2i,JACKSON_LABORATORIES,2105,,,2512-43492A
2561791013,NZO/HlLtJ,3742,6B,G7,370-F,2/10/26,F,LFD,,,,5/3/26,,,NO,D12450Ki,26011208A2i,JACKSON_LABORATORIES,2105,,,2512-43492A
2561791014,NZO/HlLtJ,3743,6B,A8,370-F,2/10/26,F,LFD,,,,5/3/26,,,NO,D12450Ki,26011208A2i,JACKSON_LABORATORIES,2105,,,2512-43492A
2561791015,NZO/HlLtJ,3744,6B,B8,370-F,2/10/26,F,LFD,,,,5/3/26,,,NO,D12450Ki,26011208A2i,JACKSON_LABORATORIES,2105,,,2512-43492A
2561791016,NZO/HlLtJ,3745,6B,C8,370-F,2/10/26,F,LFD,,,,5/3/26,,,NO,D12450Ki,26011208A2i,JACKSON_LABORATORIES,2105,,,2512-43492A
2561791017,NZO/HlLtJ,3746,6B,D8,370-F,2/10/26,F,LFD,,,,5/3/26,,,NO,D12450Ki,26011208A2i,JACKSON_LABORATORIES,2105,,,2512-43492A
2561791018,NZO/HlLtJ,3747,6B,E8,370-F,2/3/26,F,LFD,,,,5/3/26,,,NO,D12450Ki,26011208A2i,JACKSON_LABORATORIES,2105,,,2512-43492A
2561791019,NZO/HlLtJ,3748,6B,F8,370-F,2/3/26,F,LFD,,,,5/3/26,,,NO,D12450Ki,26011208A2i,JACKSON_LABORATORIES,2105,,,2512-43492A
2561791020,NZO/HlLtJ,3749,6B,G8,370-F,2/3/26,F,LFD,,,,5/3/26,,,NO,D12450Ki,26011208A2i,JACKSON_LABORATORIES,2105,,,2512-43492A
2561791021,NZO/HlLtJ,3750,6B,A9,370-F,2/3/26,F,LFD,,,,5/3/26,,,NO,D12450Ki,26011208A2i,JACKSON_LABORATORIES,2105,,,2512-43492A
2561791022,NZO/HlLtJ,3751,6B,B9,370-F,1/27/26,F,LFD,,,,5/3/26,,,NO,D12450Ki,26011208A2i,JACKSON_LABORATORIES,2105,,,2512-43492A
2561791023,NZO/HlLtJ,3752,6B,C9,370-F,1/27/26,F,LFD,,,,5/3/26,,,NO,D12450Ki,26011208A2i,JACKSON_LABORATORIES,2105,,,2512-43492A
2561791024,NZO/HlLtJ,3753,6B,D9,370-F,1/27/26,F,LFD,,,,5/3/26,,,NO,D12450Ki,26011208A2i,JACKSON_LABORATORIES,2105,,,2512-43492A
2561791001,NZO/HlLtJ,3730,6B,A7,370-F,1/13/26,F,LFD,8.67,6.17,36.14,5/4/26,INJECT_DAY_TWO_DOSE_TWO,17.4,NO,D12450Ki,26011208A2i,JACKSON_LABORATORIES,2105,,,2512-43492A
2561791002,NZO/HlLtJ,3731,6B,B7,370-F,1/13/26,F,LFD,9.82,7.23,34.47,5/4/26,INJECT_DAY_TWO_DOSE_TWO,16.22,NO,D12450Ki,26011208A2i,JACKSON_LABORATORIES,2105,,,2512-43492A
2561791003,NZO/HlLtJ,3732,6B,C7,370-F,1/13/26,F,LFD,10.53,7.63,26.56,5/4/26,INJECT_DAY_TWO_DOSE_TWO,17.23,NO,D12450Ki,26011208A2i,JACKSON_LABORATORIES,2105,,,2512-43492A
2561791004,NZO/HlLtJ,3733,6B,D7,370-F,1/13/26,F,LFD,8.48,4.96,35.57,5/4/26,INJECT_DAY_TWO_DOSE_TWO,17.55,NO,D12450Ki,26011208A2i,JACKSON_LABORATORIES,2105,,,2512-43492A
2561791006,NZO/HlLtJ,3735,6B,F7,370-F,1/20/26,F,LFD,9.37,5.17,43.72,5/4/26,INJECT_DAY_TWO_DOSE_TWO,24.46,NO,D12450Ki,26011208A2i,JACKSON_LABORATORIES,2105,,,2512-43492A
2561791007,NZO/HlLtJ,3736,6B,G7,370-F,1/20/26,F,LFD,10.2,6.48,36.07,5/4/26,INJECT_DAY_TWO_DOSE_TWO,21.82,NO,D12450Ki,26011208A2i,JACKSON_LABORATORIES,2105,,,2512-43492A
2561791008,NZO/HlLtJ,3737,6B,A8,370-F,1/20/26,F,LFD,11.12,7.55,37.72,5/4/26,INJECT_DAY_TWO_DOSE_TWO,19.02,NO,D12450Ki,26011208A2i,JACKSON_LABORATORIES,2105,,,2512-43492A
2561791009,NZO/HlLtJ,3738,6B,B8,370-F,1/20/26,F,LFD,11.17,7.51,40.51,5/4/26,INJECT_DAY_TWO_DOSE_TWO,17.46,NO,D12450Ki,26011208A2i,JACKSON_LABORATORIES,2105,,,2512-43492A
2561791010,NZO/HlLtJ,3739,6B,C8,370-F,1/20/26,F,LFD,8.42,4.51,40.4,5/4/26,INJECT_DAY_TWO_DOSE_TWO,19.94,NO,D12450Ki,26011208A2i,JACKSON_LABORATORIES,2105,,,2512-43492A
2561791011,NZO/HlLtJ,3740,6B,D8,370-F,1/20/26,F,LFD,11.08,6.63,48.71,5/4/26,INJECT_DAY_TWO_DOSE_TWO,17.71,NO,D12450Ki,26011208A2i,JACKSON_LABORATORIES,2105,,,2512-43492A
2561791012,NZO/HlLtJ,3741,6B,E8,370-F,1/20/26,F,LFD,10.44,7.32,42.96,5/4/26,INJECT_DAY_TWO_DOSE_TWO,18.74,NO,D12450Ki,26011208A2i,JACKSON_LABORATORIES,2105,,,2512-43492A
2561791013,NZO/HlLtJ,3742,6B,G7,370-F,2/10/26,F,LFD,15.33,2.69,39.09,5/4/26,,23.31,NO,D12450Ki,26011208A2i,JACKSON_LABORATORIES,2105,,,2512-43492A
2561791014,NZO/HlLtJ,3743,6B,A8,370-F,2/10/26,F,LFD,15.71,3.08,39.53,5/4/26,,25.39,NO,D12450Ki,26011208A2i,JACKSON_LABORATORIES,2105,,,2512-43492A
2561791015,NZO/HlLtJ,3744,6B,B8,370-F,2/10/26,F,LFD,15.46,2.45,44.37,5/4/26,,23.11,NO,D12450Ki,26011208A2i,JACKSON_LABORATORIES,2105,,,2512-43492A
2561791016,NZO/HlLtJ,3745,6B,C8,370-F,2/10/26,F,LFD,17.14,5.16,41.12,5/4/26,,22.11,NO,D12450Ki,26011208A2i,JACKSON_LABORATORIES,2105,,,2512-43492A
2561791017,NZO/HlLtJ,3746,6B,D8,370-F,2/10/26,F,LFD,14.97,3.02,41.17,5/4/26,,24.94,NO,D12450Ki,26011208A2i,JACKSON_LABORATORIES,2105,,,2512-43492A
2561791018,NZO/HlLtJ,3747,6B,E8,370-F,2/3/26,F,LFD,15.74,3.51,38.05,5/4/26,,25.62,NO,D12450Ki,26011208A2i,JACKSON_LABORATORIES,2105,,,2512-43492A
2561791019,NZO/HlLtJ,3748,6B,F8,370-F,2/3/26,F,LFD,14.6,2.83,44.72,5/4/26,,23.57,NO,D12450Ki,26011208A2i,JACKSON_LABORATORIES,2105,,,2512-43492A
2561791020,NZO/HlLtJ,3749,6B,G8,370-F,2/3/26,F,LFD,15.08,2.29,34.39,5/4/26,,22.63,NO,D12450Ki,26011208A2i,JACKSON_LABORATORIES,2105,,,2512-43492A
2561791021,NZO/HlLtJ,3750,6B,A9,370-F,2/3/26,F,LFD,16.3,1.72,45.64,5/4/26,,25.24,NO,D12450Ki,26011208A2i,JACKSON_LABORATORIES,2105,,,2512-43492A
2561791022,NZO/HlLtJ,3751,6B,B9,370-F,1/27/26,F,LFD,16.25,3.34,41.32,5/4/26,,25.94,NO,D12450Ki,26011208A2i,JACKSON_LABORATORIES,2105,,,2512-43492A
2561791023,NZO/HlLtJ,3752,6B,C9,370-F,1/27/26,F,LFD,15.24,4.96,40.08,5/4/26,,21.2,NO,D12450Ki,26011208A2i,JACKSON_LABORATORIES,2105,,,2512-43492A
2561791024,NZO/HlLtJ,3753,6B,D9,370-F,1/27/26,F,LFD,19.92,8.2,42.32,5/4/26,,20.24,NO,D12450Ki,26011208A2i,JACKSON_LABORATORIES,2105,,,2512-43492A
2561791001,NZO/HlLtJ,3730,6B,A7,370-F,1/13/26,F,LFD,17.4,15.15,35.73,5/5/26,INJECT_DAY_THREE_DOSE_TWO,15.15,NO,D12450Ki,26011208A2i,JACKSON_LABORATORIES,2105,,,2512-43492A
2561791002,NZO/HlLtJ,3731,6B,B7,370-F,1/13/26,F,LFD,16.22,13.77,34.66,5/5/26,INJECT_DAY_THREE_DOSE_TWO,13.77,NO,D12450Ki,26011208A2i,JACKSON_LABORATORIES,2105,,,2512-43492A
2561791003,NZO/HlLtJ,3732,6B,C7,370-F,1/13/26,F,LFD,17.23,15.09,26.59,5/5/26,INJECT_DAY_THREE_DOSE_TWO,15.09,NO,D12450Ki,26011208A2i,JACKSON_LABORATORIES,2105,,,2512-43492A
2561791004,NZO/HlLtJ,3733,6B,D7,370-F,1/13/26,F,LFD,17.55,15.46,35.29,5/5/26,INJECT_DAY_THREE_DOSE_TWO,15.46,NO,D12450Ki,26011208A2i,JACKSON_LABORATORIES,2105,,,2512-43492A
2561791006,NZO/HlLtJ,3735,6B,F7,370-F,1/20/26,F,LFD,24.46,21.23,43.59,5/5/26,INJECT_DAY_THREE_DOSE_TWO,21.23,NO,D12450Ki,26011208A2i,JACKSON_LABORATORIES,2105,,,2512-43492A
2561791007,NZO/HlLtJ,3736,6B,G7,370-F,1/20/26,F,LFD,21.82,19.09,35.75,5/5/26,INJECT_DAY_THREE_DOSE_TWO,19.09,NO,D12450Ki,26011208A2i,JACKSON_LABORATORIES,2105,,,2512-43492A
2561791008,NZO/HlLtJ,3737,6B,A8,370-F,1/20/26,F,LFD,19.02,16.86,37.08,5/5/26,INJECT_DAY_THREE_DOSE_TWO,16.86,NO,D12450Ki,26011208A2i,JACKSON_LABORATORIES,2105,,,2512-43492A
2561791009,NZO/HlLtJ,3738,6B,B8,370-F,1/20/26,F,LFD,17.46,14.98,40.69,5/5/26,INJECT_DAY_THREE_DOSE_TWO,14.98,NO,D12450Ki,26011208A2i,JACKSON_LABORATORIES,2105,,,2512-43492A
2561791010,NZO/HlLtJ,3739,6B,C8,370-F,1/20/26,F,LFD,19.94,17.65,39.87,5/5/26,INJECT_DAY_THREE_DOSE_TWO,17.65,NO,D12450Ki,26011208A2i,JACKSON_LABORATORIES,2105,,,2512-43492A
2561791011,NZO/HlLtJ,3740,6B,D8,370-F,1/20/26,F,LFD,17.71,12.6,49.37,5/5/26,INJECT_DAY_THREE_DOSE_TWO,12.6,NO,D12450Ki,26011208A2i,JACKSON_LABORATORIES,2105,,,2512-43492A
2561791012,NZO/HlLtJ,3741,6B,E8,370-F,1/20/26,F,LFD,18.74,16,42.91,5/5/26,INJECT_DAY_THREE_DOSE_TWO,16,NO,D12450Ki,26011208A2i,JACKSON_LABORATORIES,2105,,,2512-43492A
2561791013,NZO/HlLtJ,3742,6B,G7,370-F,2/10/26,F,LFD,,,,5/5/26,,,NO,D12450Ki,26011208A2i,JACKSON_LABORATORIES,2105,,,2512-43492A
2561791014,NZO/HlLtJ,3743,6B,A8,370-F,2/10/26,F,LFD,,,,5/5/26,,,NO,D12450Ki,26011208A2i,JACKSON_LABORATORIES,2105,,,2512-43492A
2561791015,NZO/HlLtJ,3744,6B,B8,370-F,2/10/26,F,LFD,,,,5/5/26,,,NO,D12450Ki,26011208A2i,JACKSON_LABORATORIES,2105,,,2512-43492A
2561791016,NZO/HlLtJ,3745,6B,C8,370-F,2/10/26,F,LFD,,,,5/5/26,,,NO,D12450Ki,26011208A2i,JACKSON_LABORATORIES,2105,,,2512-43492A
2561791017,NZO/HlLtJ,3746,6B,D8,370-F,2/10/26,F,LFD,,,,5/5/26,,,NO,D12450Ki,26011208A2i,JACKSON_LABORATORIES,2105,,,2512-43492A
2561791018,NZO/HlLtJ,3747,6B,E8,370-F,2/3/26,F,LFD,,,,5/5/26,,,NO,D12450Ki,26011208A2i,JACKSON_LABORATORIES,2105,,,2512-43492A
2561791019,NZO/HlLtJ,3748,6B,F8,370-F,2/3/26,F,LFD,,,,5/5/26,,,NO,D12450Ki,26011208A2i,JACKSON_LABORATORIES,2105,,,2512-43492A
2561791020,NZO/HlLtJ,3749,6B,G8,370-F,2/3/26,F,LFD,,,,5/5/26,,,NO,D12450Ki,26011208A2i,JACKSON_LABORATORIES,2105,,,2512-43492A
2561791021,NZO/HlLtJ,3750,6B,A9,370-F,2/3/26,F,LFD,,,,5/5/26,,,NO,D12450Ki,26011208A2i,JACKSON_LABORATORIES,2105,,,2512-43492A
2561791022,NZO/HlLtJ,3751,6B,B9,370-F,1/27/26,F,LFD,,,,5/5/26,,,NO,D12450Ki,26011208A2i,JACKSON_LABORATORIES,2105,,,2512-43492A
2561791023,NZO/HlLtJ,3752,6B,C9,370-F,1/27/26,F,LFD,,,,5/5/26,,,NO,D12450Ki,26011208A2i,JACKSON_LABORATORIES,2105,,,2512-43492A
2561791024,NZO/HlLtJ,3753,6B,D9,370-F,1/27/26,F,LFD,,,,5/5/26,,,NO,D12450Ki,26011208A2i,JACKSON_LABORATORIES,2105,,,2512-43492A
2561791001,NZO/HlLtJ,3730,6B,A7,370-F,1/13/26,F,LFD,15.15,12.56,35.8,5/6/26,INJECT_DAY_FOUR_DOSE_TWO,12.56,NO,D12450Ki,26011208A2i,JACKSON_LABORATORIES,2105,,,2512-43492A
2561791002,NZO/HlLtJ,3731,6B,B7,370-F,1/13/26,F,LFD,13.77,11.44,34.05,5/6/26,INJECT_DAY_FOUR_DOSE_TWO,11.44,NO,D12450Ki,26011208A2i,JACKSON_LABORATORIES,2105,,,2512-43492A
2561791003,NZO/HlLtJ,3732,6B,C7,370-F,1/13/26,F,LFD,15.09,12.03,26.91,5/6/26,INJECT_DAY_FOUR_DOSE_TWO,12.03,NO,D12450Ki,26011208A2i,JACKSON_LABORATORIES,2105,,,2512-43492A
2561791004,NZO/HlLtJ,3733,6B,D7,370-F,1/13/26,F,LFD,15.46,13.32,34.61,5/6/26,INJECT_DAY_FOUR_DOSE_TWO,13.32,NO,D12450Ki,26011208A2i,JACKSON_LABORATORIES,2105,,,2512-43492A
2561791006,NZO/HlLtJ,3735,6B,F7,370-F,1/20/26,F,LFD,21.23,17.59,43.87,5/6/26,INJECT_DAY_FOUR_DOSE_TWO,17.59,NO,D12450Ki,26011208A2i,JACKSON_LABORATORIES,2105,,,2512-43492A
2561791007,NZO/HlLtJ,3736,6B,G7,370-F,1/20/26,F,LFD,19.09,15.07,36.35,5/6/26,INJECT_DAY_FOUR_DOSE_TWO,15.07,NO,D12450Ki,26011208A2i,JACKSON_LABORATORIES,2105,,,2512-43492A
2561791008,NZO/HlLtJ,3737,6B,A8,370-F,1/20/26,F,LFD,16.86,13.28,37.69,5/6/26,INJECT_DAY_FOUR_DOSE_TWO,13.28,NO,D12450Ki,26011208A2i,JACKSON_LABORATORIES,2105,,,2512-43492A
2561791009,NZO/HlLtJ,3738,6B,B8,370-F,1/20/26,F,LFD,14.98,12.76,39.83,5/6/26,INJECT_DAY_FOUR_DOSE_TWO,12.76,NO,D12450Ki,26011208A2i,JACKSON_LABORATORIES,2105,,,2512-43492A
2561791010,NZO/HlLtJ,3739,6B,C8,370-F,1/20/26,F,LFD,17.65,14.56,39.54,5/6/26,INJECT_DAY_FOUR_DOSE_TWO,14.56,NO,D12450Ki,26011208A2i,JACKSON_LABORATORIES,2105,,,2512-43492A
2561791011,NZO/HlLtJ,3740,6B,D8,370-F,1/20/26,F,LFD,12.6,9.24,48.91,5/6/26,INJECT_DAY_FOUR_DOSE_TWO,9.24,NO,D12450Ki,26011208A2i,JACKSON_LABORATORIES,2105,,,2512-43492A
2561791012,NZO/HlLtJ,3741,6B,E8,370-F,1/20/26,F,LFD,16,13.26,42.51,5/6/26,INJECT_DAY_FOUR_DOSE_TWO,13.26,NO,D12450Ki,26011208A2i,JACKSON_LABORATORIES,2105,,,2512-43492A
2561791013,NZO/HlLtJ,3742,6B,G7,370-F,2/10/26,F,LFD,23.31,15.61,39.84,5/6/26,,15.61,NO,D12450Ki,26011208A2i,JACKSON_LABORATORIES,2105,,,2512-43492A
2561791014,NZO/HlLtJ,3743,6B,A8,370-F,2/10/26,F,LFD,25.39,17.57,40.1,5/6/26,,17.57,NO,D12450Ki,26011208A2i,JACKSON_LABORATORIES,2105,,,2512-43492A
2561791015,NZO/HlLtJ,3744,6B,B8,370-F,2/10/26,F,LFD,23.11,14.78,45,5/6/26,,14.78,NO,D12450Ki,26011208A2i,JACKSON_LABORATORIES,2105,,,2512-43492A
2561791016,NZO/HlLtJ,3745,6B,C8,370-F,2/10/26,F,LFD,22.11,13.8,41.77,5/6/26,,13.8,NO,D12450Ki,26011208A2i,JACKSON_LABORATORIES,2105,,,2512-43492A
2561791017,NZO/HlLtJ,3746,6B,D8,370-F,2/10/26,F,LFD,24.94,17.57,41.32,5/6/26,,17.57,NO,D12450Ki,26011208A2i,JACKSON_LABORATORIES,2105,,,2512-43492A
2561791018,NZO/HlLtJ,3747,6B,E8,370-F,2/3/26,F,LFD,25.62,19.81,37.35,5/6/26,,19.81,NO,D12450Ki,26011208A2i,JACKSON_LABORATORIES,2105,,,2512-43492A
2561791019,NZO/HlLtJ,3748,6B,F8,370-F,2/3/26,F,LFD,23.57,15.91,45.06,5/6/26,,15.91,NO,D12450Ki,26011208A2i,JACKSON_LABORATORIES,2105,,,2512-43492A
2561791020,NZO/HlLtJ,3749,6B,G8,370-F,2/3/26,F,LFD,22.63,16.76,33.73,5/6/26,,16.76,NO,D12450Ki,26011208A2i,JACKSON_LABORATORIES,2105,,,2512-43492A
2561791021,NZO/HlLtJ,3750,6B,A9,370-F,2/3/26,F,LFD,25.24,17.03,46.18,5/6/26,,17.03,NO,D12450Ki,26011208A2i,JACKSON_LABORATORIES,2105,,,2512-43492A
2561791022,NZO/HlLtJ,3751,6B,B9,370-F,1/27/26,F,LFD,25.94,20.32,39.85,5/6/26,,20.32,NO,D12450Ki,26011208A2i,JACKSON_LABORATORIES,2105,,,2512-43492A
2561791023,NZO/HlLtJ,3752,6B,C9,370-F,1/27/26,F,LFD,21.2,14,40.24,5/6/26,,14,NO,D12450Ki,26011208A2i,JACKSON_LABORATORIES,2105,,,2512-43492A
2561791024,NZO/HlLtJ,3753,6B,D9,370-F,1/27/26,F,LFD,20.24,12.91,42.21,5/6/26,,12.91,NO,D12450Ki,26011208A2i,JACKSON_LABORATORIES,2105,,,2512-43492A
2561791001,NZO/HlLtJ,3730,6B,A7,370-F,1/13/26,F,LFD,12.56,9.8,35.21,5/7/26,NO_INJECT_DAY_ONE,9.8,NO,D12450Ki,26011208A2i,JACKSON_LABORATORIES,2105,,,2512-43492A
2561791002,NZO/HlLtJ,3731,6B,B7,370-F,1/13/26,F,LFD,11.44,8.75,33.58,5/7/26,NO_INJECT_DAY_ONE,8.75,NO,D12450Ki,26011208A2i,JACKSON_LABORATORIES,2105,,,2512-43492A
2561791003,NZO/HlLtJ,3732,6B,C7,370-F,1/13/26,F,LFD,12.03,9.09,26.48,5/7/26,NO_INJECT_DAY_ONE,9.09,NO,D12450Ki,26011208A2i,JACKSON_LABORATORIES,2105,,,2512-43492A
2561791004,NZO/HlLtJ,3733,6B,D7,370-F,1/13/26,F,LFD,13.32,10.33,34.4,5/7/26,NO_INJECT_DAY_ONE,10.33,NO,D12450Ki,26011208A2i,JACKSON_LABORATORIES,2105,,,2512-43492A
2561791006,NZO/HlLtJ,3735,6B,F7,370-F,1/20/26,F,LFD,17.59,14.42,43.01,5/7/26,NO_INJECT_DAY_ONE,14.42,NO,D12450Ki,26011208A2i,JACKSON_LABORATORIES,2105,,,2512-43492A
2561791007,NZO/HlLtJ,3736,6B,G7,370-F,1/20/26,F,LFD,15.07,11.3,36.05,5/7/26,NO_INJECT_DAY_ONE,11.3,NO,D12450Ki,26011208A2i,JACKSON_LABORATORIES,2105,,,2512-43492A
2561791008,NZO/HlLtJ,3737,6B,A8,370-F,1/20/26,F,LFD,13.28,10.53,36.44,5/7/26,NO_INJECT_DAY_ONE,10.53,NO,D12450Ki,26011208A2i,JACKSON_LABORATORIES,2105,,,2512-43492A
2561791009,NZO/HlLtJ,3738,6B,B8,370-F,1/20/26,F,LFD,12.76,9.97,39.01,5/7/26,NO_INJECT_DAY_ONE,9.97,NO,D12450Ki,26011208A2i,JACKSON_LABORATORIES,2105,,,2512-43492A
2561791010,NZO/HlLtJ,3739,6B,C8,370-F,1/20/26,F,LFD,14.56,11.72,38.89,5/7/26,NO_INJECT_DAY_ONE,11.72,NO,D12450Ki,26011208A2i,JACKSON_LABORATORIES,2105,,,2512-43492A
2561791011,NZO/HlLtJ,3740,6B,D8,370-F,1/20/26,F,LFD,9.24,5.13,48.78,5/7/26,NO_INJECT_DAY_ONE,5.13,NO,D12450Ki,26011208A2i,JACKSON_LABORATORIES,2105,,,2512-43492A
2561791012,NZO/HlLtJ,3741,6B,E8,370-F,1/20/26,F,LFD,13.26,10.5,41.64,5/7/26,NO_INJECT_DAY_ONE,10.5,NO,D12450Ki,26011208A2i,JACKSON_LABORATORIES,2105,,,2512-43492A
2561791013,NZO/HlLtJ,3742,6B,G7,370-F,2/10/26,F,LFD,,,,5/7/26,ECHOMRI,,NO,D12450Ki,26011208A2i,JACKSON_LABORATORIES,2105,,,2512-43492A
2561791014,NZO/HlLtJ,3743,6B,A8,370-F,2/10/26,F,LFD,,,,5/7/26,ECHOMRI,,NO,D12450Ki,26011208A2i,JACKSON_LABORATORIES,2105,,,2512-43492A
2561791015,NZO/HlLtJ,3744,6B,B8,370-F,2/10/26,F,LFD,,,,5/7/26,ECHOMRI,,NO,D12450Ki,26011208A2i,JACKSON_LABORATORIES,2105,,,2512-43492A
2561791016,NZO/HlLtJ,3745,6B,C8,370-F,2/10/26,F,LFD,,,,5/7/26,ECHOMRI,,NO,D12450Ki,26011208A2i,JACKSON_LABORATORIES,2105,,,2512-43492A
2561791017,NZO/HlLtJ,3746,6B,D8,370-F,2/10/26,F,LFD,,,,5/7/26,ECHOMRI,,NO,D12450Ki,26011208A2i,JACKSON_LABORATORIES,2105,,,2512-43492A
2561791018,NZO/HlLtJ,3747,6B,E8,370-F,2/3/26,F,LFD,,,,5/7/26,,,NO,D12450Ki,26011208A2i,JACKSON_LABORATORIES,2105,,,2512-43492A
2561791019,NZO/HlLtJ,3748,6B,F8,370-F,2/3/26,F,LFD,,,,5/7/26,,,NO,D12450Ki,26011208A2i,JACKSON_LABORATORIES,2105,,,2512-43492A
2561791020,NZO/HlLtJ,3749,6B,G8,370-F,2/3/26,F,LFD,,,,5/7/26,,,NO,D12450Ki,26011208A2i,JACKSON_LABORATORIES,2105,,,2512-43492A
2561791021,NZO/HlLtJ,3750,6B,A9,370-F,2/3/26,F,LFD,,,,5/7/26,,,NO,D12450Ki,26011208A2i,JACKSON_LABORATORIES,2105,,,2512-43492A
2561791022,NZO/HlLtJ,3751,6B,B9,370-F,1/27/26,F,LFD,,,,5/7/26,,,NO,D12450Ki,26011208A2i,JACKSON_LABORATORIES,2105,,,2512-43492A
2561791023,NZO/HlLtJ,3752,6B,C9,370-F,1/27/26,F,LFD,,,,5/7/26,,,NO,D12450Ki,26011208A2i,JACKSON_LABORATORIES,2105,,,2512-43492A
2561791024,NZO/HlLtJ,3753,6B,D9,370-F,1/27/26,F,LFD,,,,5/7/26,,,NO,D12450Ki,26011208A2i,JACKSON_LABORATORIES,2105,,,2512-43492A
2561791001,NZO/HlLtJ,3730,6B,A7,370-F,1/13/26,F,LFD,9.8,6.56,36.24,5/8/26,INJECT_DAY_FIVE_DOSE_TWO,18.98,NO,D12450Ki,26011208A2i,JACKSON_LABORATORIES,2105,,,2512-43492A
2561791002,NZO/HlLtJ,3731,6B,B7,370-F,1/13/26,F,LFD,8.75,4.4,35.69,5/8/26,INJECT_DAY_FIVE_DOSE_TWO,18.44,NO,D12450Ki,26011208A2i,JACKSON_LABORATORIES,2105,,,2512-43492A
2561791003,NZO/HlLtJ,3732,6B,C7,370-F,1/13/26,F,LFD,9.09,5.06,28.46,5/8/26,INJECT_DAY_FIVE_DOSE_TWO,18.94,NO,D12450Ki,26011208A2i,JACKSON_LABORATORIES,2105,,,2512-43492A
2561791004,NZO/HlLtJ,3733,6B,D7,370-F,1/13/26,F,LFD,10.33,6.64,36.04,5/8/26,INJECT_DAY_FIVE_DOSE_TWO,20.19,NO,D12450Ki,26011208A2i,JACKSON_LABORATORIES,2105,,,2512-43492A
2561791006,NZO/HlLtJ,3735,6B,F7,370-F,1/20/26,F,LFD,14.42,9.93,43.97,5/8/26,INJECT_DAY_FIVE_DOSE_TWO,18.86,NO,D12450Ki,26011208A2i,JACKSON_LABORATORIES,2105,,,2512-43492A
2561791007,NZO/HlLtJ,3736,6B,G7,370-F,1/20/26,F,LFD,11.3,7.31,36.74,5/8/26,INJECT_DAY_FIVE_DOSE_TWO,18.82,NO,D12450Ki,26011208A2i,JACKSON_LABORATORIES,2105,,,2512-43492A
2561791008,NZO/HlLtJ,3737,6B,A8,370-F,1/20/26,F,LFD,10.53,6.49,39.19,5/8/26,INJECT_DAY_FIVE_DOSE_TWO,16.84,NO,D12450Ki,26011208A2i,JACKSON_LABORATORIES,2105,,,2512-43492A
2561791009,NZO/HlLtJ,3738,6B,B8,370-F,1/20/26,F,LFD,9.97,6.08,40.68,5/8/26,INJECT_DAY_FIVE_DOSE_TWO,18.62,NO,D12450Ki,26011208A2i,JACKSON_LABORATORIES,2105,,,2512-43492A
2561791010,NZO/HlLtJ,3739,6B,C8,370-F,1/20/26,F,LFD,11.72,7.15,41.28,5/8/26,INJECT_DAY_FIVE_DOSE_TWO,17.81,NO,D12450Ki,26011208A2i,JACKSON_LABORATORIES,2105,,,2512-43492A
2561791011,NZO/HlLtJ,3740,6B,D8,370-F,1/20/26,F,LFD,5.13,0.45,49.78,5/8/26,INJECT_DAY_FIVE_DOSE_TWO,20.45,NO,D12450Ki,26011208A2i,JACKSON_LABORATORIES,2105,,,2512-43492A
2561791012,NZO/HlLtJ,3741,6B,E8,370-F,1/20/26,F,LFD,10.5,6.59,42.65,5/8/26,INJECT_DAY_FIVE_DOSE_TWO,19.39,NO,D12450Ki,26011208A2i,JACKSON_LABORATORIES,2105,,,2512-43492A
2561791013,NZO/HlLtJ,3742,6B,G7,370-F,2/10/26,F,LFD,15.61,7.5,40,5/8/26,,19.06,NO,D12450Ki,26011208A2i,JACKSON_LABORATORIES,2105,,,2512-43492A
2561791014,NZO/HlLtJ,3743,6B,A8,370-F,2/10/26,F,LFD,17.57,9.77,40.17,5/8/26,,17.8,NO,D12450Ki,26011208A2i,JACKSON_LABORATORIES,2105,,,2512-43492A
2561791015,NZO/HlLtJ,3744,6B,B8,370-F,2/10/26,F,LFD,14.78,5.62,45.76,5/8/26,,18.88,NO,D12450Ki,26011208A2i,JACKSON_LABORATORIES,2105,,,2512-43492A
2561791016,NZO/HlLtJ,3745,6B,C8,370-F,2/10/26,F,LFD,13.8,5.21,42.67,5/8/26,,15.94,NO,D12450Ki,26011208A2i,JACKSON_LABORATORIES,2105,,,2512-43492A
2561791017,NZO/HlLtJ,3746,6B,D8,370-F,2/10/26,F,LFD,17.57,10.45,41.76,5/8/26,,17.99,NO,D12450Ki,26011208A2i,JACKSON_LABORATORIES,2105,,,2512-43492A
2561791018,NZO/HlLtJ,3747,6B,E8,370-F,2/3/26,F,LFD,19.81,11.77,38.43,5/8/26,,16.11,NO,D12450Ki,26011208A2i,JACKSON_LABORATORIES,2105,,,2512-43492A
2561791019,NZO/HlLtJ,3748,6B,F8,370-F,2/3/26,F,LFD,15.91,6.74,46.34,5/8/26,,17.33,NO,D12450Ki,26011208A2i,JACKSON_LABORATORIES,2105,,,2512-43492A
2561791020,NZO/HlLtJ,3749,6B,G8,370-F,2/3/26,F,LFD,16.76,10.8,33.39,5/8/26,,15.99,NO,D12450Ki,26011208A2i,JACKSON_LABORATORIES,2105,,,2512-43492A
2561791021,NZO/HlLtJ,3750,6B,A9,370-F,2/3/26,F,LFD,17.03,10.85,45.82,5/8/26,,17.9,NO,D12450Ki,26011208A2i,JACKSON_LABORATORIES,2105,,,2512-43492A
2561791022,NZO/HlLtJ,3751,6B,B9,370-F,1/27/26,F,LFD,20.32,13.46,40.03,5/8/26,,15.81,NO,D12450Ki,26011208A2i,JACKSON_LABORATORIES,2105,,,2512-43492A
2561791023,NZO/HlLtJ,3752,6B,C9,370-F,1/27/26,F,LFD,14,8.36,40.04,5/8/26,,17.96,NO,D12450Ki,26011208A2i,JACKSON_LABORATORIES,2105,,,2512-43492A
2561791024,NZO/HlLtJ,3753,6B,D9,370-F,1/27/26,F,LFD,12.91,4.19,42.91,5/8/26,,17.02,NO,D12450Ki,26011208A2i,JACKSON_LABORATORIES,2105,,,2512-43492A
2561791001,NZO/HlLtJ,3730,6B,A7,370-F,1/13/26,F,LFD,18.98,16.53,36.29,5/9/26,NO_INJECT_DAY_TWO,16.53,NO,D12450Ki,26011208A2i,JACKSON_LABORATORIES,2105,,,2512-43492A
2561791002,NZO/HlLtJ,3731,6B,B7,370-F,1/13/26,F,LFD,18.44,15.3,35.68,5/9/26,NO_INJECT_DAY_TWO,15.3,NO,D12450Ki,26011208A2i,JACKSON_LABORATORIES,2105,,,2512-43492A
2561791003,NZO/HlLtJ,3732,6B,C7,370-F,1/13/26,F,LFD,18.94,16.07,28.27,5/9/26,NO_INJECT_DAY_TWO,16.07,NO,D12450Ki,26011208A2i,JACKSON_LABORATORIES,2105,,,2512-43492A
2561791004,NZO/HlLtJ,3733,6B,D7,370-F,1/13/26,F,LFD,20.19,17.26,35.81,5/9/26,NO_INJECT_DAY_TWO,17.26,NO,D12450Ki,26011208A2i,JACKSON_LABORATORIES,2105,,,2512-43492A
2561791006,NZO/HlLtJ,3735,6B,F7,370-F,1/20/26,F,LFD,18.86,14.9,44.8,5/9/26,NO_INJECT_DAY_TWO,14.9,NO,D12450Ki,26011208A2i,JACKSON_LABORATORIES,2105,,,2512-43492A
2561791007,NZO/HlLtJ,3736,6B,G7,370-F,1/20/26,F,LFD,18.82,16.08,36.93,5/9/26,NO_INJECT_DAY_TWO,16.08,NO,D12450Ki,26011208A2i,JACKSON_LABORATORIES,2105,,,2512-43492A
2561791008,NZO/HlLtJ,3737,6B,A8,370-F,1/20/26,F,LFD,16.84,14.66,37.62,5/9/26,NO_INJECT_DAY_TWO,14.66,NO,D12450Ki,26011208A2i,JACKSON_LABORATORIES,2105,,,2512-43492A
2561791009,NZO/HlLtJ,3738,6B,B8,370-F,1/20/26,F,LFD,18.62,16.74,39.71,5/9/26,NO_INJECT_DAY_TWO,16.74,NO,D12450Ki,26011208A2i,JACKSON_LABORATORIES,2105,,,2512-43492A
2561791010,NZO/HlLtJ,3739,6B,C8,370-F,1/20/26,F,LFD,17.81,16.01,39.56,5/9/26,NO_INJECT_DAY_TWO,16.01,NO,D12450Ki,26011208A2i,JACKSON_LABORATORIES,2105,,,2512-43492A
2561791011,NZO/HlLtJ,3740,6B,D8,370-F,1/20/26,F,LFD,20.45,15.96,50.22,5/9/26,NO_INJECT_DAY_TWO,15.96,NO,D12450Ki,26011208A2i,JACKSON_LABORATORIES,2105,,,2512-43492A
2561791012,NZO/HlLtJ,3741,6B,E8,370-F,1/20/26,F,LFD,19.39,16.7,42.51,5/9/26,NO_INJECT_DAY_TWO,16.7,NO,D12450Ki,26011208A2i,JACKSON_LABORATORIES,2105,,,2512-43492A
2561791013,NZO/HlLtJ,3742,6B,G7,370-F,2/10/26,F,LFD,,,,5/9/26,,,NO,D12450Ki,26011208A2i,JACKSON_LABORATORIES,2105,,,2512-43492A
2561791014,NZO/HlLtJ,3743,6B,A8,370-F,2/10/26,F,LFD,,,,5/9/26,,,NO,D12450Ki,26011208A2i,JACKSON_LABORATORIES,2105,,,2512-43492A
2561791015,NZO/HlLtJ,3744,6B,B8,370-F,2/10/26,F,LFD,,,,5/9/26,,,NO,D12450Ki,26011208A2i,JACKSON_LABORATORIES,2105,,,2512-43492A
2561791016,NZO/HlLtJ,3745,6B,C8,370-F,2/10/26,F,LFD,,,,5/9/26,,,NO,D12450Ki,26011208A2i,JACKSON_LABORATORIES,2105,,,2512-43492A
2561791017,NZO/HlLtJ,3746,6B,D8,370-F,2/10/26,F,LFD,,,,5/9/26,,,NO,D12450Ki,26011208A2i,JACKSON_LABORATORIES,2105,,,2512-43492A
2561791018,NZO/HlLtJ,3747,6B,E8,370-F,2/3/26,F,LFD,,,,5/9/26,,,NO,D12450Ki,26011208A2i,JACKSON_LABORATORIES,2105,,,2512-43492A
2561791019,NZO/HlLtJ,3748,6B,F8,370-F,2/3/26,F,LFD,,,,5/9/26,,,NO,D12450Ki,26011208A2i,JACKSON_LABORATORIES,2105,,,2512-43492A
2561791020,NZO/HlLtJ,3749,6B,G8,370-F,2/3/26,F,LFD,,,,5/9/26,,,NO,D12450Ki,26011208A2i,JACKSON_LABORATORIES,2105,,,2512-43492A
2561791021,NZO/HlLtJ,3750,6B,A9,370-F,2/3/26,F,LFD,,,,5/9/26,,,NO,D12450Ki,26011208A2i,JACKSON_LABORATORIES,2105,,,2512-43492A
2561791022,NZO/HlLtJ,3751,6B,B9,370-F,1/27/26,F,LFD,,,,5/9/26,,,NO,D12450Ki,26011208A2i,JACKSON_LABORATORIES,2105,,,2512-43492A
2561791023,NZO/HlLtJ,3752,6B,C9,370-F,1/27/26,F,LFD,,,,5/9/26,,,NO,D12450Ki,26011208A2i,JACKSON_LABORATORIES,2105,,,2512-43492A
2561791024,NZO/HlLtJ,3753,6B,D9,370-F,1/27/26,F,LFD,,,,5/9/26,,,NO,D12450Ki,26011208A2i,JACKSON_LABORATORIES,2105,,,2512-43492A
2561791001,NZO/HlLtJ,3730,6B,A7,370-F,1/13/26,F,LFD,16.53,12.09,37.46,5/10/26,INJECT_DAY_SIX_DOSE_TWO,12.09,NO,D12450Ki,26011208A2i,JACKSON_LABORATORIES,2105,,,2512-43492A
2561791002,NZO/HlLtJ,3731,6B,B7,370-F,1/13/26,F,LFD,15.3,10.11,36.6,5/10/26,INJECT_DAY_SIX_DOSE_TWO,10.11,NO,D12450Ki,26011208A2i,JACKSON_LABORATORIES,2105,,,2512-43492A
2561791003,NZO/HlLtJ,3732,6B,C7,370-F,1/13/26,F,LFD,16.07,12.28,28.76,5/10/26,INJECT_DAY_SIX_DOSE_TWO,12.28,NO,D12450Ki,26011208A2i,JACKSON_LABORATORIES,2105,,,2512-43492A
2561791004,NZO/HlLtJ,3733,6B,D7,370-F,1/13/26,F,LFD,17.26,14.06,36.05,5/10/26,INJECT_DAY_SIX_DOSE_TWO,14.06,NO,D12450Ki,26011208A2i,JACKSON_LABORATORIES,2105,,,2512-43492A
2561791006,NZO/HlLtJ,3735,6B,F7,370-F,1/20/26,F,LFD,14.9,11.03,44.43,5/10/26,INJECT_DAY_SIX_DOSE_TWO,11.03,NO,D12450Ki,26011208A2i,JACKSON_LABORATORIES,2105,,,2512-43492A
2561791007,NZO/HlLtJ,3736,6B,G7,370-F,1/20/26,F,LFD,16.08,12.44,36.56,5/10/26,INJECT_DAY_SIX_DOSE_TWO,12.44,NO,D12450Ki,26011208A2i,JACKSON_LABORATORIES,2105,,,2512-43492A
2561791008,NZO/HlLtJ,3737,6B,A8,370-F,1/20/26,F,LFD,14.66,10.3,38.08,5/10/26,INJECT_DAY_SIX_DOSE_TWO,10.3,NO,D12450Ki,26011208A2i,JACKSON_LABORATORIES,2105,,,2512-43492A
2561791009,NZO/HlLtJ,3738,6B,B8,370-F,1/20/26,F,LFD,16.74,12.9,39.92,5/10/26,INJECT_DAY_SIX_DOSE_TWO,12.9,NO,D12450Ki,26011208A2i,JACKSON_LABORATORIES,2105,,,2512-43492A
2561791010,NZO/HlLtJ,3739,6B,C8,370-F,1/20/26,F,LFD,16.01,11.79,40.56,5/10/26,INJECT_DAY_SIX_DOSE_TWO,11.79,NO,D12450Ki,26011208A2i,JACKSON_LABORATORIES,2105,,,2512-43492A
2561791011,NZO/HlLtJ,3740,6B,D8,370-F,1/20/26,F,LFD,15.96,11.69,49.91,5/10/26,INJECT_DAY_SIX_DOSE_TWO,11.69,NO,D12450Ki,26011208A2i,JACKSON_LABORATORIES,2105,,,2512-43492A
2561791012,NZO/HlLtJ,3741,6B,E8,370-F,1/20/26,F,LFD,16.7,11.6,43.98,5/10/26,INJECT_DAY_SIX_DOSE_TWO,11.6,NO,D12450Ki,26011208A2i,JACKSON_LABORATORIES,2105,,,2512-43492A
2561791013,NZO/HlLtJ,3742,6B,G7,370-F,2/10/26,F,LFD,,,,5/10/26,,,NO,D12450Ki,26011208A2i,JACKSON_LABORATORIES,2105,,,2512-43492A
2561791014,NZO/HlLtJ,3743,6B,A8,370-F,2/10/26,F,LFD,,,,5/10/26,,,NO,D12450Ki,26011208A2i,JACKSON_LABORATORIES,2105,,,2512-43492A
2561791015,NZO/HlLtJ,3744,6B,B8,370-F,2/10/26,F,LFD,,,,5/10/26,,,NO,D12450Ki,26011208A2i,JACKSON_LABORATORIES,2105,,,2512-43492A
2561791016,NZO/HlLtJ,3745,6B,C8,370-F,2/10/26,F,LFD,,,,5/10/26,,,NO,D12450Ki,26011208A2i,JACKSON_LABORATORIES,2105,,,2512-43492A
2561791017,NZO/HlLtJ,3746,6B,D8,370-F,2/10/26,F,LFD,,,,5/10/26,,,NO,D12450Ki,26011208A2i,JACKSON_LABORATORIES,2105,,,2512-43492A
2561791018,NZO/HlLtJ,3747,6B,E8,370-F,2/3/26,F,LFD,,,,5/10/26,,,NO,D12450Ki,26011208A2i,JACKSON_LABORATORIES,2105,,,2512-43492A
2561791019,NZO/HlLtJ,3748,6B,F8,370-F,2/3/26,F,LFD,,,,5/10/26,,,NO,D12450Ki,26011208A2i,JACKSON_LABORATORIES,2105,,,2512-43492A
2561791020,NZO/HlLtJ,3749,6B,G8,370-F,2/3/26,F,LFD,,,,5/10/26,,,NO,D12450Ki,26011208A2i,JACKSON_LABORATORIES,2105,,,2512-43492A
2561791021,NZO/HlLtJ,3750,6B,A9,370-F,2/3/26,F,LFD,,,,5/10/26,,,NO,D12450Ki,26011208A2i,JACKSON_LABORATORIES,2105,,,2512-43492A
2561791022,NZO/HlLtJ,3751,6B,B9,370-F,1/27/26,F,LFD,,,,5/10/26,,,NO,D12450Ki,26011208A2i,JACKSON_LABORATORIES,2105,,,2512-43492A
2561791023,NZO/HlLtJ,3752,6B,C9,370-F,1/27/26,F,LFD,,,,5/10/26,,,NO,D12450Ki,26011208A2i,JACKSON_LABORATORIES,2105,,,2512-43492A
2561791024,NZO/HlLtJ,3753,6B,D9,370-F,1/27/26,F,LFD,,,,5/10/26,,,NO,D12450Ki,26011208A2i,JACKSON_LABORATORIES,2105,,,2512-43492A
2561791001,NZO/HlLtJ,3730,6B,A7,370-F,1/13/26,F,LFD,12.09,9.64,36.47,5/11/26,INJECT_DAY_SEVEN_DOSE_TWO,21.07,NO,D12450Ki,26011208A2i,JACKSON_LABORATORIES,2105,,,2512-43492A
2561791002,NZO/HlLtJ,3731,6B,B7,370-F,1/13/26,F,LFD,10.11,5.76,36.83,5/11/26,INJECT_DAY_SEVEN_DOSE_TWO,23.63,NO,D12450Ki,26011208A2i,JACKSON_LABORATORIES,2105,,,2512-43492A
2561791003,NZO/HlLtJ,3732,6B,C7,370-F,1/13/26,F,LFD,12.28,9.05,28.86,5/11/26,INJECT_DAY_SEVEN_DOSE_TWO,20.72,NO,D12450Ki,26011208A2i,JACKSON_LABORATORIES,2105,,,2512-43492A
2561791004,NZO/HlLtJ,3733,6B,D7,370-F,1/13/26,F,LFD,14.06,11.54,35.47,5/11/26,INJECT_DAY_SEVEN_DOSE_TWO,23.89,NO,D12450Ki,26011208A2i,JACKSON_LABORATORIES,2105,,,2512-43492A
2561791006,NZO/HlLtJ,3735,6B,F7,370-F,1/20/26,F,LFD,11.03,6.83,44.53,5/11/26,INJECT_DAY_SEVEN_DOSE_TWO,24.66,NO,D12450Ki,26011208A2i,JACKSON_LABORATORIES,2105,,,2512-43492A
2561791007,NZO/HlLtJ,3736,6B,G7,370-F,1/20/26,F,LFD,12.44,7.6,37.81,5/11/26,INJECT_DAY_SEVEN_DOSE_TWO,25.14,NO,D12450Ki,26011208A2i,JACKSON_LABORATORIES,2105,,,2512-43492A
2561791008,NZO/HlLtJ,3737,6B,A8,370-F,1/20/26,F,LFD,10.3,6.25,38.64,5/11/26,INJECT_DAY_SEVEN_DOSE_TWO,23.28,NO,D12450Ki,26011208A2i,JACKSON_LABORATORIES,2105,,,2512-43492A
2561791009,NZO/HlLtJ,3738,6B,B8,370-F,1/20/26,F,LFD,12.9,9.74,40.02,5/11/26,INJECT_DAY_SEVEN_DOSE_TWO,24.74,NO,D12450Ki,26011208A2i,JACKSON_LABORATORIES,2105,,,2512-43492A
2561791010,NZO/HlLtJ,3739,6B,C8,370-F,1/20/26,F,LFD,11.79,9.19,39.58,5/11/26,INJECT_DAY_SEVEN_DOSE_TWO,23.28,NO,D12450Ki,26011208A2i,JACKSON_LABORATORIES,2105,,,2512-43492A
2561791011,NZO/HlLtJ,3740,6B,D8,370-F,1/20/26,F,LFD,11.69,7.13,50.01,5/11/26,INJECT_DAY_SEVEN_DOSE_TWO,28.18,NO,D12450Ki,26011208A2i,JACKSON_LABORATORIES,2105,,,2512-43492A
2561791012,NZO/HlLtJ,3741,6B,E8,370-F,1/20/26,F,LFD,11.6,8.61,42.8,5/11/26,INJECT_DAY_SEVEN_DOSE_TWO,22.71,NO,D12450Ki,26011208A2i,JACKSON_LABORATORIES,2105,,,2512-43492A
2561791013,NZO/HlLtJ,3742,6B,G7,370-F,2/10/26,F,LFD,19.06,7.55,40.34,5/11/26,,21.22,NO,D12450Ki,26011208A2i,JACKSON_LABORATORIES,2105,,,2512-43492A
2561791014,NZO/HlLtJ,3743,6B,A8,370-F,2/10/26,F,LFD,17.8,6.89,40.88,5/11/26,,20.55,NO,D12450Ki,26011208A2i,JACKSON_LABORATORIES,2105,,,2512-43492A
2561791015,NZO/HlLtJ,3744,6B,B8,370-F,2/10/26,F,LFD,18.88,5.08,47.1,5/11/26,,24.94,NO,D12450Ki,26011208A2i,JACKSON_LABORATORIES,2105,,,2512-43492A
2561791016,NZO/HlLtJ,3745,6B,C8,370-F,2/10/26,F,LFD,15.94,2.55,43.33,5/11/26,,23.63,NO,D12450Ki,26011208A2i,JACKSON_LABORATORIES,2105,,,2512-43492A
2561791017,NZO/HlLtJ,3746,6B,D8,370-F,2/10/26,F,LFD,17.99,8.36,41.61,5/11/26,,23.94,NO,D12450Ki,26011208A2i,JACKSON_LABORATORIES,2105,,,2512-43492A
2561791018,NZO/HlLtJ,3747,6B,E8,370-F,2/3/26,F,LFD,16.11,3.96,39.01,5/11/26,,22.52,NO,D12450Ki,26011208A2i,JACKSON_LABORATORIES,2105,,,2512-43492A
2561791019,NZO/HlLtJ,3748,6B,F8,370-F,2/3/26,F,LFD,17.33,4.58,46.12,5/11/26,,25.51,NO,D12450Ki,26011208A2i,JACKSON_LABORATORIES,2105,,,2512-43492A
2561791020,NZO/HlLtJ,3749,6B,G8,370-F,2/3/26,F,LFD,15.99,7.13,33.57,5/11/26,,19.91,NO,D12450Ki,26011208A2i,JACKSON_LABORATORIES,2105,,,2512-43492A
2561791021,NZO/HlLtJ,3750,6B,A9,370-F,2/3/26,F,LFD,17.9,7.61,45.55,5/11/26,,20.3,NO,D12450Ki,26011208A2i,JACKSON_LABORATORIES,2105,,,2512-43492A
2561791022,NZO/HlLtJ,3751,6B,B9,370-F,1/27/26,F,LFD,15.81,3.72,41.14,5/11/26,,21.62,NO,D12450Ki,26011208A2i,JACKSON_LABORATORIES,2105,,,2512-43492A
2561791023,NZO/HlLtJ,3752,6B,C9,370-F,1/27/26,F,LFD,17.96,7.73,40.42,5/11/26,,21.44,NO,D12450Ki,26011208A2i,JACKSON_LABORATORIES,2105,,,2512-43492A
2561791024,NZO/HlLtJ,3753,6B,D9,370-F,1/27/26,F,LFD,17.02,4.94,43.63,5/11/26,,22.14,NO,D12450Ki,26011208A2i,JACKSON_LABORATORIES,2105,,,2512-43492A
2561791001,NZO/HlLtJ,3730,6B,A7,370-F,1/13/26,F,LFD,21.07,19.07,35.75,5/12/26,INJECT_DAY_EIGHT_DOSE_TWO,19.07,NO,D12450Ki,26011208A2i,JACKSON_LABORATORIES,2105,,,2512-43492A
2561791002,NZO/HlLtJ,3731,6B,B7,370-F,1/13/26,F,LFD,23.63,21.13,36.05,5/12/26,INJECT_DAY_EIGHT_DOSE_TWO,21.13,NO,D12450Ki,26011208A2i,JACKSON_LABORATORIES,2105,,,2512-43492A
2561791003,NZO/HlLtJ,3732,6B,C7,370-F,1/13/26,F,LFD,20.72,18.41,28.39,5/12/26,INJECT_DAY_EIGHT_DOSE_TWO,18.41,NO,D12450Ki,26011208A2i,JACKSON_LABORATORIES,2105,,,2512-43492A
2561791004,NZO/HlLtJ,3733,6B,D7,370-F,1/13/26,F,LFD,23.89,22.25,34.68,5/12/26,INJECT_DAY_EIGHT_DOSE_TWO,22.25,NO,D12450Ki,26011208A2i,JACKSON_LABORATORIES,2105,,,2512-43492A
2561791006,NZO/HlLtJ,3735,6B,F7,370-F,1/20/26,F,LFD,24.66,22.13,43.84,5/12/26,INJECT_DAY_EIGHT_DOSE_TWO,22.13,NO,D12450Ki,26011208A2i,JACKSON_LABORATORIES,2105,,,2512-43492A
2561791007,NZO/HlLtJ,3736,6B,G7,370-F,1/20/26,F,LFD,25.14,21.85,37.64,5/12/26,INJECT_DAY_EIGHT_DOSE_TWO,21.85,NO,D12450Ki,26011208A2i,JACKSON_LABORATORIES,2105,,,2512-43492A
2561791008,NZO/HlLtJ,3737,6B,A8,370-F,1/20/26,F,LFD,23.28,20.94,37.58,5/12/26,INJECT_DAY_EIGHT_DOSE_TWO,20.94,NO,D12450Ki,26011208A2i,JACKSON_LABORATORIES,2105,,,2512-43492A
2561791009,NZO/HlLtJ,3738,6B,B8,370-F,1/20/26,F,LFD,24.74,22.48,39.29,5/12/26,INJECT_DAY_EIGHT_DOSE_TWO,22.48,NO,D12450Ki,26011208A2i,JACKSON_LABORATORIES,2105,,,2512-43492A
2561791010,NZO/HlLtJ,3739,6B,C8,370-F,1/20/26,F,LFD,23.28,21.85,38.24,5/12/26,INJECT_DAY_EIGHT_DOSE_TWO,21.85,NO,D12450Ki,26011208A2i,JACKSON_LABORATORIES,2105,,,2512-43492A
2561791011,NZO/HlLtJ,3740,6B,D8,370-F,1/20/26,F,LFD,28.18,24.89,50.36,5/12/26,INJECT_DAY_EIGHT_DOSE_TWO,24.89,NO,D12450Ki,26011208A2i,JACKSON_LABORATORIES,2105,,,2512-43492A
2561791012,NZO/HlLtJ,3741,6B,E8,370-F,1/20/26,F,LFD,22.71,19.94,42.55,5/12/26,INJECT_DAY_EIGHT_DOSE_TWO,19.94,NO,D12450Ki,26011208A2i,JACKSON_LABORATORIES,2105,,,2512-43492A
2561791013,NZO/HlLtJ,3742,6B,G7,370-F,2/10/26,F,LFD,,,,5/12/26,,,NO,D12450Ki,26011208A2i,JACKSON_LABORATORIES,2105,,,2512-43492A
2561791014,NZO/HlLtJ,3743,6B,A8,370-F,2/10/26,F,LFD,,,,5/12/26,,,NO,D12450Ki,26011208A2i,JACKSON_LABORATORIES,2105,,,2512-43492A
2561791015,NZO/HlLtJ,3744,6B,B8,370-F,2/10/26,F,LFD,,,,5/12/26,,,NO,D12450Ki,26011208A2i,JACKSON_LABORATORIES,2105,,,2512-43492A
2561791016,NZO/HlLtJ,3745,6B,C8,370-F,2/10/26,F,LFD,,,,5/12/26,,,NO,D12450Ki,26011208A2i,JACKSON_LABORATORIES,2105,,,2512-43492A
2561791017,NZO/HlLtJ,3746,6B,D8,370-F,2/10/26,F,LFD,,,,5/12/26,,,NO,D12450Ki,26011208A2i,JACKSON_LABORATORIES,2105,,,2512-43492A
2561791018,NZO/HlLtJ,3747,6B,E8,370-F,2/3/26,F,LFD,,,,5/12/26,,,NO,D12450Ki,26011208A2i,JACKSON_LABORATORIES,2105,,,2512-43492A
2561791019,NZO/HlLtJ,3748,6B,F8,370-F,2/3/26,F,LFD,,,,5/12/26,,,NO,D12450Ki,26011208A2i,JACKSON_LABORATORIES,2105,,,2512-43492A
2561791020,NZO/HlLtJ,3749,6B,G8,370-F,2/3/26,F,LFD,,,,5/12/26,,,NO,D12450Ki,26011208A2i,JACKSON_LABORATORIES,2105,,,2512-43492A
2561791021,NZO/HlLtJ,3750,6B,A9,370-F,2/3/26,F,LFD,,,,5/12/26,,,NO,D12450Ki,26011208A2i,JACKSON_LABORATORIES,2105,,,2512-43492A
2561791022,NZO/HlLtJ,3751,6B,B9,370-F,1/27/26,F,LFD,,,,5/12/26,,,NO,D12450Ki,26011208A2i,JACKSON_LABORATORIES,2105,,,2512-43492A
2561791023,NZO/HlLtJ,3752,6B,C9,370-F,1/27/26,F,LFD,,,,5/12/26,,,NO,D12450Ki,26011208A2i,JACKSON_LABORATORIES,2105,,,2512-43492A
2561791024,NZO/HlLtJ,3753,6B,D9,370-F,1/27/26,F,LFD,,,,5/12/26,,,NO,D12450Ki,26011208A2i,JACKSON_LABORATORIES,2105,,,2512-43492A
2561791001,NZO/HlLtJ,3730,6B,A7,370-F,1/13/26,F,LFD,19.07,17.16,35.21,5/13/26,INJECT_DAY_NINE_DOSE_TWO,17.16,NO,D12450Ki,26011208A2i,JACKSON_LABORATORIES,2105,,,2512-43492A
2561791002,NZO/HlLtJ,3731,6B,B7,370-F,1/13/26,F,LFD,21.13,18.48,36.08,5/13/26,INJECT_DAY_NINE_DOSE_TWO,18.48,NO,D12450Ki,26011208A2i,JACKSON_LABORATORIES,2105,,,2512-43492A
2561791003,NZO/HlLtJ,3732,6B,C7,370-F,1/13/26,F,LFD,18.41,15.9,28,5/13/26,INJECT_DAY_NINE_DOSE_TWO,15.9,NO,D12450Ki,26011208A2i,JACKSON_LABORATORIES,2105,,,2512-43492A
2561791004,NZO/HlLtJ,3733,6B,D7,370-F,1/13/26,F,LFD,22.25,20.27,33.92,5/13/26,INJECT_DAY_NINE_DOSE_TWO,20.27,NO,D12450Ki,26011208A2i,JACKSON_LABORATORIES,2105,,,2512-43492A
2561791006,NZO/HlLtJ,3735,6B,F7,370-F,1/20/26,F,LFD,22.13,18.06,44.15,5/13/26,INJECT_DAY_NINE_DOSE_TWO,18.06,NO,D12450Ki,26011208A2i,JACKSON_LABORATORIES,2105,,,2512-43492A
2561791007,NZO/HlLtJ,3736,6B,G7,370-F,1/20/26,F,LFD,21.85,17.2,38.18,5/13/26,INJECT_DAY_NINE_DOSE_TWO,17.2,NO,D12450Ki,26011208A2i,JACKSON_LABORATORIES,2105,,,2512-43492A
2561791008,NZO/HlLtJ,3737,6B,A8,370-F,1/20/26,F,LFD,20.94,18.16,37.72,5/13/26,INJECT_DAY_NINE_DOSE_TWO,18.16,NO,D12450Ki,26011208A2i,JACKSON_LABORATORIES,2105,,,2512-43492A
2561791009,NZO/HlLtJ,3738,6B,B8,370-F,1/20/26,F,LFD,22.48,19.7,39.64,5/13/26,INJECT_DAY_NINE_DOSE_TWO,19.7,NO,D12450Ki,26011208A2i,JACKSON_LABORATORIES,2105,,,2512-43492A
2561791010,NZO/HlLtJ,3739,6B,C8,370-F,1/20/26,F,LFD,21.85,20.22,37.6,5/13/26,INJECT_DAY_NINE_DOSE_TWO,20.22,NO,D12450Ki,26011208A2i,JACKSON_LABORATORIES,2105,,,2512-43492A
2561791011,NZO/HlLtJ,3740,6B,D8,370-F,1/20/26,F,LFD,24.89,20.71,50.37,5/13/26,INJECT_DAY_NINE_DOSE_TWO,20.71,NO,D12450Ki,26011208A2i,JACKSON_LABORATORIES,2105,,,2512-43492A
2561791012,NZO/HlLtJ,3741,6B,E8,370-F,1/20/26,F,LFD,19.94,16.74,43.1,5/13/26,INJECT_DAY_NINE_DOSE_TWO,16.74,NO,D12450Ki,26011208A2i,JACKSON_LABORATORIES,2105,,,2512-43492A
2561791013,NZO/HlLtJ,3742,6B,G7,370-F,2/10/26,F,LFD,21.22,15.01,40.49,5/13/26,,15.01,NO,D12450Ki,26011208A2i,JACKSON_LABORATORIES,2105,,,2512-43492A
2561791014,NZO/HlLtJ,3743,6B,A8,370-F,2/10/26,F,LFD,20.55,12.93,40.59,5/13/26,,12.93,NO,D12450Ki,26011208A2i,JACKSON_LABORATORIES,2105,,,2512-43492A
2561791015,NZO/HlLtJ,3744,6B,B8,370-F,2/10/26,F,LFD,24.94,16.95,47.4,5/13/26,,16.95,NO,D12450Ki,26011208A2i,JACKSON_LABORATORIES,2105,,,2512-43492A
2561791016,NZO/HlLtJ,3745,6B,C8,370-F,2/10/26,F,LFD,23.63,15.07,44.14,5/13/26,,15.07,NO,D12450Ki,26011208A2i,JACKSON_LABORATORIES,2105,,,2512-43492A
2561791017,NZO/HlLtJ,3746,6B,D8,370-F,2/10/26,F,LFD,23.94,17.52,41.69,5/13/26,,17.52,NO,D12450Ki,26011208A2i,JACKSON_LABORATORIES,2105,,,2512-43492A
2561791018,NZO/HlLtJ,3747,6B,E8,370-F,2/3/26,F,LFD,22.52,15.69,39.34,5/13/26,,15.69,NO,D12450Ki,26011208A2i,JACKSON_LABORATORIES,2105,,,2512-43492A
2561791019,NZO/HlLtJ,3748,6B,F8,370-F,2/3/26,F,LFD,25.51,17.63,47.07,5/13/26,,17.63,NO,D12450Ki,26011208A2i,JACKSON_LABORATORIES,2105,,,2512-43492A
2561791020,NZO/HlLtJ,3749,6B,G8,370-F,2/3/26,F,LFD,19.91,13.07,34.19,5/13/26,,13.07,NO,D12450Ki,26011208A2i,JACKSON_LABORATORIES,2105,,,2512-43492A
2561791021,NZO/HlLtJ,3750,6B,A9,370-F,2/3/26,F,LFD,20.3,12.41,46.19,5/13/26,,12.41,NO,D12450Ki,26011208A2i,JACKSON_LABORATORIES,2105,,,2512-43492A
2561791022,NZO/HlLtJ,3751,6B,B9,370-F,1/27/26,F,LFD,21.62,15.38,41.3,5/13/26,,15.38,NO,D12450Ki,26011208A2i,JACKSON_LABORATORIES,2105,,,2512-43492A
2561791023,NZO/HlLtJ,3752,6B,C9,370-F,1/27/26,F,LFD,21.44,15.1,40.6,5/13/26,,15.1,NO,D12450Ki,26011208A2i,JACKSON_LABORATORIES,2105,,,2512-43492A
2561791024,NZO/HlLtJ,3753,6B,D9,370-F,1/27/26,F,LFD,22.14,15.33,43.66,5/13/26,,15.33,NO,D12450Ki,26011208A2i,JACKSON_LABORATORIES,2105,,,2512-43492A
2561791001,NZO/HlLtJ,3730,6B,A7,370-F,1/13/26,F,LFD,17.16,15.56,34.76,5/14/26,INJECT_DAY_TEN_DOSE_TWO,15.56,NO,D12450Ki,26011208A2i,JACKSON_LABORATORIES,2105,,,2512-43492A
2561791002,NZO/HlLtJ,3731,6B,B7,370-F,1/13/26,F,LFD,18.48,15.49,36.17,5/14/26,INJECT_DAY_TEN_DOSE_TWO,15.49,NO,D12450Ki,26011208A2i,JACKSON_LABORATORIES,2105,,,2512-43492A
2561791003,NZO/HlLtJ,3732,6B,C7,370-F,1/13/26,F,LFD,15.9,13.23,28.2,5/14/26,INJECT_DAY_TEN_DOSE_TWO,13.23,NO,D12450Ki,26011208A2i,JACKSON_LABORATORIES,2105,,,2512-43492A
2561791004,NZO/HlLtJ,3733,6B,D7,370-F,1/13/26,F,LFD,20.27,18.55,33.85,5/14/26,INJECT_DAY_TEN_DOSE_TWO,18.55,NO,D12450Ki,26011208A2i,JACKSON_LABORATORIES,2105,,,2512-43492A
2561791006,NZO/HlLtJ,3735,6B,F7,370-F,1/20/26,F,LFD,18.06,13.11,45.43,5/14/26,INJECT_DAY_TEN_DOSE_TWO,13.11,NO,D12450Ki,26011208A2i,JACKSON_LABORATORIES,2105,,,2512-43492A
2561791007,NZO/HlLtJ,3736,6B,G7,370-F,1/20/26,F,LFD,17.2,13.03,38.8,5/14/26,INJECT_DAY_TEN_DOSE_TWO,13.03,NO,D12450Ki,26011208A2i,JACKSON_LABORATORIES,2105,,,2512-43492A
2561791008,NZO/HlLtJ,3737,6B,A8,370-F,1/20/26,F,LFD,18.16,15.27,38.08,5/14/26,INJECT_DAY_TEN_DOSE_TWO,15.27,NO,D12450Ki,26011208A2i,JACKSON_LABORATORIES,2105,,,2512-43492A
2561791009,NZO/HlLtJ,3738,6B,B8,370-F,1/20/26,F,LFD,19.7,17.24,39.47,5/14/26,INJECT_DAY_TEN_DOSE_TWO,17.24,NO,D12450Ki,26011208A2i,JACKSON_LABORATORIES,2105,,,2512-43492A
2561791010,NZO/HlLtJ,3739,6B,C8,370-F,1/20/26,F,LFD,20.22,18.51,37.27,5/14/26,INJECT_DAY_TEN_DOSE_TWO,18.51,NO,D12450Ki,26011208A2i,JACKSON_LABORATORIES,2105,,,2512-43492A
2561791011,NZO/HlLtJ,3740,6B,D8,370-F,1/20/26,F,LFD,20.71,15.95,51.62,5/14/26,INJECT_DAY_TEN_DOSE_TWO,15.95,NO,D12450Ki,26011208A2i,JACKSON_LABORATORIES,2105,,,2512-43492A
2561791012,NZO/HlLtJ,3741,6B,E8,370-F,1/20/26,F,LFD,16.74,13.56,43.25,5/14/26,INJECT_DAY_TEN_DOSE_TWO,13.56,NO,D12450Ki,26011208A2i,JACKSON_LABORATORIES,2105,,,2512-43492A
2561791013,NZO/HlLtJ,3742,6B,G7,370-F,2/10/26,F,LFD,,,,5/14/26,,,NO,D12450Ki,26011208A2i,JACKSON_LABORATORIES,2105,,,2512-43492A
2561791014,NZO/HlLtJ,3743,6B,A8,370-F,2/10/26,F,LFD,,,,5/14/26,,,NO,D12450Ki,26011208A2i,JACKSON_LABORATORIES,2105,,,2512-43492A
2561791015,NZO/HlLtJ,3744,6B,B8,370-F,2/10/26,F,LFD,,,,5/14/26,,,NO,D12450Ki,26011208A2i,JACKSON_LABORATORIES,2105,,,2512-43492A
2561791016,NZO/HlLtJ,3745,6B,C8,370-F,2/10/26,F,LFD,,,,5/14/26,,,NO,D12450Ki,26011208A2i,JACKSON_LABORATORIES,2105,,,2512-43492A
2561791017,NZO/HlLtJ,3746,6B,D8,370-F,2/10/26,F,LFD,,,,5/14/26,,,NO,D12450Ki,26011208A2i,JACKSON_LABORATORIES,2105,,,2512-43492A
2561791018,NZO/HlLtJ,3747,6B,E8,370-F,2/3/26,F,LFD,,,,5/14/26,,,NO,D12450Ki,26011208A2i,JACKSON_LABORATORIES,2105,,,2512-43492A
2561791019,NZO/HlLtJ,3748,6B,F8,370-F,2/3/26,F,LFD,,,,5/14/26,,,NO,D12450Ki,26011208A2i,JACKSON_LABORATORIES,2105,,,2512-43492A
2561791020,NZO/HlLtJ,3749,6B,G8,370-F,2/3/26,F,LFD,,,,5/14/26,,,NO,D12450Ki,26011208A2i,JACKSON_LABORATORIES,2105,,,2512-43492A
2561791021,NZO/HlLtJ,3750,6B,A9,370-F,2/3/26,F,LFD,,,,5/14/26,,,NO,D12450Ki,26011208A2i,JACKSON_LABORATORIES,2105,,,2512-43492A
2561791022,NZO/HlLtJ,3751,6B,B9,370-F,1/27/26,F,LFD,,,,5/14/26,,,NO,D12450Ki,26011208A2i,JACKSON_LABORATORIES,2105,,,2512-43492A
2561791023,NZO/HlLtJ,3752,6B,C9,370-F,1/27/26,F,LFD,,,,5/14/26,,,NO,D12450Ki,26011208A2i,JACKSON_LABORATORIES,2105,,,2512-43492A
2561791024,NZO/HlLtJ,3753,6B,D9,370-F,1/27/26,F,LFD,,,,5/14/26,,,NO,D12450Ki,26011208A2i,JACKSON_LABORATORIES,2105,,,2512-43492A
2561791001,NZO/HlLtJ,3730,6B,A7,370-F,1/13/26,F,LFD,15.56,13.55,34.47,5/15/26,INJECT_DAY_ELEVEN_DOSE_TWO,14.81,NO,D12450Ki,26011208A2i,JACKSON_LABORATORIES,2105,,,2512-43492A
2561791002,NZO/HlLtJ,3731,6B,B7,370-F,1/13/26,F,LFD,15.49,11.56,36.76,5/15/26,INJECT_DAY_ELEVEN_DOSE_TWO,14.2,NO,D12450Ki,26011208A2i,JACKSON_LABORATORIES,2105,,,2512-43492A
2561791003,NZO/HlLtJ,3732,6B,C7,370-F,1/13/26,F,LFD,13.23,10.54,28.12,5/15/26,INJECT_DAY_ELEVEN_DOSE_TWO,13.49,NO,D12450Ki,26011208A2i,JACKSON_LABORATORIES,2105,,,2512-43492A
2561791004,NZO/HlLtJ,3733,6B,D7,370-F,1/13/26,F,LFD,18.55,15.76,33.88,5/15/26,INJECT_DAY_ELEVEN_DOSE_TWO,15.61,NO,D12450Ki,26011208A2i,JACKSON_LABORATORIES,2105,,,2512-43492A
2561791006,NZO/HlLtJ,3735,6B,F7,370-F,1/20/26,F,LFD,13.11,8.83,45.25,5/15/26,INJECT_DAY_ELEVEN_DOSE_TWO,13.81,NO,D12450Ki,26011208A2i,JACKSON_LABORATORIES,2105,,,2512-43492A
2561791007,NZO/HlLtJ,3736,6B,G7,370-F,1/20/26,F,LFD,13.03,8.7,39.03,5/15/26,INJECT_DAY_ELEVEN_DOSE_TWO,12.47,NO,D12450Ki,26011208A2i,JACKSON_LABORATORIES,2105,,,2512-43492A
2561791008,NZO/HlLtJ,3737,6B,A8,370-F,1/20/26,F,LFD,15.27,12.12,37.14,5/15/26,INJECT_DAY_ELEVEN_DOSE_TWO,14.6,NO,D12450Ki,26011208A2i,JACKSON_LABORATORIES,2105,,,2512-43492A
2561791009,NZO/HlLtJ,3738,6B,B8,370-F,1/20/26,F,LFD,17.24,13.88,39,5/15/26,INJECT_DAY_ELEVEN_DOSE_TWO,15.27,NO,D12450Ki,26011208A2i,JACKSON_LABORATORIES,2105,,,2512-43492A
2561791010,NZO/HlLtJ,3739,6B,C8,370-F,1/20/26,F,LFD,18.51,15.86,36.67,5/15/26,INJECT_DAY_ELEVEN_DOSE_TWO,15.05,NO,D12450Ki,26011208A2i,JACKSON_LABORATORIES,2105,,,2512-43492A
2561791011,NZO/HlLtJ,3740,6B,D8,370-F,1/20/26,F,LFD,15.95,11.23,51.18,5/15/26,INJECT_DAY_ELEVEN_DOSE_TWO,15.82,NO,D12450Ki,26011208A2i,JACKSON_LABORATORIES,2105,,,2512-43492A
2561791012,NZO/HlLtJ,3741,6B,E8,370-F,1/20/26,F,LFD,13.56,12.4,41.62,5/15/26,INJECT_DAY_ELEVEN_DOSE_TWO,13.76,NO,D12450Ki,26011208A2i,JACKSON_LABORATORIES,2105,,,2512-43492A
2561791013,NZO/HlLtJ,3742,6B,G7,370-F,2/10/26,F,LFD,15.01,6.39,41.21,5/15/26,,23.85,NO,D12450Ki,26011208A2i,JACKSON_LABORATORIES,2105,,,2512-43492A
2561791014,NZO/HlLtJ,3743,6B,A8,370-F,2/10/26,F,LFD,12.93,6.75,39.83,5/15/26,,19.25,NO,D12450Ki,26011208A2i,JACKSON_LABORATORIES,2105,,,2512-43492A
2561791015,NZO/HlLtJ,3744,6B,B8,370-F,2/10/26,F,LFD,16.95,7.88,47.87,5/15/26,,19.97,NO,D12450Ki,26011208A2i,JACKSON_LABORATORIES,2105,,,2512-43492A
2561791016,NZO/HlLtJ,3745,6B,C8,370-F,2/10/26,F,LFD,15.07,5.73,45.02,5/15/26,,16.43,NO,D12450Ki,26011208A2i,JACKSON_LABORATORIES,2105,,,2512-43492A
2561791017,NZO/HlLtJ,3746,6B,D8,370-F,2/10/26,F,LFD,17.52,10.44,41.55,5/15/26,,16.26,NO,D12450Ki,26011208A2i,JACKSON_LABORATORIES,2105,,,2512-43492A
2561791018,NZO/HlLtJ,3747,6B,E8,370-F,2/3/26,F,LFD,15.69,7.89,39.13,5/15/26,,20.42,NO,D12450Ki,26011208A2i,JACKSON_LABORATORIES,2105,,,2512-43492A
2561791019,NZO/HlLtJ,3748,6B,F8,370-F,2/3/26,F,LFD,17.63,9.26,46.91,5/15/26,,17.51,NO,D12450Ki,26011208A2i,JACKSON_LABORATORIES,2105,,,2512-43492A
2561791020,NZO/HlLtJ,3749,6B,G8,370-F,2/3/26,F,LFD,13.07,4.11,35.02,5/15/26,,21.72,NO,D12450Ki,26011208A2i,JACKSON_LABORATORIES,2105,,,2512-43492A
2561791021,NZO/HlLtJ,3750,6B,A9,370-F,2/3/26,F,LFD,12.41,2.73,46.92,5/15/26,,27.46,NO,D12450Ki,26011208A2i,JACKSON_LABORATORIES,2105,,,2512-43492A
2561791022,NZO/HlLtJ,3751,6B,B9,370-F,1/27/26,F,LFD,15.38,7.15,41.42,5/15/26,,18.2,NO,D12450Ki,26011208A2i,JACKSON_LABORATORIES,2105,,,2512-43492A
2561791023,NZO/HlLtJ,3752,6B,C9,370-F,1/27/26,F,LFD,15.1,6.36,41.41,5/15/26,,22.8,NO,D12450Ki,26011208A2i,JACKSON_LABORATORIES,2105,,,2512-43492A
2561791024,NZO/HlLtJ,3753,6B,D9,370-F,1/27/26,F,LFD,15.33,6.74,43.92,5/15/26,,21.63,NO,D12450Ki,26011208A2i,JACKSON_LABORATORIES,2105,,,2512-43492A
2561791001,NZO/HlLtJ,3730,6B,A7,370-F,1/13/26,F,LFD,14.81,12.25,34.46,5/16/26,INJECT_DAY_TWELVE_DOSE_TWO,12.25,NO,D12450Ki,26011208A2i,JACKSON_LABORATORIES,2105,,,2512-43492A
2561791002,NZO/HlLtJ,3731,6B,B7,370-F,1/13/26,F,LFD,14.2,11.21,37.31,5/16/26,INJECT_DAY_TWELVE_DOSE_TWO,11.21,NO,D12450Ki,26011208A2i,JACKSON_LABORATORIES,2105,,,2512-43492A
2561791003,NZO/HlLtJ,3732,6B,C7,370-F,1/13/26,F,LFD,13.49,11.38,27.98,5/16/26,INJECT_DAY_TWELVE_DOSE_TWO,11.38,NO,D12450Ki,26011208A2i,JACKSON_LABORATORIES,2105,,,2512-43492A
2561791004,NZO/HlLtJ,3733,6B,D7,370-F,1/13/26,F,LFD,15.61,13.37,34.11,5/16/26,INJECT_DAY_TWELVE_DOSE_TWO,13.37,NO,D12450Ki,26011208A2i,JACKSON_LABORATORIES,2105,,,2512-43492A
2561791006,NZO/HlLtJ,3735,6B,F7,370-F,1/20/26,F,LFD,13.81,9.73,46.06,5/16/26,INJECT_DAY_TWELVE_DOSE_TWO,9.73,NO,D12450Ki,26011208A2i,JACKSON_LABORATORIES,2105,,,2512-43492A
2561791007,NZO/HlLtJ,3736,6B,G7,370-F,1/20/26,F,LFD,12.47,9.24,39.15,5/16/26,INJECT_DAY_TWELVE_DOSE_TWO,9.24,NO,D12450Ki,26011208A2i,JACKSON_LABORATORIES,2105,,,2512-43492A
2561791008,NZO/HlLtJ,3737,6B,A8,370-F,1/20/26,F,LFD,14.6,11.61,37.74,5/16/26,INJECT_DAY_TWELVE_DOSE_TWO,11.61,NO,D12450Ki,26011208A2i,JACKSON_LABORATORIES,2105,,,2512-43492A
2561791009,NZO/HlLtJ,3738,6B,B8,370-F,1/20/26,F,LFD,15.27,12.12,39.8,5/16/26,INJECT_DAY_TWELVE_DOSE_TWO,12.12,NO,D12450Ki,26011208A2i,JACKSON_LABORATORIES,2105,,,2512-43492A
2561791010,NZO/HlLtJ,3739,6B,C8,370-F,1/20/26,F,LFD,15.05,12.72,37.38,5/16/26,INJECT_DAY_TWELVE_DOSE_TWO,12.72,NO,D12450Ki,26011208A2i,JACKSON_LABORATORIES,2105,,,2512-43492A
2561791011,NZO/HlLtJ,3740,6B,D8,370-F,1/20/26,F,LFD,15.82,11.82,50.84,5/16/26,INJECT_DAY_TWELVE_DOSE_TWO,11.82,NO,D12450Ki,26011208A2i,JACKSON_LABORATORIES,2105,,,2512-43492A
2561791012,NZO/HlLtJ,3741,6B,E8,370-F,1/20/26,F,LFD,13.76,10.69,41.75,5/16/26,INJECT_DAY_TWELVE_DOSE_TWO,10.69,NO,D12450Ki,26011208A2i,JACKSON_LABORATORIES,2105,,,2512-43492A
2561791013,NZO/HlLtJ,3742,6B,G7,370-F,2/10/26,F,LFD,,,,5/16/26,,,NO,D12450Ki,26011208A2i,JACKSON_LABORATORIES,2105,,,2512-43492A
2561791014,NZO/HlLtJ,3743,6B,A8,370-F,2/10/26,F,LFD,,,,5/16/26,,,NO,D12450Ki,26011208A2i,JACKSON_LABORATORIES,2105,,,2512-43492A
2561791015,NZO/HlLtJ,3744,6B,B8,370-F,2/10/26,F,LFD,,,,5/16/26,,,NO,D12450Ki,26011208A2i,JACKSON_LABORATORIES,2105,,,2512-43492A
2561791016,NZO/HlLtJ,3745,6B,C8,370-F,2/10/26,F,LFD,,,,5/16/26,,,NO,D12450Ki,26011208A2i,JACKSON_LABORATORIES,2105,,,2512-43492A
2561791017,NZO/HlLtJ,3746,6B,D8,370-F,2/10/26,F,LFD,,,,5/16/26,,,NO,D12450Ki,26011208A2i,JACKSON_LABORATORIES,2105,,,2512-43492A
2561791018,NZO/HlLtJ,3747,6B,E8,370-F,2/3/26,F,LFD,,,,5/16/26,,,NO,D12450Ki,26011208A2i,JACKSON_LABORATORIES,2105,,,2512-43492A
2561791019,NZO/HlLtJ,3748,6B,F8,370-F,2/3/26,F,LFD,,,,5/16/26,,,NO,D12450Ki,26011208A2i,JACKSON_LABORATORIES,2105,,,2512-43492A
2561791020,NZO/HlLtJ,3749,6B,G8,370-F,2/3/26,F,LFD,,,,5/16/26,,,NO,D12450Ki,26011208A2i,JACKSON_LABORATORIES,2105,,,2512-43492A
2561791021,NZO/HlLtJ,3750,6B,A9,370-F,2/3/26,F,LFD,,,,5/16/26,,,NO,D12450Ki,26011208A2i,JACKSON_LABORATORIES,2105,,,2512-43492A
2561791022,NZO/HlLtJ,3751,6B,B9,370-F,1/27/26,F,LFD,,,,5/16/26,,,NO,D12450Ki,26011208A2i,JACKSON_LABORATORIES,2105,,,2512-43492A
2561791023,NZO/HlLtJ,3752,6B,C9,370-F,1/27/26,F,LFD,,,,5/16/26,,,NO,D12450Ki,26011208A2i,JACKSON_LABORATORIES,2105,,,2512-43492A
2561791024,NZO/HlLtJ,3753,6B,D9,370-F,1/27/26,F,LFD,,,,5/16/26,,,NO,D12450Ki,26011208A2i,JACKSON_LABORATORIES,2105,,,2512-43492A
2561791001,NZO/HlLtJ,3730,6B,A7,370-F,1/13/26,F,LFD,12.25,9.47,34.62,5/17/26,INJECT_DAY_ONE_DOSE_THREE,9.47,NO,D12450Ki,26011208A2i,JACKSON_LABORATORIES,2105,,,2512-43492A
2561791002,NZO/HlLtJ,3731,6B,B7,370-F,1/13/26,F,LFD,11.21,9.06,36.1,5/17/26,INJECT_DAY_ONE_DOSE_THREE,9.06,NO,D12450Ki,26011208A2i,JACKSON_LABORATORIES,2105,,,2512-43492A
2561791003,NZO/HlLtJ,3732,6B,C7,370-F,1/13/26,F,LFD,11.38,7.56,29.07,5/17/26,INJECT_DAY_ONE_DOSE_THREE,7.56,NO,D12450Ki,26011208A2i,JACKSON_LABORATORIES,2105,,,2512-43492A
2561791004,NZO/HlLtJ,3733,6B,D7,370-F,1/13/26,F,LFD,13.37,10.12,34.29,5/17/26,INJECT_DAY_ONE_DOSE_THREE,10.12,NO,D12450Ki,26011208A2i,JACKSON_LABORATORIES,2105,,,2512-43492A
2561791006,NZO/HlLtJ,3735,6B,F7,370-F,1/20/26,F,LFD,9.73,6.64,45.05,5/17/26,INJECT_DAY_ONE_DOSE_THREE,6.64,NO,D12450Ki,26011208A2i,JACKSON_LABORATORIES,2105,,,2512-43492A
2561791007,NZO/HlLtJ,3736,6B,G7,370-F,1/20/26,F,LFD,9.24,5.3,39.03,5/17/26,INJECT_DAY_ONE_DOSE_THREE,5.3,NO,D12450Ki,26011208A2i,JACKSON_LABORATORIES,2105,,,2512-43492A
2561791008,NZO/HlLtJ,3737,6B,A8,370-F,1/20/26,F,LFD,11.61,8.31,37.33,5/17/26,INJECT_DAY_ONE_DOSE_THREE,8.31,NO,D12450Ki,26011208A2i,JACKSON_LABORATORIES,2105,,,2512-43492A
2561791009,NZO/HlLtJ,3738,6B,B8,370-F,1/20/26,F,LFD,12.12,8.72,39.78,5/17/26,INJECT_DAY_ONE_DOSE_THREE,8.72,NO,D12450Ki,26011208A2i,JACKSON_LABORATORIES,2105,,,2512-43492A
2561791010,NZO/HlLtJ,3739,6B,C8,370-F,1/20/26,F,LFD,12.72,9.54,37.39,5/17/26,INJECT_DAY_ONE_DOSE_THREE,9.54,NO,D12450Ki,26011208A2i,JACKSON_LABORATORIES,2105,,,2512-43492A
2561791011,NZO/HlLtJ,3740,6B,D8,370-F,1/20/26,F,LFD,11.82,7.1,51.47,5/17/26,INJECT_DAY_ONE_DOSE_THREE,7.1,NO,D12450Ki,26011208A2i,JACKSON_LABORATORIES,2105,,,2512-43492A
2561791012,NZO/HlLtJ,3741,6B,E8,370-F,1/20/26,F,LFD,10.69,7.15,42.5,5/17/26,INJECT_DAY_ONE_DOSE_THREE,7.15,NO,D12450Ki,26011208A2i,JACKSON_LABORATORIES,2105,,,2512-43492A
2561791013,NZO/HlLtJ,3742,6B,G7,370-F,2/10/26,F,LFD,,,,5/17/26,,,NO,D12450Ki,26011208A2i,JACKSON_LABORATORIES,2105,,,2512-43492A
2561791014,NZO/HlLtJ,3743,6B,A8,370-F,2/10/26,F,LFD,,,,5/17/26,,,NO,D12450Ki,26011208A2i,JACKSON_LABORATORIES,2105,,,2512-43492A
2561791015,NZO/HlLtJ,3744,6B,B8,370-F,2/10/26,F,LFD,,,,5/17/26,,,NO,D12450Ki,26011208A2i,JACKSON_LABORATORIES,2105,,,2512-43492A
2561791016,NZO/HlLtJ,3745,6B,C8,370-F,2/10/26,F,LFD,,,,5/17/26,,,NO,D12450Ki,26011208A2i,JACKSON_LABORATORIES,2105,,,2512-43492A
2561791017,NZO/HlLtJ,3746,6B,D8,370-F,2/10/26,F,LFD,,,,5/17/26,,,NO,D12450Ki,26011208A2i,JACKSON_LABORATORIES,2105,,,2512-43492A
2561791018,NZO/HlLtJ,3747,6B,E8,370-F,2/3/26,F,LFD,,,,5/17/26,,,NO,D12450Ki,26011208A2i,JACKSON_LABORATORIES,2105,,,2512-43492A
2561791019,NZO/HlLtJ,3748,6B,F8,370-F,2/3/26,F,LFD,,,,5/17/26,,,NO,D12450Ki,26011208A2i,JACKSON_LABORATORIES,2105,,,2512-43492A
2561791020,NZO/HlLtJ,3749,6B,G8,370-F,2/3/26,F,LFD,,,,5/17/26,,,NO,D12450Ki,26011208A2i,JACKSON_LABORATORIES,2105,,,2512-43492A
2561791021,NZO/HlLtJ,3750,6B,A9,370-F,2/3/26,F,LFD,,,,5/17/26,,,NO,D12450Ki,26011208A2i,JACKSON_LABORATORIES,2105,,,2512-43492A
2561791022,NZO/HlLtJ,3751,6B,B9,370-F,1/27/26,F,LFD,,,,5/17/26,,,NO,D12450Ki,26011208A2i,JACKSON_LABORATORIES,2105,,,2512-43492A
2561791023,NZO/HlLtJ,3752,6B,C9,370-F,1/27/26,F,LFD,,,,5/17/26,,,NO,D12450Ki,26011208A2i,JACKSON_LABORATORIES,2105,,,2512-43492A
2561791024,NZO/HlLtJ,3753,6B,D9,370-F,1/27/26,F,LFD,,,,5/17/26,,,NO,D12450Ki,26011208A2i,JACKSON_LABORATORIES,2105,,,2512-43492A
2561791001,NZO/HlLtJ,3730,6B,A7,370-F,1/13/26,F,LFD,9.47,6.72,34.38,5/18/26,INJECT_DAY_TWO_DOSE_THREE,16.74,NO,D12450Ki,26011208A2i,JACKSON_LABORATORIES,2105,,,2512-43492A
2561791002,NZO/HlLtJ,3731,6B,B7,370-F,1/13/26,F,LFD,9.06,6.06,36.43,5/18/26,INJECT_DAY_TWO_DOSE_THREE,16.19,NO,D12450Ki,26011208A2i,JACKSON_LABORATORIES,2105,,,2512-43492A
2561791003,NZO/HlLtJ,3732,6B,C7,370-F,1/13/26,F,LFD,7.56,4.25,29.29,5/18/26,INJECT_DAY_TWO_DOSE_THREE,16.32,NO,D12450Ki,26011208A2i,JACKSON_LABORATORIES,2105,,,2512-43492A
2561791004,NZO/HlLtJ,3733,6B,D7,370-F,1/13/26,F,LFD,10.12,6.61,35.15,5/18/26,INJECT_DAY_TWO_DOSE_THREE,17.63,NO,D12450Ki,26011208A2i,JACKSON_LABORATORIES,2105,,,2512-43492A
2561791006,NZO/HlLtJ,3735,6B,F7,370-F,1/20/26,F,LFD,6.64,2.13,46.49,5/18/26,INJECT_DAY_TWO_DOSE_THREE,20.16,NO,D12450Ki,26011208A2i,JACKSON_LABORATORIES,2105,,,2512-43492A
2561791007,NZO/HlLtJ,3736,6B,G7,370-F,1/20/26,F,LFD,5.3,2.21,38.65,5/18/26,INJECT_DAY_TWO_DOSE_THREE,19.13,NO,D12450Ki,26011208A2i,JACKSON_LABORATORIES,2105,,,2512-43492A
2561791008,NZO/HlLtJ,3737,6B,A8,370-F,1/20/26,F,LFD,8.31,5.1,37.67,5/18/26,INJECT_DAY_TWO_DOSE_THREE,18.1,NO,D12450Ki,26011208A2i,JACKSON_LABORATORIES,2105,,,2512-43492A
2561791009,NZO/HlLtJ,3738,6B,B8,370-F,1/20/26,F,LFD,8.72,5.54,39.76,5/18/26,INJECT_DAY_TWO_DOSE_THREE,17.61,NO,D12450Ki,26011208A2i,JACKSON_LABORATORIES,2105,,,2512-43492A
2561791010,NZO/HlLtJ,3739,6B,C8,370-F,1/20/26,F,LFD,9.54,5.6,38.32,5/18/26,INJECT_DAY_TWO_DOSE_THREE,16.12,NO,D12450Ki,26011208A2i,JACKSON_LABORATORIES,2105,,,2512-43492A
2561791011,NZO/HlLtJ,3740,6B,D8,370-F,1/20/26,F,LFD,7.1,1.75,52.64,5/18/26,INJECT_DAY_TWO_DOSE_THREE,26.81,NO,D12450Ki,26011208A2i,JACKSON_LABORATORIES,2105,,,2512-43492A
2561791012,NZO/HlLtJ,3741,6B,E8,370-F,1/20/26,F,LFD,7.15,5.02,41.79,5/18/26,INJECT_DAY_TWO_DOSE_THREE,17.5,NO,D12450Ki,26011208A2i,JACKSON_LABORATORIES,2105,,,2512-43492A
2561791013,NZO/HlLtJ,3742,6B,G7,370-F,2/10/26,F,LFD,23.85,14.07,41.29,5/18/26,,17.39,NO,D12450Ki,26011208A2i,JACKSON_LABORATORIES,2105,,,2512-43492A
2561791014,NZO/HlLtJ,3743,6B,A8,370-F,2/10/26,F,LFD,19.25,8.42,41.16,5/18/26,,16.75,NO,D12450Ki,26011208A2i,JACKSON_LABORATORIES,2105,,,2512-43492A
2561791015,NZO/HlLtJ,3744,6B,B8,370-F,2/10/26,F,LFD,19.97,7.28,49.01,5/18/26,,22.94,NO,D12450Ki,26011208A2i,JACKSON_LABORATORIES,2105,,,2512-43492A
2561791016,NZO/HlLtJ,3745,6B,C8,370-F,2/10/26,F,LFD,16.43,4.81,45.15,5/18/26,,17.84,NO,D12450Ki,26011208A2i,JACKSON_LABORATORIES,2105,,,2512-43492A
2561791017,NZO/HlLtJ,3746,6B,D8,370-F,2/10/26,F,LFD,16.26,5.69,42.57,5/18/26,,16.11,NO,D12450Ki,26011208A2i,JACKSON_LABORATORIES,2105,,,2512-43492A
2561791018,NZO/HlLtJ,3747,6B,E8,370-F,2/3/26,F,LFD,20.42,10.64,39.76,5/18/26,,17.48,NO,D12450Ki,26011208A2i,JACKSON_LABORATORIES,2105,,,2512-43492A
2561791019,NZO/HlLtJ,3748,6B,F8,370-F,2/3/26,F,LFD,17.51,5.03,47.39,5/18/26,,18.2,NO,D12450Ki,26011208A2i,JACKSON_LABORATORIES,2105,,,2512-43492A
2561791020,NZO/HlLtJ,3749,6B,G8,370-F,2/3/26,F,LFD,21.72,13.53,34.97,5/18/26,,17.64,NO,D12450Ki,26011208A2i,JACKSON_LABORATORIES,2105,,,2512-43492A
2561791021,NZO/HlLtJ,3750,6B,A9,370-F,2/3/26,F,LFD,27.46,14.88,49.14,5/18/26,,16.8,NO,D12450Ki,26011208A2i,JACKSON_LABORATORIES,2105,,,2512-43492A
2561791022,NZO/HlLtJ,3751,6B,B9,370-F,1/27/26,F,LFD,18.2,7.78,41.92,5/18/26,,17.83,NO,D12450Ki,26011208A2i,JACKSON_LABORATORIES,2105,,,2512-43492A
2561791023,NZO/HlLtJ,3752,6B,C9,370-F,1/27/26,F,LFD,22.8,12.37,41.46,5/18/26,,15.5,NO,D12450Ki,26011208A2i,JACKSON_LABORATORIES,2105,,,2512-43492A
2561791024,NZO/HlLtJ,3753,6B,D9,370-F,1/27/26,F,LFD,21.63,10.39,45.21,5/18/26,,17.27,NO,D12450Ki,26011208A2i,JACKSON_LABORATORIES,2105,,,2512-43492A
2561791001,NZO/HlLtJ,3730,6B,A7,370-F,1/13/26,F,LFD,16.74,15.21,33.8,5/19/26,INJECT_DAY_THREE_DOSE_THREE,15.21,NO,D12450Ki,26011208A2i,JACKSON_LABORATORIES,2105,,,2512-43492A
2561791002,NZO/HlLtJ,3731,6B,B7,370-F,1/13/26,F,LFD,16.19,14.6,35.34,5/19/26,INJECT_DAY_THREE_DOSE_THREE,14.6,NO,D12450Ki,26011208A2i,JACKSON_LABORATORIES,2105,,,2512-43492A
2561791003,NZO/HlLtJ,3732,6B,C7,370-F,1/13/26,F,LFD,16.32,13.95,28.51,5/19/26,INJECT_DAY_THREE_DOSE_THREE,13.95,NO,D12450Ki,26011208A2i,JACKSON_LABORATORIES,2105,,,2512-43492A
2561791004,NZO/HlLtJ,3733,6B,D7,370-F,1/13/26,F,LFD,17.63,14.93,34.69,5/19/26,INJECT_DAY_THREE_DOSE_THREE,14.93,NO,D12450Ki,26011208A2i,JACKSON_LABORATORIES,2105,,,2512-43492A
2561791006,NZO/HlLtJ,3735,6B,F7,370-F,1/20/26,F,LFD,20.16,16.03,46.84,5/19/26,INJECT_DAY_THREE_DOSE_THREE,16.03,NO,D12450Ki,26011208A2i,JACKSON_LABORATORIES,2105,,,2512-43492A
2561791007,NZO/HlLtJ,3736,6B,G7,370-F,1/20/26,F,LFD,19.13,15.9,38.66,5/19/26,INJECT_DAY_THREE_DOSE_THREE,15.9,NO,D12450Ki,26011208A2i,JACKSON_LABORATORIES,2105,,,2512-43492A
2561791008,NZO/HlLtJ,3737,6B,A8,370-F,1/20/26,F,LFD,18.1,14.84,38.12,5/19/26,INJECT_DAY_THREE_DOSE_THREE,14.84,NO,D12450Ki,26011208A2i,JACKSON_LABORATORIES,2105,,,2512-43492A
2561791009,NZO/HlLtJ,3738,6B,B8,370-F,1/20/26,F,LFD,17.61,14.77,39.96,5/19/26,INJECT_DAY_THREE_DOSE_THREE,14.77,NO,D12450Ki,26011208A2i,JACKSON_LABORATORIES,2105,,,2512-43492A
2561791010,NZO/HlLtJ,3739,6B,C8,370-F,1/20/26,F,LFD,16.12,13.4,38.06,5/19/26,INJECT_DAY_THREE_DOSE_THREE,13.4,NO,D12450Ki,26011208A2i,JACKSON_LABORATORIES,2105,,,2512-43492A
2561791011,NZO/HlLtJ,3740,6B,D8,370-F,1/20/26,F,LFD,26.81,22.87,52.12,5/19/26,INJECT_DAY_THREE_DOSE_THREE,22.87,NO,D12450Ki,26011208A2i,JACKSON_LABORATORIES,2105,,,2512-43492A
2561791012,NZO/HlLtJ,3741,6B,E8,370-F,1/20/26,F,LFD,17.5,15.11,41.37,5/19/26,INJECT_DAY_THREE_DOSE_THREE,15.11,NO,D12450Ki,26011208A2i,JACKSON_LABORATORIES,2105,,,2512-43492A
2561791013,NZO/HlLtJ,3742,6B,G7,370-F,2/10/26,F,LFD,,,,5/19/26,,,NO,D12450Ki,26011208A2i,JACKSON_LABORATORIES,2105,,,2512-43492A
2561791014,NZO/HlLtJ,3743,6B,A8,370-F,2/10/26,F,LFD,,,,5/19/26,,,NO,D12450Ki,26011208A2i,JACKSON_LABORATORIES,2105,,,2512-43492A
2561791015,NZO/HlLtJ,3744,6B,B8,370-F,2/10/26,F,LFD,,,,5/19/26,,,NO,D12450Ki,26011208A2i,JACKSON_LABORATORIES,2105,,,2512-43492A
2561791016,NZO/HlLtJ,3745,6B,C8,370-F,2/10/26,F,LFD,,,,5/19/26,,,NO,D12450Ki,26011208A2i,JACKSON_LABORATORIES,2105,,,2512-43492A
2561791017,NZO/HlLtJ,3746,6B,D8,370-F,2/10/26,F,LFD,,,,5/19/26,,,NO,D12450Ki,26011208A2i,JACKSON_LABORATORIES,2105,,,2512-43492A
2561791018,NZO/HlLtJ,3747,6B,E8,370-F,2/3/26,F,LFD,,,,5/19/26,,,NO,D12450Ki,26011208A2i,JACKSON_LABORATORIES,2105,,,2512-43492A
2561791019,NZO/HlLtJ,3748,6B,F8,370-F,2/3/26,F,LFD,,,,5/19/26,,,NO,D12450Ki,26011208A2i,JACKSON_LABORATORIES,2105,,,2512-43492A
2561791020,NZO/HlLtJ,3749,6B,G8,370-F,2/3/26,F,LFD,,,,5/19/26,,,NO,D12450Ki,26011208A2i,JACKSON_LABORATORIES,2105,,,2512-43492A
2561791021,NZO/HlLtJ,3750,6B,A9,370-F,2/3/26,F,LFD,,,,5/19/26,,,NO,D12450Ki,26011208A2i,JACKSON_LABORATORIES,2105,,,2512-43492A
2561791022,NZO/HlLtJ,3751,6B,B9,370-F,1/27/26,F,LFD,,,,5/19/26,,,NO,D12450Ki,26011208A2i,JACKSON_LABORATORIES,2105,,,2512-43492A
2561791023,NZO/HlLtJ,3752,6B,C9,370-F,1/27/26,F,LFD,,,,5/19/26,,,NO,D12450Ki,26011208A2i,JACKSON_LABORATORIES,2105,,,2512-43492A
2561791024,NZO/HlLtJ,3753,6B,D9,370-F,1/27/26,F,LFD,,,,5/19/26,,,NO,D12450Ki,26011208A2i,JACKSON_LABORATORIES,2105,,,2512-43492A
2561791001,NZO/HlLtJ,3730,6B,A7,370-F,1/13/26,F,LFD,15.21,12.72,33.56,5/20/26,INJECT_DAY_FOUR_DOSE_THREE,12.72,NO,D12450Ki,26011208A2i,JACKSON_LABORATORIES,2105,,,2512-43492A
2561791002,NZO/HlLtJ,3731,6B,B7,370-F,1/13/26,F,LFD,14.6,12.84,34.77,5/20/26,INJECT_DAY_FOUR_DOSE_THREE,12.84,NO,D12450Ki,26011208A2i,JACKSON_LABORATORIES,2105,,,2512-43492A
2561791003,NZO/HlLtJ,3732,6B,C7,370-F,1/13/26,F,LFD,13.95,12.25,27.33,5/20/26,INJECT_DAY_FOUR_DOSE_THREE,12.25,NO,D12450Ki,26011208A2i,JACKSON_LABORATORIES,2105,,,2512-43492A
2561791004,NZO/HlLtJ,3733,6B,D7,370-F,1/13/26,F,LFD,14.93,12.92,33.75,5/20/26,INJECT_DAY_FOUR_DOSE_THREE,12.92,NO,D12450Ki,26011208A2i,JACKSON_LABORATORIES,2105,,,2512-43492A
2561791006,NZO/HlLtJ,3735,6B,F7,370-F,1/20/26,F,LFD,16.03,12.34,46.17,5/20/26,INJECT_DAY_FOUR_DOSE_THREE,12.34,NO,D12450Ki,26011208A2i,JACKSON_LABORATORIES,2105,,,2512-43492A
2561791007,NZO/HlLtJ,3736,6B,G7,370-F,1/20/26,F,LFD,15.9,12.05,39.11,5/20/26,INJECT_DAY_FOUR_DOSE_THREE,12.05,NO,D12450Ki,26011208A2i,JACKSON_LABORATORIES,2105,,,2512-43492A
2561791008,NZO/HlLtJ,3737,6B,A8,370-F,1/20/26,F,LFD,14.84,11.86,37.34,5/20/26,INJECT_DAY_FOUR_DOSE_THREE,11.86,NO,D12450Ki,26011208A2i,JACKSON_LABORATORIES,2105,,,2512-43492A
2561791009,NZO/HlLtJ,3738,6B,B8,370-F,1/20/26,F,LFD,14.77,11.54,39.37,5/20/26,INJECT_DAY_FOUR_DOSE_THREE,11.54,NO,D12450Ki,26011208A2i,JACKSON_LABORATORIES,2105,,,2512-43492A
2561791010,NZO/HlLtJ,3739,6B,C8,370-F,1/20/26,F,LFD,13.4,10.85,37.1,5/20/26,INJECT_DAY_FOUR_DOSE_THREE,10.85,NO,D12450Ki,26011208A2i,JACKSON_LABORATORIES,2105,,,2512-43492A
2561791011,NZO/HlLtJ,3740,6B,D8,370-F,1/20/26,F,LFD,22.87,18.44,52.42,5/20/26,INJECT_DAY_FOUR_DOSE_THREE,18.44,NO,D12450Ki,26011208A2i,JACKSON_LABORATORIES,2105,,,2512-43492A
2561791012,NZO/HlLtJ,3741,6B,E8,370-F,1/20/26,F,LFD,15.11,13.03,40.44,5/20/26,INJECT_DAY_FOUR_DOSE_THREE,13.03,NO,D12450Ki,26011208A2i,JACKSON_LABORATORIES,2105,,,2512-43492A
2561791013,NZO/HlLtJ,3742,6B,G7,370-F,2/10/26,F,LFD,17.39,10.02,41.91,5/20/26,,10.02,NO,D12450Ki,26011208A2i,JACKSON_LABORATORIES,2105,,,2512-43492A
2561791014,NZO/HlLtJ,3743,6B,A8,370-F,2/10/26,F,LFD,16.75,8.7,41.41,5/20/26,,8.7,NO,D12450Ki,26011208A2i,JACKSON_LABORATORIES,2105,,,2512-43492A
2561791015,NZO/HlLtJ,3744,6B,B8,370-F,2/10/26,F,LFD,22.94,14.18,49.35,5/20/26,,14.18,NO,D12450Ki,26011208A2i,JACKSON_LABORATORIES,2105,,,2512-43492A
2561791016,NZO/HlLtJ,3745,6B,C8,370-F,2/10/26,F,LFD,17.84,9.57,46,5/20/26,,9.57,NO,D12450Ki,26011208A2i,JACKSON_LABORATORIES,2105,,,2512-43492A
2561791017,NZO/HlLtJ,3746,6B,D8,370-F,2/10/26,F,LFD,16.11,9.24,42.13,5/20/26,,9.24,NO,D12450Ki,26011208A2i,JACKSON_LABORATORIES,2105,,,2512-43492A
2561791018,NZO/HlLtJ,3747,6B,E8,370-F,2/3/26,F,LFD,17.48,9.53,40.22,5/20/26,,9.53,NO,D12450Ki,26011208A2i,JACKSON_LABORATORIES,2105,,,2512-43492A
2561791019,NZO/HlLtJ,3748,6B,F8,370-F,2/3/26,F,LFD,18.2,10.75,47.33,5/20/26,,10.75,NO,D12450Ki,26011208A2i,JACKSON_LABORATORIES,2105,,,2512-43492A
2561791020,NZO/HlLtJ,3749,6B,G8,370-F,2/3/26,F,LFD,17.64,11.51,34.98,5/20/26,,11.51,NO,D12450Ki,26011208A2i,JACKSON_LABORATORIES,2105,,,2512-43492A
2561791021,NZO/HlLtJ,3750,6B,A9,370-F,2/3/26,F,LFD,16.8,8.14,49.78,5/20/26,,8.14,NO,D12450Ki,26011208A2i,JACKSON_LABORATORIES,2105,,,2512-43492A
2561791022,NZO/HlLtJ,3751,6B,B9,370-F,1/27/26,F,LFD,17.83,11.21,41.63,5/20/26,,11.21,NO,D12450Ki,26011208A2i,JACKSON_LABORATORIES,2105,,,2512-43492A
2561791023,NZO/HlLtJ,3752,6B,C9,370-F,1/27/26,F,LFD,15.5,6.04,42.52,5/20/26,,6.04,NO,D12450Ki,26011208A2i,JACKSON_LABORATORIES,2105,,,2512-43492A
2561791024,NZO/HlLtJ,3753,6B,D9,370-F,1/27/26,F,LFD,17.27,9.94,45.35,5/20/26,,9.94,NO,D12450Ki,26011208A2i,JACKSON_LABORATORIES,2105,,,2512-43492A
2561791001,NZO/HlLtJ,3730,6B,A7,370-F,1/13/26,F,LFD,12.72,10.25,33.56,5/21/26,INJECT_DAY_FIVE_DOSE_THREE,10.25,NO,D12450Ki,26011208A2i,JACKSON_LABORATORIES,2105,,,2512-43492A
2561791002,NZO/HlLtJ,3731,6B,B7,370-F,1/13/26,F,LFD,12.84,11.14,33.72,5/21/26,INJECT_DAY_FIVE_DOSE_THREE,11.14,NO,D12450Ki,26011208A2i,JACKSON_LABORATORIES,2105,,,2512-43492A
2561791003,NZO/HlLtJ,3732,6B,C7,370-F,1/13/26,F,LFD,12.25,11.16,26.02,5/21/26,INJECT_DAY_FIVE_DOSE_THREE,11.16,NO,D12450Ki,26011208A2i,JACKSON_LABORATORIES,2105,,,2512-43492A
2561791004,NZO/HlLtJ,3733,6B,D7,370-F,1/13/26,F,LFD,12.92,11.66,32.06,5/21/26,INJECT_DAY_FIVE_DOSE_THREE,11.66,NO,D12450Ki,26011208A2i,JACKSON_LABORATORIES,2105,,,2512-43492A
2561791006,NZO/HlLtJ,3735,6B,F7,370-F,1/20/26,F,LFD,12.34,8.61,45.62,5/21/26,INJECT_DAY_FIVE_DOSE_THREE,8.61,NO,D12450Ki,26011208A2i,JACKSON_LABORATORIES,2105,,,2512-43492A
2561791007,NZO/HlLtJ,3736,6B,G7,370-F,1/20/26,F,LFD,12.05,8.44,38.39,5/21/26,INJECT_DAY_FIVE_DOSE_THREE,8.44,NO,D12450Ki,26011208A2i,JACKSON_LABORATORIES,2105,,,2512-43492A
2561791008,NZO/HlLtJ,3737,6B,A8,370-F,1/20/26,F,LFD,11.86,10.19,36.07,5/21/26,INJECT_DAY_FIVE_DOSE_THREE,10.19,NO,D12450Ki,26011208A2i,JACKSON_LABORATORIES,2105,,,2512-43492A
2561791009,NZO/HlLtJ,3738,6B,B8,370-F,1/20/26,F,LFD,11.54,8.08,39.7,5/21/26,INJECT_DAY_FIVE_DOSE_THREE,8.08,NO,D12450Ki,26011208A2i,JACKSON_LABORATORIES,2105,,,2512-43492A
2561791010,NZO/HlLtJ,3739,6B,C8,370-F,1/20/26,F,LFD,10.85,9.46,35.21,5/21/26,INJECT_DAY_FIVE_DOSE_THREE,9.46,NO,D12450Ki,26011208A2i,JACKSON_LABORATORIES,2105,,,2512-43492A
2561791011,NZO/HlLtJ,3740,6B,D8,370-F,1/20/26,F,LFD,18.44,14.51,51.98,5/21/26,INJECT_DAY_FIVE_DOSE_THREE,14.51,NO,D12450Ki,26011208A2i,JACKSON_LABORATORIES,2105,,,2512-43492A
2561791012,NZO/HlLtJ,3741,6B,E8,370-F,1/20/26,F,LFD,13.03,10.9,39.55,5/21/26,INJECT_DAY_FIVE_DOSE_THREE,10.9,NO,D12450Ki,26011208A2i,JACKSON_LABORATORIES,2105,,,2512-43492A
2561791013,NZO/HlLtJ,3742,,ACC_CAGE_1,230-F,2/10/26,F,LFD,10.02,6.61,41.33,5/21/26,DAY_1_ACC_SABLE,274.6,NO,D12450Ki,26011208A2i,JACKSON_LABORATORIES,2105,,,2512-43492A
2561791014,NZO/HlLtJ,3743,,ACC_CAGE_2,230-F,2/10/26,F,LFD,8.7,4.72,41.52,5/21/26,DAY_1_ACC_SABLE,271.98,NO,D12450Ki,26011208A2i,JACKSON_LABORATORIES,2105,,,2512-43492A
2561791015,NZO/HlLtJ,3744,,ACC_CAGE_3,230-F,2/10/26,F,LFD,14.18,10.26,48.72,5/21/26,DAY_1_ACC_SABLE,268.38,NO,D12450Ki,26011208A2i,JACKSON_LABORATORIES,2105,,,2512-43492A
2561791016,NZO/HlLtJ,3745,,ACC_CAGE_4,230-F,2/10/26,F,LFD,9.57,6.08,45.57,5/21/26,DAY_1_ACC_SABLE,268.11,NO,D12450Ki,26011208A2i,JACKSON_LABORATORIES,2105,,,2512-43492A
2561791017,NZO/HlLtJ,3746,,ACC_CAGE_5,230-F,2/10/26,F,LFD,9.24,5.13,42.42,5/21/26,DAY_1_ACC_SABLE,268.6,NO,D12450Ki,26011208A2i,JACKSON_LABORATORIES,2105,,,2512-43492A
2561791018,NZO/HlLtJ,3747,,ACC_CAGE_6,230-F,2/3/26,F,LFD,9.53,5.75,39.98,5/21/26,DAY_1_ACC_SABLE,271.15,NO,D12450Ki,26011208A2i,JACKSON_LABORATORIES,2105,,,2512-43492A
2561791019,NZO/HlLtJ,3748,,ACC_CAGE_7,230-F,2/3/26,F,LFD,10.75,6.58,47.78,5/21/26,DAY_1_ACC_SABLE,268.01,NO,D12450Ki,26011208A2i,JACKSON_LABORATORIES,2105,,,2512-43492A
2561791020,NZO/HlLtJ,3749,,ACC_CAGE_8,230-F,2/3/26,F,LFD,11.51,7.35,35.2,5/21/26,DAY_1_ACC_SABLE,268.82,NO,D12450Ki,26011208A2i,JACKSON_LABORATORIES,2105,,,2512-43492A
2561791021,NZO/HlLtJ,3750,,ACC_CAGE_9,230-F,2/3/26,F,LFD,8.14,4.31,48.55,5/21/26,DAY_1_ACC_SABLE,270.41,NO,D12450Ki,26011208A2i,JACKSON_LABORATORIES,2105,,,2512-43492A
2561791022,NZO/HlLtJ,3751,,ACC_CAGE_10,230-F,1/27/26,F,LFD,11.21,6.88,41.83,5/21/26,DAY_1_ACC_SABLE,268.82,NO,D12450Ki,26011208A2i,JACKSON_LABORATORIES,2105,,,2512-43492A
2561791023,NZO/HlLtJ,3752,,ACC_CAGE_11,230-F,1/27/26,F,LFD,6.04,1.88,42.33,5/21/26,DAY_1_ACC_SABLE,271.1,NO,D12450Ki,26011208A2i,JACKSON_LABORATORIES,2105,,,2512-43492A
2561791024,NZO/HlLtJ,3753,,ACC_CAGE_12,230-F,1/27/26,F,LFD,9.94,5.88,44.98,5/21/26,DAY_1_ACC_SABLE,271.65,NO,D12450Ki,26011208A2i,JACKSON_LABORATORIES,2105,,,2512-43492A
2561791001,NZO/HlLtJ,3730,6B,A7,370-F,1/13/26,F,LFD,10.25,8.56,32.95,5/22/26,REGAIN_DAY_1,17.97,NO,D12450Ki,26011208A2i,JACKSON_LABORATORIES,2105,,,2512-43492A
2561791002,NZO/HlLtJ,3731,6B,B7,370-F,1/13/26,F,LFD,11.14,7.41,35.55,5/22/26,REGAIN_DAY_1,17.58,NO,D12450Ki,26011208A2i,JACKSON_LABORATORIES,2105,,,2512-43492A
2561791003,NZO/HlLtJ,3732,6B,C7,370-F,1/13/26,F,LFD,11.16,9.36,26.09,5/22/26,REGAIN_DAY_1,18.14,NO,D12450Ki,26011208A2i,JACKSON_LABORATORIES,2105,,,2512-43492A
2561791004,NZO/HlLtJ,3733,6B,D7,370-F,1/13/26,F,LFD,11.66,10.08,31.94,5/22/26,REGAIN_DAY_1,17.85,NO,D12450Ki,26011208A2i,JACKSON_LABORATORIES,2105,,,2512-43492A
2561791006,NZO/HlLtJ,3735,6B,F7,370-F,1/20/26,F,LFD,8.61,4.87,46.47,5/22/26,REGAIN_DAY_1,18.45,NO,D12450Ki,26011208A2i,JACKSON_LABORATORIES,2105,,,2512-43492A
2561791007,NZO/HlLtJ,3736,6B,G7,370-F,1/20/26,F,LFD,8.44,3.97,40.39,5/22/26,REGAIN_DAY_1,18.86,NO,D12450Ki,26011208A2i,JACKSON_LABORATORIES,2105,,,2512-43492A
2561791008,NZO/HlLtJ,3737,6B,A8,370-F,1/20/26,F,LFD,10.19,8.78,35.18,5/22/26,REGAIN_DAY_1,18.03,NO,D12450Ki,26011208A2i,JACKSON_LABORATORIES,2105,,,2512-43492A
2561791009,NZO/HlLtJ,3738,6B,B8,370-F,1/20/26,F,LFD,8.08,4.64,40.48,5/22/26,REGAIN_DAY_1,17.68,NO,D12450Ki,26011208A2i,JACKSON_LABORATORIES,2105,,,2512-43492A
2561791010,NZO/HlLtJ,3739,6B,C8,370-F,1/20/26,F,LFD,9.46,7.34,35.23,5/22/26,REGAIN_DAY_1,20.42,NO,D12450Ki,26011208A2i,JACKSON_LABORATORIES,2105,,,2512-43492A
2561791011,NZO/HlLtJ,3740,6B,D8,370-F,1/20/26,F,LFD,14.51,9.4,53.36,5/22/26,REGAIN_DAY_1,20.46,NO,D12450Ki,26011208A2i,JACKSON_LABORATORIES,2105,,,2512-43492A
2561791012,NZO/HlLtJ,3741,6B,E8,370-F,1/20/26,F,LFD,10.9,9,38.85,5/22/26,REGAIN_DAY_1,17.89,NO,D12450Ki,26011208A2i,JACKSON_LABORATORIES,2105,,,2512-43492A
2561791013,NZO/HlLtJ,3742,,ACC_CAGE_1,230-F,2/10/26,F,LFD,274.6,274.59,39.5,5/22/26,DAY_2_ACC_SABLE,274.59,NO,D12450Ki,26011208A2i,JACKSON_LABORATORIES,2105,,,2512-43492A
2561791014,NZO/HlLtJ,3743,,ACC_CAGE_2,230-F,2/10/26,F,LFD,271.98,271.97,39.32,5/22/26,DAY_2_ACC_SABLE,271.97,NO,D12450Ki,26011208A2i,JACKSON_LABORATORIES,2105,,,2512-43492A
2561791015,NZO/HlLtJ,3744,,ACC_CAGE_3,230-F,2/10/26,F,LFD,268.38,266.89,47.98,5/22/26,DAY_2_ACC_SABLE,266.89,NO,D12450Ki,26011208A2i,JACKSON_LABORATORIES,2105,,,2512-43492A
2561791016,NZO/HlLtJ,3745,,ACC_CAGE_4,230-F,2/10/26,F,LFD,268.11,267.38,44.05,5/22/26,DAY_2_ACC_SABLE,267.38,NO,D12450Ki,26011208A2i,JACKSON_LABORATORIES,2105,,,2512-43492A
2561791017,NZO/HlLtJ,3746,,ACC_CAGE_5,230-F,2/10/26,F,LFD,268.6,268.19,40.52,5/22/26,DAY_2_ACC_SABLE,268.19,NO,D12450Ki,26011208A2i,JACKSON_LABORATORIES,2105,,,2512-43492A
2561791018,NZO/HlLtJ,3747,,ACC_CAGE_6,230-F,2/3/26,F,LFD,271.15,270.77,38.46,5/22/26,DAY_2_ACC_SABLE,270.77,NO,D12450Ki,26011208A2i,JACKSON_LABORATORIES,2105,,,2512-43492A
2561791019,NZO/HlLtJ,3748,,ACC_CAGE_7,230-F,2/3/26,F,LFD,268.01,266.98,45.26,5/22/26,DAY_2_ACC_SABLE,266.98,NO,D12450Ki,26011208A2i,JACKSON_LABORATORIES,2105,,,2512-43492A
2561791020,NZO/HlLtJ,3749,,ACC_CAGE_8,230-F,2/3/26,F,LFD,268.82,268.82,32.71,5/22/26,DAY_2_ACC_SABLE,268.82,NO,D12450Ki,26011208A2i,JACKSON_LABORATORIES,2105,,,2512-43492A
2561791021,NZO/HlLtJ,3750,,ACC_CAGE_9,230-F,2/3/26,F,LFD,270.41,270.4,46.05,5/22/26,DAY_2_ACC_SABLE,270.4,NO,D12450Ki,26011208A2i,JACKSON_LABORATORIES,2105,,,2512-43492A
2561791022,NZO/HlLtJ,3751,,ACC_CAGE_10,230-F,1/27/26,F,LFD,268.82,268.81,40.16,5/22/26,DAY_2_ACC_SABLE,268.81,NO,D12450Ki,26011208A2i,JACKSON_LABORATORIES,2105,,,2512-43492A
2561791023,NZO/HlLtJ,3752,,ACC_CAGE_11,230-F,1/27/26,F,LFD,271.1,271.02,40.61,5/22/26,DAY_2_ACC_SABLE,271.02,NO,D12450Ki,26011208A2i,JACKSON_LABORATORIES,2105,,,2512-43492A
2561791024,NZO/HlLtJ,3753,,ACC_CAGE_12,230-F,1/27/26,F,LFD,271.65,271.45,43.59,5/22/26,DAY_2_ACC_SABLE,271.45,NO,D12450Ki,26011208A2i,JACKSON_LABORATORIES,2105,,,2512-43492A
2561791001,NZO/HlLtJ,3730,6B,A7,370-F,1/13/26,F,LFD,17.97,15.72,33.65,5/23/26,REGAIN_DAY_2,15.72,NO,D12450Ki,26011208A2i,JACKSON_LABORATORIES,2105,,,2512-43492A
2561791002,NZO/HlLtJ,3731,6B,B7,370-F,1/13/26,F,LFD,17.58,14.51,35.81,5/23/26,REGAIN_DAY_2,14.51,NO,D12450Ki,26011208A2i,JACKSON_LABORATORIES,2105,,,2512-43492A
2561791003,NZO/HlLtJ,3732,6B,C7,370-F,1/13/26,F,LFD,18.14,16.23,26.5,5/23/26,REGAIN_DAY_2,16.23,NO,D12450Ki,26011208A2i,JACKSON_LABORATORIES,2105,,,2512-43492A
2561791004,NZO/HlLtJ,3733,6B,D7,370-F,1/13/26,F,LFD,17.85,16.62,32.21,5/23/26,REGAIN_DAY_2,16.62,NO,D12450Ki,26011208A2i,JACKSON_LABORATORIES,2105,,,2512-43492A
2561791006,NZO/HlLtJ,3735,6B,F7,370-F,1/20/26,F,LFD,18.45,15.17,46.26,5/23/26,REGAIN_DAY_2,15.17,NO,D12450Ki,26011208A2i,JACKSON_LABORATORIES,2105,,,2512-43492A
2561791007,NZO/HlLtJ,3736,6B,G7,370-F,1/20/26,F,LFD,18.86,16.44,39.52,5/23/26,REGAIN_DAY_2,16.44,NO,D12450Ki,26011208A2i,JACKSON_LABORATORIES,2105,,,2512-43492A
2561791008,NZO/HlLtJ,3737,6B,A8,370-F,1/20/26,F,LFD,18.03,16.05,35.85,5/23/26,REGAIN_DAY_2,16.05,NO,D12450Ki,26011208A2i,JACKSON_LABORATORIES,2105,,,2512-43492A
2561791009,NZO/HlLtJ,3738,6B,B8,370-F,1/20/26,F,LFD,17.68,14.14,40.97,5/23/26,REGAIN_DAY_2,14.14,NO,D12450Ki,26011208A2i,JACKSON_LABORATORIES,2105,,,2512-43492A
2561791010,NZO/HlLtJ,3739,6B,C8,370-F,1/20/26,F,LFD,20.42,18.08,36.14,5/23/26,REGAIN_DAY_2,18.08,NO,D12450Ki,26011208A2i,JACKSON_LABORATORIES,2105,,,2512-43492A
2561791011,NZO/HlLtJ,3740,6B,D8,370-F,1/20/26,F,LFD,20.46,17.19,52.55,5/23/26,REGAIN_DAY_2,17.19,NO,D12450Ki,26011208A2i,JACKSON_LABORATORIES,2105,,,2512-43492A
2561791012,NZO/HlLtJ,3741,6B,E8,370-F,1/20/26,F,LFD,17.89,14.23,40.72,5/23/26,REGAIN_DAY_2,14.23,NO,D12450Ki,26011208A2i,JACKSON_LABORATORIES,2105,,,2512-43492A
2561791013,NZO/HlLtJ,3742,,ACC_CAGE_1,230-F,2/10/26,F,LFD,274.59,273.17,39.16,5/23/26,DAY_3_ACC_SABLE,273.17,NO,D12450Ki,26011208A2i,JACKSON_LABORATORIES,2105,,,2512-43492A
2561791014,NZO/HlLtJ,3743,,ACC_CAGE_2,230-F,2/10/26,F,LFD,271.97,270.35,39.4,5/23/26,DAY_3_ACC_SABLE,270.35,NO,D12450Ki,26011208A2i,JACKSON_LABORATORIES,2105,,,2512-43492A
2561791015,NZO/HlLtJ,3744,,ACC_CAGE_3,230-F,2/10/26,F,LFD,266.89,264.36,48.4,5/23/26,DAY_3_ACC_SABLE,264.36,NO,D12450Ki,26011208A2i,JACKSON_LABORATORIES,2105,,,2512-43492A
2561791016,NZO/HlLtJ,3745,,ACC_CAGE_4,230-F,2/10/26,F,LFD,267.38,263.89,44.4,5/23/26,DAY_3_ACC_SABLE,263.89,NO,D12450Ki,26011208A2i,JACKSON_LABORATORIES,2105,,,2512-43492A
2561791017,NZO/HlLtJ,3746,,ACC_CAGE_5,230-F,2/10/26,F,LFD,268.19,266.58,40.28,5/23/26,DAY_3_ACC_SABLE,266.58,NO,D12450Ki,26011208A2i,JACKSON_LABORATORIES,2105,,,2512-43492A
2561791018,NZO/HlLtJ,3747,,ACC_CAGE_6,230-F,2/3/26,F,LFD,270.77,268.65,38,5/23/26,DAY_3_ACC_SABLE,268.65,NO,D12450Ki,26011208A2i,JACKSON_LABORATORIES,2105,,,2512-43492A
2561791019,NZO/HlLtJ,3748,,ACC_CAGE_7,230-F,2/3/26,F,LFD,266.98,265.72,43.78,5/23/26,DAY_3_ACC_SABLE,265.72,NO,D12450Ki,26011208A2i,JACKSON_LABORATORIES,2105,,,2512-43492A
2561791020,NZO/HlLtJ,3749,,ACC_CAGE_8,230-F,2/3/26,F,LFD,268.82,266.78,34.3,5/23/26,DAY_3_ACC_SABLE,266.78,NO,D12450Ki,26011208A2i,JACKSON_LABORATORIES,2105,,,2512-43492A
2561791021,NZO/HlLtJ,3750,,ACC_CAGE_9,230-F,2/3/26,F,LFD,270.4,270.2,,5/23/26,DAY_3_ACC_SABLE,270.2,NO,D12450Ki,26011208A2i,JACKSON_LABORATORIES,2105,,,2512-43492A
2561791022,NZO/HlLtJ,3751,,ACC_CAGE_10,230-F,1/27/26,F,LFD,268.81,266.49,40.58,5/23/26,DAY_3_ACC_SABLE,266.49,NO,D12450Ki,26011208A2i,JACKSON_LABORATORIES,2105,,,2512-43492A
2561791023,NZO/HlLtJ,3752,,ACC_CAGE_11,230-F,1/27/26,F,LFD,271.02,269.14,40.61,5/23/26,DAY_3_ACC_SABLE,269.14,NO,D12450Ki,26011208A2i,JACKSON_LABORATORIES,2105,,,2512-43492A
2561791024,NZO/HlLtJ,3753,,ACC_CAGE_12,230-F,1/27/26,F,LFD,271.45,268.87,43.6,5/23/26,DAY_3_ACC_SABLE,268.87,NO,D12450Ki,26011208A2i,JACKSON_LABORATORIES,2105,,,2512-43492A
2561791001,NZO/HlLtJ,3730,6B,A7,370-F,1/13/26,F,LFD,15.72,11.9,34.88,5/24/26,REGAIN_DAY_3,11.9,NO,D12450Ki,26011208A2i,JACKSON_LABORATORIES,2105,,,2512-43492A
2561791002,NZO/HlLtJ,3731,6B,B7,370-F,1/13/26,F,LFD,14.51,8.12,38.37,5/24/26,REGAIN_DAY_3,8.12,NO,D12450Ki,26011208A2i,JACKSON_LABORATORIES,2105,,,2512-43492A
2561791003,NZO/HlLtJ,3732,6B,C7,370-F,1/13/26,F,LFD,16.23,13.35,27.52,5/24/26,REGAIN_DAY_3,13.35,NO,D12450Ki,26011208A2i,JACKSON_LABORATORIES,2105,,,2512-43492A
2561791004,NZO/HlLtJ,3733,6B,D7,370-F,1/13/26,F,LFD,16.62,13.74,32.98,5/24/26,REGAIN_DAY_3,13.74,NO,D12450Ki,26011208A2i,JACKSON_LABORATORIES,2105,,,2512-43492A
2561791006,NZO/HlLtJ,3735,6B,F7,370-F,1/20/26,F,LFD,15.17,11.47,46.91,5/24/26,REGAIN_DAY_3,11.47,NO,D12450Ki,26011208A2i,JACKSON_LABORATORIES,2105,,,2512-43492A
2561791007,NZO/HlLtJ,3736,6B,G7,370-F,1/20/26,F,LFD,16.44,13.36,39.42,5/24/26,REGAIN_DAY_3,13.36,NO,D12450Ki,26011208A2i,JACKSON_LABORATORIES,2105,,,2512-43492A
2561791008,NZO/HlLtJ,3737,6B,A8,370-F,1/20/26,F,LFD,16.05,11.42,38.58,5/24/26,REGAIN_DAY_3,11.42,NO,D12450Ki,26011208A2i,JACKSON_LABORATORIES,2105,,,2512-43492A
2561791009,NZO/HlLtJ,3738,6B,B8,370-F,1/20/26,F,LFD,14.14,8.4,42.45,5/24/26,REGAIN_DAY_3,8.4,NO,D12450Ki,26011208A2i,JACKSON_LABORATORIES,2105,,,2512-43492A
2561791010,NZO/HlLtJ,3739,6B,C8,370-F,1/20/26,F,LFD,18.08,13.68,37.96,5/24/26,REGAIN_DAY_3,13.68,NO,D12450Ki,26011208A2i,JACKSON_LABORATORIES,2105,,,2512-43492A
2561791011,NZO/HlLtJ,3740,6B,D8,370-F,1/20/26,F,LFD,17.19,12.91,52.71,5/24/26,REGAIN_DAY_3,12.91,NO,D12450Ki,26011208A2i,JACKSON_LABORATORIES,2105,,,2512-43492A
2561791012,NZO/HlLtJ,3741,6B,E8,370-F,1/20/26,F,LFD,14.23,9.93,41.42,5/24/26,REGAIN_DAY_3,9.93,NO,D12450Ki,26011208A2i,JACKSON_LABORATORIES,2105,,,2512-43492A
2561791013,NZO/HlLtJ,3742,,ACC_CAGE_1,230-F,2/10/26,F,LFD,,,,5/24/26,DAY_4_ACC_SABLE,,NO,D12450Ki,26011208A2i,JACKSON_LABORATORIES,2105,,,2512-43492A
2561791014,NZO/HlLtJ,3743,,ACC_CAGE_2,230-F,2/10/26,F,LFD,,,,5/24/26,DAY_4_ACC_SABLE,,NO,D12450Ki,26011208A2i,JACKSON_LABORATORIES,2105,,,2512-43492A
2561791015,NZO/HlLtJ,3744,,ACC_CAGE_3,230-F,2/10/26,F,LFD,,,,5/24/26,DAY_4_ACC_SABLE,,NO,D12450Ki,26011208A2i,JACKSON_LABORATORIES,2105,,,2512-43492A
2561791016,NZO/HlLtJ,3745,,ACC_CAGE_4,230-F,2/10/26,F,LFD,,,,5/24/26,DAY_4_ACC_SABLE,,NO,D12450Ki,26011208A2i,JACKSON_LABORATORIES,2105,,,2512-43492A
2561791017,NZO/HlLtJ,3746,,ACC_CAGE_5,230-F,2/10/26,F,LFD,,,,5/24/26,DAY_4_ACC_SABLE,,NO,D12450Ki,26011208A2i,JACKSON_LABORATORIES,2105,,,2512-43492A
2561791018,NZO/HlLtJ,3747,,ACC_CAGE_6,230-F,2/3/26,F,LFD,,,,5/24/26,DAY_4_ACC_SABLE,,NO,D12450Ki,26011208A2i,JACKSON_LABORATORIES,2105,,,2512-43492A
2561791019,NZO/HlLtJ,3748,,ACC_CAGE_7,230-F,2/3/26,F,LFD,,,,5/24/26,DAY_4_ACC_SABLE,,NO,D12450Ki,26011208A2i,JACKSON_LABORATORIES,2105,,,2512-43492A
2561791020,NZO/HlLtJ,3749,,ACC_CAGE_8,230-F,2/3/26,F,LFD,,,,5/24/26,DAY_4_ACC_SABLE,,NO,D12450Ki,26011208A2i,JACKSON_LABORATORIES,2105,,,2512-43492A
2561791021,NZO/HlLtJ,3750,,ACC_CAGE_9,230-F,2/3/26,F,LFD,,,,5/24/26,DAY_4_ACC_SABLE,,NO,D12450Ki,26011208A2i,JACKSON_LABORATORIES,2105,,,2512-43492A
2561791022,NZO/HlLtJ,3751,,ACC_CAGE_10,230-F,1/27/26,F,LFD,,,,5/24/26,DAY_4_ACC_SABLE,,NO,D12450Ki,26011208A2i,JACKSON_LABORATORIES,2105,,,2512-43492A
2561791023,NZO/HlLtJ,3752,,ACC_CAGE_11,230-F,1/27/26,F,LFD,,,,5/24/26,DAY_4_ACC_SABLE,,NO,D12450Ki,26011208A2i,JACKSON_LABORATORIES,2105,,,2512-43492A
2561791024,NZO/HlLtJ,3753,,ACC_CAGE_12,230-F,1/27/26,F,LFD,,,,5/24/26,DAY_4_ACC_SABLE,,NO,D12450Ki,26011208A2i,JACKSON_LABORATORIES,2105,,,2512-43492A
2561791001,NZO/HlLtJ,3730,6B,A7,370-F,1/13/26,F,LFD,11.9,6.06,36.73,5/25/26,REGAIN_DAY_4,27.91,NO,D12450Ki,26011208A2i,JACKSON_LABORATORIES,2105,,,2512-43492A
2561791002,NZO/HlLtJ,3731,6B,B7,370-F,1/13/26,F,LFD,8.12,2.54,38.92,5/25/26,REGAIN_DAY_4,28.54,NO,D12450Ki,26011208A2i,JACKSON_LABORATORIES,2105,,,2512-43492A
2561791003,NZO/HlLtJ,3732,6B,C7,370-F,1/13/26,F,LFD,13.35,9.26,28.63,5/25/26,REGAIN_DAY_4,26.55,NO,D12450Ki,26011208A2i,JACKSON_LABORATORIES,2105,,,2512-43492A
2561791004,NZO/HlLtJ,3733,6B,D7,370-F,1/13/26,F,LFD,13.74,9.94,34.75,5/25/26,REGAIN_DAY_4,25.53,NO,D12450Ki,26011208A2i,JACKSON_LABORATORIES,2105,,,2512-43492A
2561791006,NZO/HlLtJ,3735,6B,F7,370-F,1/20/26,F,LFD,11.47,6.42,47.39,5/25/26,REGAIN_DAY_4,28.17,NO,D12450Ki,26011208A2i,JACKSON_LABORATORIES,2105,,,2512-43492A
2561791007,NZO/HlLtJ,3736,6B,G7,370-F,1/20/26,F,LFD,13.36,9.41,39.66,5/25/26,REGAIN_DAY_4,26.35,NO,D12450Ki,26011208A2i,JACKSON_LABORATORIES,2105,,,2512-43492A
2561791008,NZO/HlLtJ,3737,6B,A8,370-F,1/20/26,F,LFD,11.42,6.07,40.14,5/25/26,REGAIN_DAY_4,25.58,NO,D12450Ki,26011208A2i,JACKSON_LABORATORIES,2105,,,2512-43492A
2561791009,NZO/HlLtJ,3738,6B,B8,370-F,1/20/26,F,LFD,8.4,1.49,43.46,5/25/26,REGAIN_DAY_4,28.65,NO,D12450Ki,26011208A2i,JACKSON_LABORATORIES,2105,,,2512-43492A
2561791010,NZO/HlLtJ,3739,6B,C8,370-F,1/20/26,F,LFD,13.68,9.14,39.1,5/25/26,REGAIN_DAY_4,29.72,NO,D12450Ki,26011208A2i,JACKSON_LABORATORIES,2105,,,2512-43492A
2561791011,NZO/HlLtJ,3740,6B,D8,370-F,1/20/26,F,LFD,12.91,8.61,52.74,5/25/26,REGAIN_DAY_4,28.32,NO,D12450Ki,26011208A2i,JACKSON_LABORATORIES,2105,,,2512-43492A
2561791012,NZO/HlLtJ,3741,6B,E8,370-F,1/20/26,F,LFD,9.93,4.01,42.97,5/25/26,REGAIN_DAY_4,29.12,NO,D12450Ki,26011208A2i,JACKSON_LABORATORIES,2105,,,2512-43492A
2561791013,NZO/HlLtJ,3742,,ACC_CAGE_1,230-F,2/10/26,F,LFD,273.17,265.78,40.93,5/25/26,DAY_5_ACC_SABLE,271.49,NO,D12450Ki,26011208A2i,JACKSON_LABORATORIES,2105,,,2512-43492A
2561791014,NZO/HlLtJ,3743,,ACC_CAGE_2,230-F,2/10/26,F,LFD,270.35,264.96,38.95,5/25/26,DAY_5_ACC_SABLE,271.45,NO,D12450Ki,26011208A2i,JACKSON_LABORATORIES,2105,,,2512-43492A
2561791015,NZO/HlLtJ,3744,,ACC_CAGE_3,230-F,2/10/26,F,LFD,264.36,258.07,47.86,5/25/26,DAY_5_ACC_SABLE,272.85,NO,D12450Ki,26011208A2i,JACKSON_LABORATORIES,2105,,,2512-43492A
2561791016,NZO/HlLtJ,3745,,ACC_CAGE_4,230-F,2/10/26,F,LFD,263.89,256.15,44.64,5/25/26,DAY_5_ACC_SABLE,271.34,NO,D12450Ki,26011208A2i,JACKSON_LABORATORIES,2105,,,2512-43492A
2561791017,NZO/HlLtJ,3746,,ACC_CAGE_5,230-F,2/10/26,F,LFD,266.58,261.85,39.5,5/25/26,DAY_5_ACC_SABLE,271.71,NO,D12450Ki,26011208A2i,JACKSON_LABORATORIES,2105,,,2512-43492A
2561791018,NZO/HlLtJ,3747,,ACC_CAGE_6,230-F,2/3/26,F,LFD,268.65,263.21,38.39,5/25/26,DAY_5_ACC_SABLE,271.77,NO,D12450Ki,26011208A2i,JACKSON_LABORATORIES,2105,,,2512-43492A
2561791019,NZO/HlLtJ,3748,,ACC_CAGE_7,230-F,2/3/26,F,LFD,265.72,259.14,45.98,5/25/26,DAY_5_ACC_SABLE,274.66,NO,D12450Ki,26011208A2i,JACKSON_LABORATORIES,2105,,,2512-43492A
2561791020,NZO/HlLtJ,3749,,ACC_CAGE_8,230-F,2/3/26,F,LFD,266.78,261.05,33.24,5/25/26,DAY_5_ACC_SABLE,270.22,NO,D12450Ki,26011208A2i,JACKSON_LABORATORIES,2105,,,2512-43492A
2561791021,NZO/HlLtJ,3750,,ACC_CAGE_9,230-F,2/3/26,F,LFD,270.2,269.15,41.56,5/25/26,DAY_5_ACC_SABLE,272.03,NO,D12450Ki,26011208A2i,JACKSON_LABORATORIES,2105,,,2512-43492A
2561791022,NZO/HlLtJ,3751,,ACC_CAGE_10,230-F,1/27/26,F,LFD,266.49,258.98,41.38,5/25/26,DAY_5_ACC_SABLE,274.98,NO,D12450Ki,26011208A2i,JACKSON_LABORATORIES,2105,,,2512-43492A
2561791023,NZO/HlLtJ,3752,,ACC_CAGE_11,230-F,1/27/26,F,LFD,269.14,263.56,40.06,5/25/26,DAY_5_ACC_SABLE,272.6,NO,D12450Ki,26011208A2i,JACKSON_LABORATORIES,2105,,,2512-43492A
2561791024,NZO/HlLtJ,3753,,ACC_CAGE_12,230-F,1/27/26,F,LFD,268.87,260.4,44.75,5/25/26,DAY_5_ACC_SABLE,270.53,NO,D12450Ki,26011208A2i,JACKSON_LABORATORIES,2105,,,2512-43492A
2561791001,NZO/HlLtJ,3730,6B,A7,370-F,1/13/26,F,LFD,27.91,23.01,37.7,5/26/26,REGAIN_DAY_5,23.01,NO,D12450Ki,26011208A2i,JACKSON_LABORATORIES,2105,,,2512-43492A
2561791002,NZO/HlLtJ,3731,6B,B7,370-F,1/13/26,F,LFD,28.54,22.94,40.65,5/26/26,REGAIN_DAY_5,22.94,NO,D12450Ki,26011208A2i,JACKSON_LABORATORIES,2105,,,2512-43492A
2561791003,NZO/HlLtJ,3732,6B,C7,370-F,1/13/26,F,LFD,26.55,22.54,29.77,5/26/26,REGAIN_DAY_5,22.54,NO,D12450Ki,26011208A2i,JACKSON_LABORATORIES,2105,,,2512-43492A
2561791004,NZO/HlLtJ,3733,6B,D7,370-F,1/13/26,F,LFD,25.53,22,35.4,5/26/26,REGAIN_DAY_5,22,NO,D12450Ki,26011208A2i,JACKSON_LABORATORIES,2105,,,2512-43492A
2561791006,NZO/HlLtJ,3735,6B,F7,370-F,1/20/26,F,LFD,28.17,25.33,47.09,5/26/26,REGAIN_DAY_5,25.33,NO,D12450Ki,26011208A2i,JACKSON_LABORATORIES,2105,,,2512-43492A
2561791007,NZO/HlLtJ,3736,6B,G7,370-F,1/20/26,F,LFD,26.35,23.48,40.32,5/26/26,REGAIN_DAY_5,23.48,NO,D12450Ki,26011208A2i,JACKSON_LABORATORIES,2105,,,2512-43492A
2561791008,NZO/HlLtJ,3737,6B,A8,370-F,1/20/26,F,LFD,25.58,20.39,40.62,5/26/26,REGAIN_DAY_5,20.39,NO,D12450Ki,26011208A2i,JACKSON_LABORATORIES,2105,,,2512-43492A
2561791009,NZO/HlLtJ,3738,6B,B8,370-F,1/20/26,F,LFD,28.65,22.26,45.1,5/26/26,REGAIN_DAY_5,22.26,NO,D12450Ki,26011208A2i,JACKSON_LABORATORIES,2105,,,2512-43492A
2561791010,NZO/HlLtJ,3739,6B,C8,370-F,1/20/26,F,LFD,29.72,25.54,39.86,5/26/26,REGAIN_DAY_5,25.54,NO,D12450Ki,26011208A2i,JACKSON_LABORATORIES,2105,,,2512-43492A
2561791011,NZO/HlLtJ,3740,6B,D8,370-F,1/20/26,F,LFD,28.32,24.91,53.22,5/26/26,REGAIN_DAY_5,24.91,NO,D12450Ki,26011208A2i,JACKSON_LABORATORIES,2105,,,2512-43492A
2561791012,NZO/HlLtJ,3741,6B,E8,370-F,1/20/26,F,LFD,29.12,23.71,44.37,5/26/26,REGAIN_DAY_5,23.71,NO,D12450Ki,26011208A2i,JACKSON_LABORATORIES,2105,,,2512-43492A
2561791013,NZO/HlLtJ,3742,,ACC_CAGE_1,230-F,2/10/26,F,LFD,271.49,267.85,,5/26/26,DAY_6_ACC_SABLE,267.85,NO,D12450Ki,26011208A2i,JACKSON_LABORATORIES,2105,,,2512-43492A
2561791014,NZO/HlLtJ,3743,,ACC_CAGE_2,230-F,2/10/26,F,LFD,271.45,267.79,,5/26/26,DAY_6_ACC_SABLE,267.79,NO,D12450Ki,26011208A2i,JACKSON_LABORATORIES,2105,,,2512-43492A
2561791015,NZO/HlLtJ,3744,,ACC_CAGE_3,230-F,2/10/26,F,LFD,272.85,269.56,,5/26/26,DAY_6_ACC_SABLE,269.56,NO,D12450Ki,26011208A2i,JACKSON_LABORATORIES,2105,,,2512-43492A
2561791016,NZO/HlLtJ,3745,,ACC_CAGE_4,230-F,2/10/26,F,LFD,271.34,267.27,,5/26/26,DAY_6_ACC_SABLE,267.27,NO,D12450Ki,26011208A2i,JACKSON_LABORATORIES,2105,,,2512-43492A
2561791017,NZO/HlLtJ,3746,,ACC_CAGE_5,230-F,2/10/26,F,LFD,271.71,268.49,,5/26/26,DAY_6_ACC_SABLE,268.49,NO,D12450Ki,26011208A2i,JACKSON_LABORATORIES,2105,,,2512-43492A
2561791018,NZO/HlLtJ,3747,,ACC_CAGE_6,230-F,2/3/26,F,LFD,271.77,268.28,,5/26/26,DAY_6_ACC_SABLE,268.28,NO,D12450Ki,26011208A2i,JACKSON_LABORATORIES,2105,,,2512-43492A
2561791019,NZO/HlLtJ,3748,,ACC_CAGE_7,230-F,2/3/26,F,LFD,274.66,270.76,,5/26/26,DAY_6_ACC_SABLE,270.76,NO,D12450Ki,26011208A2i,JACKSON_LABORATORIES,2105,,,2512-43492A
2561791020,NZO/HlLtJ,3749,,ACC_CAGE_8,230-F,2/3/26,F,LFD,270.22,268.05,,5/26/26,DAY_6_ACC_SABLE,268.05,NO,D12450Ki,26011208A2i,JACKSON_LABORATORIES,2105,,,2512-43492A
2561791021,NZO/HlLtJ,3750,,ACC_CAGE_9,230-F,2/3/26,F,LFD,272.03,267.7,45.09,5/26/26,DAY_6_ACC_SABLE,267.7,NO,D12450Ki,26011208A2i,JACKSON_LABORATORIES,2105,,,2512-43492A
2561791022,NZO/HlLtJ,3751,,ACC_CAGE_10,230-F,1/27/26,F,LFD,274.98,271.61,,5/26/26,DAY_6_ACC_SABLE,271.61,NO,D12450Ki,26011208A2i,JACKSON_LABORATORIES,2105,,,2512-43492A
2561791023,NZO/HlLtJ,3752,,ACC_CAGE_11,230-F,1/27/26,F,LFD,272.6,268.27,,5/26/26,DAY_6_ACC_SABLE,268.27,NO,D12450Ki,26011208A2i,JACKSON_LABORATORIES,2105,,,2512-43492A
2561791024,NZO/HlLtJ,3753,,ACC_CAGE_12,230-F,1/27/26,F,LFD,270.53,267.22,,5/26/26,DAY_6_ACC_SABLE,267.22,NO,D12450Ki,26011208A2i,JACKSON_LABORATORIES,2105,,,2512-43492A
2561791001,NZO/HlLtJ,3730,6B,A7,370-F,1/13/26,F,LFD,23.01,16.75,38.96,5/27/26,REGAIN_DAY_6,16.75,NO,D12450Ki,26011208A2i,JACKSON_LABORATORIES,2105,,,2512-43492A
2561791002,NZO/HlLtJ,3731,6B,B7,370-F,1/13/26,F,LFD,22.94,16.58,41.78,5/27/26,REGAIN_DAY_6,16.58,NO,D12450Ki,26011208A2i,JACKSON_LABORATORIES,2105,,,2512-43492A
2561791003,NZO/HlLtJ,3732,6B,C7,370-F,1/13/26,F,LFD,22.54,18.65,29.84,5/27/26,REGAIN_DAY_6,18.65,NO,D12450Ki,26011208A2i,JACKSON_LABORATORIES,2105,,,2512-43492A
2561791004,NZO/HlLtJ,3733,6B,D7,370-F,1/13/26,F,LFD,22,17.26,36,5/27/26,REGAIN_DAY_6,17.26,NO,D12450Ki,26011208A2i,JACKSON_LABORATORIES,2105,,,2512-43492A
2561791006,NZO/HlLtJ,3735,6B,F7,370-F,1/20/26,F,LFD,25.33,20.6,47.85,5/27/26,REGAIN_DAY_6,20.6,NO,D12450Ki,26011208A2i,JACKSON_LABORATORIES,2105,,,2512-43492A
2561791007,NZO/HlLtJ,3736,6B,G7,370-F,1/20/26,F,LFD,23.48,19.79,39.88,5/27/26,REGAIN_DAY_6,19.79,NO,D12450Ki,26011208A2i,JACKSON_LABORATORIES,2105,,,2512-43492A
2561791008,NZO/HlLtJ,3737,6B,A8,370-F,1/20/26,F,LFD,20.39,14.01,41.83,5/27/26,REGAIN_DAY_6,14.01,NO,D12450Ki,26011208A2i,JACKSON_LABORATORIES,2105,,,2512-43492A
2561791009,NZO/HlLtJ,3738,6B,B8,370-F,1/20/26,F,LFD,22.26,15.02,45.71,5/27/26,REGAIN_DAY_6,15.02,NO,D12450Ki,26011208A2i,JACKSON_LABORATORIES,2105,,,2512-43492A
2561791010,NZO/HlLtJ,3739,6B,C8,370-F,1/20/26,F,LFD,25.54,19.89,40.57,5/27/26,REGAIN_DAY_6,19.89,NO,D12450Ki,26011208A2i,JACKSON_LABORATORIES,2105,,,2512-43492A
2561791011,NZO/HlLtJ,3740,6B,D8,370-F,1/20/26,F,LFD,24.91,20.06,53.49,5/27/26,REGAIN_DAY_6,20.06,NO,D12450Ki,26011208A2i,JACKSON_LABORATORIES,2105,,,2512-43492A
2561791012,NZO/HlLtJ,3741,6B,E8,370-F,1/20/26,F,LFD,23.71,16.55,45.13,5/27/26,REGAIN_DAY_6,16.55,NO,D12450Ki,26011208A2i,JACKSON_LABORATORIES,2105,,,2512-43492A
2561791013,NZO/HlLtJ,3742,,ACC_CAGE_1,230-F,2/10/26,F,LFD,267.85,263.97,40.42,5/27/26,DAY_7_ACC_SABLE,263.97,NO,D12450Ki,26011208A2i,JACKSON_LABORATORIES,2105,,,2512-43492A
2561791014,NZO/HlLtJ,3743,,ACC_CAGE_2,230-F,2/10/26,F,LFD,267.79,263.5,39.78,5/27/26,DAY_7_ACC_SABLE,263.5,NO,D12450Ki,26011208A2i,JACKSON_LABORATORIES,2105,,,2512-43492A
2561791015,NZO/HlLtJ,3744,,ACC_CAGE_3,230-F,2/10/26,F,LFD,269.56,265.4,47.63,5/27/26,DAY_7_ACC_SABLE,265.4,NO,D12450Ki,26011208A2i,JACKSON_LABORATORIES,2105,,,2512-43492A
2561791016,NZO/HlLtJ,3745,,ACC_CAGE_4,230-F,2/10/26,F,LFD,267.27,261.88,46.04,5/27/26,DAY_7_ACC_SABLE,261.88,NO,D12450Ki,26011208A2i,JACKSON_LABORATORIES,2105,,,2512-43492A
2561791017,NZO/HlLtJ,3746,,ACC_CAGE_5,230-F,2/10/26,F,LFD,268.49,264.64,39.74,5/27/26,DAY_7_ACC_SABLE,264.64,NO,D12450Ki,26011208A2i,JACKSON_LABORATORIES,2105,,,2512-43492A
2561791018,NZO/HlLtJ,3747,,ACC_CAGE_6,230-F,2/3/26,F,LFD,268.28,264.85,37.68,5/27/26,DAY_7_ACC_SABLE,264.85,NO,D12450Ki,26011208A2i,JACKSON_LABORATORIES,2105,,,2512-43492A
2561791019,NZO/HlLtJ,3748,,ACC_CAGE_7,230-F,2/3/26,F,LFD,270.76,266.31,46.73,5/27/26,DAY_7_ACC_SABLE,266.31,NO,D12450Ki,26011208A2i,JACKSON_LABORATORIES,2105,,,2512-43492A
2561791020,NZO/HlLtJ,3749,,ACC_CAGE_8,230-F,2/3/26,F,LFD,268.05,263.35,34.43,5/27/26,DAY_7_ACC_SABLE,263.35,NO,D12450Ki,26011208A2i,JACKSON_LABORATORIES,2105,,,2512-43492A
2561791021,NZO/HlLtJ,3750,,ACC_CAGE_9,230-F,2/3/26,F,LFD,267.7,263.39,45.39,5/27/26,DAY_7_ACC_SABLE,263.39,NO,D12450Ki,26011208A2i,JACKSON_LABORATORIES,2105,,,2512-43492A
2561791022,NZO/HlLtJ,3751,,ACC_CAGE_10,230-F,1/27/26,F,LFD,271.61,267.49,41.55,5/27/26,DAY_7_ACC_SABLE,267.49,NO,D12450Ki,26011208A2i,JACKSON_LABORATORIES,2105,,,2512-43492A
2561791023,NZO/HlLtJ,3752,,ACC_CAGE_11,230-F,1/27/26,F,LFD,268.27,263.55,40.6,5/27/26,DAY_7_ACC_SABLE,263.55,NO,D12450Ki,26011208A2i,JACKSON_LABORATORIES,2105,,,2512-43492A
2561791024,NZO/HlLtJ,3753,,ACC_CAGE_12,230-F,1/27/26,F,LFD,267.22,261.72,45,5/27/26,DAY_7_ACC_SABLE,261.72,NO,D12450Ki,26011208A2i,JACKSON_LABORATORIES,2105,,,2512-43492A
2561791001,NZO/HlLtJ,3730,6B,A7,370-F,1/13/26,F,LFD,,,,5/28/26,REGAIN_DAY_7,,NO,D12450Ki,26011208A2i,JACKSON_LABORATORIES,2105,,,2512-43492A
2561791002,NZO/HlLtJ,3731,6B,B7,370-F,1/13/26,F,LFD,,,,5/28/26,REGAIN_DAY_7,,NO,D12450Ki,26011208A2i,JACKSON_LABORATORIES,2105,,,2512-43492A
2561791003,NZO/HlLtJ,3732,6B,C7,370-F,1/13/26,F,LFD,,,,5/28/26,REGAIN_DAY_7,,NO,D12450Ki,26011208A2i,JACKSON_LABORATORIES,2105,,,2512-43492A
2561791004,NZO/HlLtJ,3733,6B,D7,370-F,1/13/26,F,LFD,,,,5/28/26,REGAIN_DAY_7,,NO,D12450Ki,26011208A2i,JACKSON_LABORATORIES,2105,,,2512-43492A
2561791006,NZO/HlLtJ,3735,6B,F7,370-F,1/20/26,F,LFD,,,,5/28/26,REGAIN_DAY_7,,NO,D12450Ki,26011208A2i,JACKSON_LABORATORIES,2105,,,2512-43492A
2561791007,NZO/HlLtJ,3736,6B,G7,370-F,1/20/26,F,LFD,,,,5/28/26,REGAIN_DAY_7,,NO,D12450Ki,26011208A2i,JACKSON_LABORATORIES,2105,,,2512-43492A
2561791008,NZO/HlLtJ,3737,6B,A8,370-F,1/20/26,F,LFD,,,,5/28/26,REGAIN_DAY_7,,NO,D12450Ki,26011208A2i,JACKSON_LABORATORIES,2105,,,2512-43492A
2561791009,NZO/HlLtJ,3738,6B,B8,370-F,1/20/26,F,LFD,,,,5/28/26,REGAIN_DAY_7,,NO,D12450Ki,26011208A2i,JACKSON_LABORATORIES,2105,,,2512-43492A
2561791010,NZO/HlLtJ,3739,6B,C8,370-F,1/20/26,F,LFD,,,,5/28/26,REGAIN_DAY_7,,NO,D12450Ki,26011208A2i,JACKSON_LABORATORIES,2105,,,2512-43492A
2561791011,NZO/HlLtJ,3740,6B,D8,370-F,1/20/26,F,LFD,,,,5/28/26,REGAIN_DAY_7,,NO,D12450Ki,26011208A2i,JACKSON_LABORATORIES,2105,,,2512-43492A
2561791012,NZO/HlLtJ,3741,6B,E8,370-F,1/20/26,F,LFD,,,,5/28/26,REGAIN_DAY_7,,NO,D12450Ki,26011208A2i,JACKSON_LABORATORIES,2105,,,2512-43492A
2561791013,NZO/HlLtJ,3742,,ACC_CAGE_1,230-F,2/10/26,F,LFD,,,,5/28/26,DAY_8_ACC_SABLE,,NO,D12450Ki,26011208A2i,JACKSON_LABORATORIES,2105,,,2512-43492A
2561791014,NZO/HlLtJ,3743,,ACC_CAGE_2,230-F,2/10/26,F,LFD,,,,5/28/26,DAY_8_ACC_SABLE,,NO,D12450Ki,26011208A2i,JACKSON_LABORATORIES,2105,,,2512-43492A
2561791015,NZO/HlLtJ,3744,,ACC_CAGE_3,230-F,2/10/26,F,LFD,,,,5/28/26,DAY_8_ACC_SABLE,,NO,D12450Ki,26011208A2i,JACKSON_LABORATORIES,2105,,,2512-43492A
2561791016,NZO/HlLtJ,3745,,ACC_CAGE_4,230-F,2/10/26,F,LFD,,,,5/28/26,DAY_8_ACC_SABLE,,NO,D12450Ki,26011208A2i,JACKSON_LABORATORIES,2105,,,2512-43492A
2561791017,NZO/HlLtJ,3746,,ACC_CAGE_5,230-F,2/10/26,F,LFD,,,,5/28/26,DAY_8_ACC_SABLE,,NO,D12450Ki,26011208A2i,JACKSON_LABORATORIES,2105,,,2512-43492A
2561791018,NZO/HlLtJ,3747,,ACC_CAGE_6,230-F,2/3/26,F,LFD,,,,5/28/26,DAY_8_ACC_SABLE,,NO,D12450Ki,26011208A2i,JACKSON_LABORATORIES,2105,,,2512-43492A
2561791019,NZO/HlLtJ,3748,,ACC_CAGE_7,230-F,2/3/26,F,LFD,,,,5/28/26,DAY_8_ACC_SABLE,,NO,D12450Ki,26011208A2i,JACKSON_LABORATORIES,2105,,,2512-43492A
2561791020,NZO/HlLtJ,3749,,ACC_CAGE_8,230-F,2/3/26,F,LFD,,,,5/28/26,DAY_8_ACC_SABLE,,NO,D12450Ki,26011208A2i,JACKSON_LABORATORIES,2105,,,2512-43492A
2561791021,NZO/HlLtJ,3750,,ACC_CAGE_9,230-F,2/3/26,F,LFD,,,,5/28/26,DAY_8_ACC_SABLE,,NO,D12450Ki,26011208A2i,JACKSON_LABORATORIES,2105,,,2512-43492A
2561791022,NZO/HlLtJ,3751,,ACC_CAGE_10,230-F,1/27/26,F,LFD,,,,5/28/26,DAY_8_ACC_SABLE,,NO,D12450Ki,26011208A2i,JACKSON_LABORATORIES,2105,,,2512-43492A
2561791023,NZO/HlLtJ,3752,,ACC_CAGE_11,230-F,1/27/26,F,LFD,,,,5/28/26,DAY_8_ACC_SABLE,,NO,D12450Ki,26011208A2i,JACKSON_LABORATORIES,2105,,,2512-43492A
2561791024,NZO/HlLtJ,3753,,ACC_CAGE_12,230-F,1/27/26,F,LFD,,,,5/28/26,DAY_8_ACC_SABLE,,NO,D12450Ki,26011208A2i,JACKSON_LABORATORIES,2105,,,2512-43492A
2561791001,NZO/HlLtJ,3730,6B,A7,370-F,1/13/26,F,LFD,16.75,2.96,42.69,5/29/26,REGAIN_DAY_8,21.03,NO,D12450Ki,26011208A2i,JACKSON_LABORATORIES,2105,,,2512-43492A
2561791002,NZO/HlLtJ,3731,6B,B7,370-F,1/13/26,F,LFD,16.58,3.89,44.17,5/29/26,REGAIN_DAY_8,22.94,NO,D12450Ki,26011208A2i,JACKSON_LABORATORIES,2105,,,2512-43492A
2561791003,NZO/HlLtJ,3732,6B,C7,370-F,1/13/26,F,LFD,18.65,5.95,33.42,5/29/26,REGAIN_DAY_8,23.21,NO,D12450Ki,26011208A2i,JACKSON_LABORATORIES,2105,,,2512-43492A
2561791004,NZO/HlLtJ,3733,6B,D7,370-F,1/13/26,F,LFD,17.26,5.99,38.6,5/29/26,REGAIN_DAY_8,22.86,NO,D12450Ki,26011208A2i,JACKSON_LABORATORIES,2105,,,2512-43492A
2561791006,NZO/HlLtJ,3735,6B,F7,370-F,1/20/26,F,LFD,20.6,11.18,49.21,5/29/26,REGAIN_DAY_8,22.13,NO,D12450Ki,26011208A2i,JACKSON_LABORATORIES,2105,,,2512-43492A
2561791007,NZO/HlLtJ,3736,6B,G7,370-F,1/20/26,F,LFD,19.79,10.91,41.47,5/29/26,REGAIN_DAY_8,18.92,NO,D12450Ki,26011208A2i,JACKSON_LABORATORIES,2105,,,2512-43492A
2561791008,NZO/HlLtJ,3737,6B,A8,370-F,1/20/26,F,LFD,14.01,0,44.4,5/29/26,REGAIN_DAY_8,26.88,NO,D12450Ki,26011208A2i,JACKSON_LABORATORIES,2105,,,2512-43492A
2561791009,NZO/HlLtJ,3738,6B,B8,370-F,1/20/26,F,LFD,15.02,0,47.84,5/29/26,REGAIN_DAY_8,27.19,NO,D12450Ki,26011208A2i,JACKSON_LABORATORIES,2105,,,2512-43492A
2561791010,NZO/HlLtJ,3739,6B,C8,370-F,1/20/26,F,LFD,19.89,5.36,44.65,5/29/26,REGAIN_DAY_8,22.78,NO,D12450Ki,26011208A2i,JACKSON_LABORATORIES,2105,,,2512-43492A
2561791011,NZO/HlLtJ,3740,6B,D8,370-F,1/20/26,F,LFD,20.06,11.46,54.14,5/29/26,REGAIN_DAY_8,21.99,NO,D12450Ki,26011208A2i,JACKSON_LABORATORIES,2105,,,2512-43492A
2561791012,NZO/HlLtJ,3741,6B,E8,370-F,1/20/26,F,LFD,16.55,1.32,48.57,5/29/26,REGAIN_DAY_8,31.39,NO,D12450Ki,26011208A2i,JACKSON_LABORATORIES,2105,,,2512-43492A
2561791013,NZO/HlLtJ,3742,,CAGE_1,230-F,2/10/26,F,LFD,263.97,255.96,40.56,5/29/26,SABLE_DAY_1,294.16,YES,D12450Ki,26011208A2i,JACKSON_LABORATORIES,2105,,,2512-43492A
2561791014,NZO/HlLtJ,3743,,CAGE_2,230-F,2/10/26,F,LFD,263.5,255.86,39.94,5/29/26,SABLE_DAY_1,297.32,YES,D12450Ki,26011208A2i,JACKSON_LABORATORIES,2105,,,2512-43492A
2561791015,NZO/HlLtJ,3744,,CAGE_3,230-F,2/10/26,F,LFD,265.4,256.81,48.32,5/29/26,SABLE_DAY_1,293.58,YES,D12450Ki,26011208A2i,JACKSON_LABORATORIES,2105,,,2512-43492A
2561791016,NZO/HlLtJ,3745,,CAGE_4,230-F,2/10/26,F,LFD,261.88,253.54,44.87,5/29/26,SABLE_DAY_1,291.83,YES,D12450Ki,26011208A2i,JACKSON_LABORATORIES,2105,,,2512-43492A
2561791017,NZO/HlLtJ,3746,,ACC_CAGE_5,230-F,2/10/26,F,LFD,264.64,257.09,39.77,5/29/26,DAY_9_ACC_SABLE,292.37,NO,D12450Ki,26011208A2i,JACKSON_LABORATORIES,2105,,,2512-43492A
2561791018,NZO/HlLtJ,3747,,ACC_CAGE_6,230-F,2/3/26,F,LFD,264.85,256.81,38.16,5/29/26,DAY_9_ACC_SABLE,290.21,NO,D12450Ki,26011208A2i,JACKSON_LABORATORIES,2105,,,2512-43492A
2561791019,NZO/HlLtJ,3748,,CAGE_5,230-F,2/3/26,F,LFD,266.31,257.74,46.56,5/29/26,SABLE_DAY_1,297.28,YES,D12450Ki,26011208A2i,JACKSON_LABORATORIES,2105,,,2512-43492A
2561791020,NZO/HlLtJ,3749,,CAGE_6,230-F,2/3/26,F,LFD,263.35,255.24,34.74,5/29/26,SABLE_DAY_1,290.35,YES,D12450Ki,26011208A2i,JACKSON_LABORATORIES,2105,,,2512-43492A
2561791021,NZO/HlLtJ,3750,,CAGE_7,230-F,2/3/26,F,LFD,263.39,252.95,46.52,5/29/26,SABLE_DAY_1,297.47,YES,D12450Ki,26011208A2i,JACKSON_LABORATORIES,2105,,,2512-43492A
2561791022,NZO/HlLtJ,3751,,CAGE_8,230-F,1/27/26,F,LFD,267.49,258.9,41.54,5/29/26,SABLE_DAY_1,293.91,YES,D12450Ki,26011208A2i,JACKSON_LABORATORIES,2105,,,2512-43492A
2561791023,NZO/HlLtJ,3752,,ACC_CAGE_11,230-F,1/27/26,F,LFD,263.55,254.41,40.72,5/29/26,DAY_9_ACC_SABLE,292.49,NO,D12450Ki,26011208A2i,JACKSON_LABORATORIES,2105,,,2512-43492A
2561791024,NZO/HlLtJ,3753,,ACC_CAGE_12,230-F,1/27/26,F,LFD,261.72,253.02,44.43,5/29/26,DAY_9_ACC_SABLE,292.99,NO,D12450Ki,26011208A2i,JACKSON_LABORATORIES,2105,,,2512-43492A
2561791001,NZO/HlLtJ,3730,6B,A7,370-F,1/13/26,F,LFD,21.03,15.95,43.13,5/30/26,REGAIN_DAY_9,15.95,NO,D12450Ki,26011208A2i,JACKSON_LABORATORIES,2105,,,2512-43492A
2561791002,NZO/HlLtJ,3731,6B,B7,370-F,1/13/26,F,LFD,22.94,19.39,43.84,5/30/26,REGAIN_DAY_9,19.39,NO,D12450Ki,26011208A2i,JACKSON_LABORATORIES,2105,,,2512-43492A
2561791003,NZO/HlLtJ,3732,6B,C7,370-F,1/13/26,F,LFD,23.21,18.95,33.54,5/30/26,REGAIN_DAY_9,18.95,NO,D12450Ki,26011208A2i,JACKSON_LABORATORIES,2105,,,2512-43492A
2561791004,NZO/HlLtJ,3733,6B,D7,370-F,1/13/26,F,LFD,22.86,18.78,38.67,5/30/26,REGAIN_DAY_9,18.78,NO,D12450Ki,26011208A2i,JACKSON_LABORATORIES,2105,,,2512-43492A
2561791006,NZO/HlLtJ,3735,6B,F7,370-F,1/20/26,F,LFD,22.13,18.5,48.69,5/30/26,REGAIN_DAY_9,18.5,NO,D12450Ki,26011208A2i,JACKSON_LABORATORIES,2105,,,2512-43492A
2561791007,NZO/HlLtJ,3736,6B,G7,370-F,1/20/26,F,LFD,18.92,14.77,41.88,5/30/26,REGAIN_DAY_9,14.77,NO,D12450Ki,26011208A2i,JACKSON_LABORATORIES,2105,,,2512-43492A
2561791008,NZO/HlLtJ,3737,6B,A8,370-F,1/20/26,F,LFD,26.88,21.28,45.96,5/30/26,REGAIN_DAY_9,21.28,NO,D12450Ki,26011208A2i,JACKSON_LABORATORIES,2105,,,2512-43492A
2561791009,NZO/HlLtJ,3738,6B,B8,370-F,1/20/26,F,LFD,27.19,21.53,49.34,5/30/26,REGAIN_DAY_9,21.53,NO,D12450Ki,26011208A2i,JACKSON_LABORATORIES,2105,,,2512-43492A
2561791010,NZO/HlLtJ,3739,6B,C8,370-F,1/20/26,F,LFD,22.78,17.54,45.33,5/30/26,REGAIN_DAY_9,17.54,NO,D12450Ki,26011208A2i,JACKSON_LABORATORIES,2105,,,2512-43492A
2561791011,NZO/HlLtJ,3740,6B,D8,370-F,1/20/26,F,LFD,21.99,17.93,54.78,5/30/26,REGAIN_DAY_9,17.93,NO,D12450Ki,26011208A2i,JACKSON_LABORATORIES,2105,,,2512-43492A
2561791012,NZO/HlLtJ,3741,6B,E8,370-F,1/20/26,F,LFD,31.39,27.02,48.39,5/30/26,REGAIN_DAY_9,27.02,NO,D12450Ki,26011208A2i,JACKSON_LABORATORIES,2105,,,2512-43492A
2561791013,NZO/HlLtJ,3742,,CAGE_1,230-F,2/10/26,F,LFD,,,,5/30/26,SABLE_DAY_2,,YES,D12450Ki,26011208A2i,JACKSON_LABORATORIES,2105,,,2512-43492A
2561791014,NZO/HlLtJ,3743,,CAGE_2,230-F,2/10/26,F,LFD,,,,5/30/26,SABLE_DAY_2,,YES,D12450Ki,26011208A2i,JACKSON_LABORATORIES,2105,,,2512-43492A
2561791015,NZO/HlLtJ,3744,,CAGE_3,230-F,2/10/26,F,LFD,,,,5/30/26,SABLE_DAY_2,,YES,D12450Ki,26011208A2i,JACKSON_LABORATORIES,2105,,,2512-43492A
2561791016,NZO/HlLtJ,3745,,CAGE_4,230-F,2/10/26,F,LFD,,,,5/30/26,SABLE_DAY_2,,YES,D12450Ki,26011208A2i,JACKSON_LABORATORIES,2105,,,2512-43492A
2561791017,NZO/HlLtJ,3746,,ACC_CAGE_5,230-F,2/10/26,F,LFD,,,,5/30/26,DAY_10_ACC_SABLE,,NO,D12450Ki,26011208A2i,JACKSON_LABORATORIES,2105,,,2512-43492A
2561791018,NZO/HlLtJ,3747,,ACC_CAGE_6,230-F,2/3/26,F,LFD,,,,5/30/26,DAY_10_ACC_SABLE,,NO,D12450Ki,26011208A2i,JACKSON_LABORATORIES,2105,,,2512-43492A
2561791019,NZO/HlLtJ,3748,,CAGE_5,230-F,2/3/26,F,LFD,,,,5/30/26,SABLE_DAY_2,,YES,D12450Ki,26011208A2i,JACKSON_LABORATORIES,2105,,,2512-43492A
2561791020,NZO/HlLtJ,3749,,CAGE_6,230-F,2/3/26,F,LFD,,,,5/30/26,SABLE_DAY_2,,YES,D12450Ki,26011208A2i,JACKSON_LABORATORIES,2105,,,2512-43492A
2561791021,NZO/HlLtJ,3750,,CAGE_7,230-F,2/3/26,F,LFD,,,,5/30/26,SABLE_DAY_2,,YES,D12450Ki,26011208A2i,JACKSON_LABORATORIES,2105,,,2512-43492A
2561791022,NZO/HlLtJ,3751,,CAGE_8,230-F,1/27/26,F,LFD,,,,5/30/26,SABLE_DAY_2,,YES,D12450Ki,26011208A2i,JACKSON_LABORATORIES,2105,,,2512-43492A
2561791023,NZO/HlLtJ,3752,,ACC_CAGE_11,230-F,1/27/26,F,LFD,,,,5/30/26,DAY_10_ACC_SABLE,,NO,D12450Ki,26011208A2i,JACKSON_LABORATORIES,2105,,,2512-43492A
2561791024,NZO/HlLtJ,3753,,ACC_CAGE_12,230-F,1/27/26,F,LFD,,,,5/30/26,DAY_10_ACC_SABLE,,NO,D12450Ki,26011208A2i,JACKSON_LABORATORIES,2105,,,2512-43492A
2561791001,NZO/HlLtJ,3730,6B,A7,370-F,1/13/26,F,LFD,15.95,9.54,44.15,5/31/26,REGAIN_DAY_10,9.54,NO,D12450Ki,26011208A2i,JACKSON_LABORATORIES,2105,,,2512-43492A
2561791002,NZO/HlLtJ,3731,6B,B7,370-F,1/13/26,F,LFD,19.39,13.77,44.37,5/31/26,REGAIN_DAY_10,13.77,NO,D12450Ki,26011208A2i,JACKSON_LABORATORIES,2105,,,2512-43492A
2561791003,NZO/HlLtJ,3732,6B,C7,370-F,1/13/26,F,LFD,18.95,13.99,33.64,5/31/26,REGAIN_DAY_10,13.99,NO,D12450Ki,26011208A2i,JACKSON_LABORATORIES,2105,,,2512-43492A
2561791004,NZO/HlLtJ,3733,6B,D7,370-F,1/13/26,F,LFD,18.78,13.54,39.13,5/31/26,REGAIN_DAY_10,13.54,NO,D12450Ki,26011208A2i,JACKSON_LABORATORIES,2105,,,2512-43492A
2561791006,NZO/HlLtJ,3735,6B,F7,370-F,1/20/26,F,LFD,18.5,15.06,48.16,5/31/26,REGAIN_DAY_10,15.06,NO,D12450Ki,26011208A2i,JACKSON_LABORATORIES,2105,,,2512-43492A
2561791007,NZO/HlLtJ,3736,6B,G7,370-F,1/20/26,F,LFD,14.77,10.23,41.45,5/31/26,REGAIN_DAY_10,10.23,NO,D12450Ki,26011208A2i,JACKSON_LABORATORIES,2105,,,2512-43492A
2561791008,NZO/HlLtJ,3737,6B,A8,370-F,1/20/26,F,LFD,21.28,15.29,45.17,5/31/26,REGAIN_DAY_10,15.29,NO,D12450Ki,26011208A2i,JACKSON_LABORATORIES,2105,,,2512-43492A
2561791009,NZO/HlLtJ,3738,6B,B8,370-F,1/20/26,F,LFD,21.53,15.44,49.11,5/31/26,REGAIN_DAY_10,15.44,NO,D12450Ki,26011208A2i,JACKSON_LABORATORIES,2105,,,2512-43492A
2561791010,NZO/HlLtJ,3739,6B,C8,370-F,1/20/26,F,LFD,17.54,11.52,45.52,5/31/26,REGAIN_DAY_10,11.52,NO,D12450Ki,26011208A2i,JACKSON_LABORATORIES,2105,,,2512-43492A
2561791011,NZO/HlLtJ,3740,6B,D8,370-F,1/20/26,F,LFD,17.93,13.09,53.89,5/31/26,REGAIN_DAY_10,13.09,NO,D12450Ki,26011208A2i,JACKSON_LABORATORIES,2105,,,2512-43492A
2561791012,NZO/HlLtJ,3741,6B,E8,370-F,1/20/26,F,LFD,27.02,21.59,48.91,5/31/26,REGAIN_DAY_10,21.59,NO,D12450Ki,26011208A2i,JACKSON_LABORATORIES,2105,,,2512-43492A
2561791013,NZO/HlLtJ,3742,,CAGE_1,230-F,2/10/26,F,LFD,,,,5/31/26,SABLE_DAY_3,,YES,D12450Ki,26011208A2i,JACKSON_LABORATORIES,2105,,,2512-43492A
2561791014,NZO/HlLtJ,3743,,CAGE_2,230-F,2/10/26,F,LFD,,,,5/31/26,SABLE_DAY_3,,YES,D12450Ki,26011208A2i,JACKSON_LABORATORIES,2105,,,2512-43492A
2561791015,NZO/HlLtJ,3744,,CAGE_3,230-F,2/10/26,F,LFD,,,,5/31/26,SABLE_DAY_3,,YES,D12450Ki,26011208A2i,JACKSON_LABORATORIES,2105,,,2512-43492A
2561791016,NZO/HlLtJ,3745,,CAGE_4,230-F,2/10/26,F,LFD,,,,5/31/26,SABLE_DAY_3,,YES,D12450Ki,26011208A2i,JACKSON_LABORATORIES,2105,,,2512-43492A
2561791017,NZO/HlLtJ,3746,,ACC_CAGE_5,230-F,2/10/26,F,LFD,,,,5/31/26,DAY_11_ACC_SABLE,,NO,D12450Ki,26011208A2i,JACKSON_LABORATORIES,2105,,,2512-43492A
2561791018,NZO/HlLtJ,3747,,ACC_CAGE_6,230-F,2/3/26,F,LFD,,,,5/31/26,DAY_11_ACC_SABLE,,NO,D12450Ki,26011208A2i,JACKSON_LABORATORIES,2105,,,2512-43492A
2561791019,NZO/HlLtJ,3748,,CAGE_5,230-F,2/3/26,F,LFD,,,,5/31/26,SABLE_DAY_3,,YES,D12450Ki,26011208A2i,JACKSON_LABORATORIES,2105,,,2512-43492A
2561791020,NZO/HlLtJ,3749,,CAGE_6,230-F,2/3/26,F,LFD,,,,5/31/26,SABLE_DAY_3,,YES,D12450Ki,26011208A2i,JACKSON_LABORATORIES,2105,,,2512-43492A
2561791021,NZO/HlLtJ,3750,,CAGE_7,230-F,2/3/26,F,LFD,,,,5/31/26,SABLE_DAY_3,,YES,D12450Ki,26011208A2i,JACKSON_LABORATORIES,2105,,,2512-43492A
2561791022,NZO/HlLtJ,3751,,CAGE_8,230-F,1/27/26,F,LFD,,,,5/31/26,SABLE_DAY_3,,YES,D12450Ki,26011208A2i,JACKSON_LABORATORIES,2105,,,2512-43492A
2561791023,NZO/HlLtJ,3752,,ACC_CAGE_11,230-F,1/27/26,F,LFD,,,,5/31/26,DAY_11_ACC_SABLE,,NO,D12450Ki,26011208A2i,JACKSON_LABORATORIES,2105,,,2512-43492A
2561791024,NZO/HlLtJ,3753,,ACC_CAGE_12,230-F,1/27/26,F,LFD,,,,5/31/26,DAY_11_ACC_SABLE,,NO,D12450Ki,26011208A2i,JACKSON_LABORATORIES,2105,,,2512-43492A
2561791001,NZO/HlLtJ,3730,6B,A7,370-F,1/13/26,F,LFD,9.54,4.78,43.74,6/1/26,REGAIN_DAY_11,26.06,NO,D12450Ki,26011208A2i,JACKSON_LABORATORIES,2105,,,2512-43492A
2561791002,NZO/HlLtJ,3731,6B,B7,370-F,1/13/26,F,LFD,13.77,10.52,44.12,6/1/26,REGAIN_DAY_11,27.93,NO,D12450Ki,26011208A2i,JACKSON_LABORATORIES,2105,,,2512-43492A
2561791003,NZO/HlLtJ,3732,6B,C7,370-F,1/13/26,F,LFD,13.99,9.17,34.12,6/1/26,REGAIN_DAY_11,30.38,NO,D12450Ki,26011208A2i,JACKSON_LABORATORIES,2105,,,2512-43492A
2561791004,NZO/HlLtJ,3733,6B,D7,370-F,1/13/26,F,LFD,13.54,7.95,39.75,6/1/26,REGAIN_DAY_11,26.36,NO,D12450Ki,26011208A2i,JACKSON_LABORATORIES,2105,,,2512-43492A
2561791006,NZO/HlLtJ,3735,6B,F7,370-F,1/20/26,F,LFD,15.06,11.19,47.99,6/1/26,REGAIN_DAY_11,24.92,NO,D12450Ki,26011208A2i,JACKSON_LABORATORIES,2105,,,2512-43492A
2561791007,NZO/HlLtJ,3736,6B,G7,370-F,1/20/26,F,LFD,10.23,6.75,41.56,6/1/26,REGAIN_DAY_11,25.29,NO,D12450Ki,26011208A2i,JACKSON_LABORATORIES,2105,,,2512-43492A
2561791008,NZO/HlLtJ,3737,6B,A8,370-F,1/20/26,F,LFD,15.29,9.9,45.65,6/1/26,REGAIN_DAY_11,28.89,NO,D12450Ki,26011208A2i,JACKSON_LABORATORIES,2105,,,2512-43492A
2561791009,NZO/HlLtJ,3738,6B,B8,370-F,1/20/26,F,LFD,15.44,9.24,49.83,6/1/26,REGAIN_DAY_11,29.32,NO,D12450Ki,26011208A2i,JACKSON_LABORATORIES,2105,,,2512-43492A
2561791010,NZO/HlLtJ,3739,6B,C8,370-F,1/20/26,F,LFD,11.52,5.72,46.21,6/1/26,REGAIN_DAY_11,31.74,NO,D12450Ki,26011208A2i,JACKSON_LABORATORIES,2105,,,2512-43492A
2561791011,NZO/HlLtJ,3740,6B,D8,370-F,1/20/26,F,LFD,13.09,9.05,54.14,6/1/26,REGAIN_DAY_11,26.15,NO,D12450Ki,26011208A2i,JACKSON_LABORATORIES,2105,,,2512-43492A
2561791012,NZO/HlLtJ,3741,6B,E8,370-F,1/20/26,F,LFD,21.59,16.86,49.58,6/1/26,REGAIN_DAY_11,30.23,NO,D12450Ki,26011208A2i,JACKSON_LABORATORIES,2105,,,2512-43492A
2561791013,NZO/HlLtJ,3742,,CAGE_1,230-F,2/10/26,F,LFD,294.16,282.72,41.28,6/1/26,SABLE_DAY_4,282.72,YES,D12450Ki,26011208A2i,JACKSON_LABORATORIES,2105,,,2512-43492A
2561791014,NZO/HlLtJ,3743,,CAGE_2,230-F,2/10/26,F,LFD,297.32,287.86,38.89,6/1/26,SABLE_DAY_4,287.86,YES,D12450Ki,26011208A2i,JACKSON_LABORATORIES,2105,,,2512-43492A
2561791015,NZO/HlLtJ,3744,,CAGE_3,230-F,2/10/26,F,LFD,293.58,280.76,48.08,6/1/26,SABLE_DAY_4,280.76,YES,D12450Ki,26011208A2i,JACKSON_LABORATORIES,2105,,,2512-43492A
2561791016,NZO/HlLtJ,3745,,CAGE_4,230-F,2/10/26,F,LFD,291.83,281.68,44.58,6/1/26,SABLE_DAY_4,281.68,YES,D12450Ki,26011208A2i,JACKSON_LABORATORIES,2105,,,2512-43492A
2561791017,NZO/HlLtJ,3746,,ACC_CAGE_5,230-F,2/10/26,F,LFD,292.37,281.75,40.5,6/1/26,DAY_12_ACC_SABLE,290.83,NO,D12450Ki,26011208A2i,JACKSON_LABORATORIES,2105,,,2512-43492A
2561791018,NZO/HlLtJ,3747,,ACC_CAGE_6,230-F,2/3/26,F,LFD,290.21,279.84,37.8,6/1/26,DAY_12_ACC_SABLE,293.79,NO,D12450Ki,26011208A2i,JACKSON_LABORATORIES,2105,,,2512-43492A
2561791019,NZO/HlLtJ,3748,,CAGE_5,230-F,2/3/26,F,LFD,297.28,283.73,47.29,6/1/26,SABLE_DAY_4,283.73,YES,D12450Ki,26011208A2i,JACKSON_LABORATORIES,2105,,,2512-43492A
2561791020,NZO/HlLtJ,3749,,CAGE_6,230-F,2/3/26,F,LFD,290.35,280.88,33.84,6/1/26,SABLE_DAY_4,280.88,YES,D12450Ki,26011208A2i,JACKSON_LABORATORIES,2105,,,2512-43492A
2561791021,NZO/HlLtJ,3750,,CAGE_7,230-F,2/3/26,F,LFD,297.47,283.55,47.73,6/1/26,SABLE_DAY_4,283.55,YES,D12450Ki,26011208A2i,JACKSON_LABORATORIES,2105,,,2512-43492A
2561791022,NZO/HlLtJ,3751,,CAGE_8,230-F,1/27/26,F,LFD,293.91,288.12,38.71,6/1/26,SABLE_DAY_4,288.12,YES,D12450Ki,26011208A2i,JACKSON_LABORATORIES,2105,,,2512-43492A
2561791023,NZO/HlLtJ,3752,,ACC_CAGE_11,230-F,1/27/26,F,LFD,292.49,283.33,39.75,6/1/26,DAY_12_ACC_SABLE,292.84,NO,D12450Ki,26011208A2i,JACKSON_LABORATORIES,2105,,,2512-43492A
2561791024,NZO/HlLtJ,3753,,ACC_CAGE_12,230-F,1/27/26,F,LFD,292.99,284.33,43.74,6/1/26,DAY_12_ACC_SABLE,293.74,NO,D12450Ki,26011208A2i,JACKSON_LABORATORIES,2105,,,2512-43492A
2561791001,NZO/HlLtJ,3730,6B,A7,370-F,1/13/26,F,LFD,,,,6/2/26,REGAIN_DAY_12,,NO,D12450Ki,26011208A2i,JACKSON_LABORATORIES,2105,,,2512-43492A
2561791002,NZO/HlLtJ,3731,6B,B7,370-F,1/13/26,F,LFD,,,,6/2/26,REGAIN_DAY_12,,NO,D12450Ki,26011208A2i,JACKSON_LABORATORIES,2105,,,2512-43492A
2561791003,NZO/HlLtJ,3732,6B,C7,370-F,1/13/26,F,LFD,,,,6/2/26,REGAIN_DAY_12,,NO,D12450Ki,26011208A2i,JACKSON_LABORATORIES,2105,,,2512-43492A
2561791004,NZO/HlLtJ,3733,6B,D7,370-F,1/13/26,F,LFD,,,,6/2/26,REGAIN_DAY_12,,NO,D12450Ki,26011208A2i,JACKSON_LABORATORIES,2105,,,2512-43492A
2561791006,NZO/HlLtJ,3735,6B,F7,370-F,1/20/26,F,LFD,,,,6/2/26,REGAIN_DAY_12,,NO,D12450Ki,26011208A2i,JACKSON_LABORATORIES,2105,,,2512-43492A
2561791007,NZO/HlLtJ,3736,6B,G7,370-F,1/20/26,F,LFD,,,,6/2/26,REGAIN_DAY_12,,NO,D12450Ki,26011208A2i,JACKSON_LABORATORIES,2105,,,2512-43492A
2561791008,NZO/HlLtJ,3737,6B,A8,370-F,1/20/26,F,LFD,,,,6/2/26,REGAIN_DAY_12,,NO,D12450Ki,26011208A2i,JACKSON_LABORATORIES,2105,,,2512-43492A
2561791009,NZO/HlLtJ,3738,6B,B8,370-F,1/20/26,F,LFD,,,,6/2/26,REGAIN_DAY_12,,NO,D12450Ki,26011208A2i,JACKSON_LABORATORIES,2105,,,2512-43492A
2561791010,NZO/HlLtJ,3739,6B,C8,370-F,1/20/26,F,LFD,,,,6/2/26,REGAIN_DAY_12,,NO,D12450Ki,26011208A2i,JACKSON_LABORATORIES,2105,,,2512-43492A
2561791011,NZO/HlLtJ,3740,6B,D8,370-F,1/20/26,F,LFD,,,,6/2/26,REGAIN_DAY_12,,NO,D12450Ki,26011208A2i,JACKSON_LABORATORIES,2105,,,2512-43492A
2561791012,NZO/HlLtJ,3741,6B,E8,370-F,1/20/26,F,LFD,,,,6/2/26,REGAIN_DAY_12,,NO,D12450Ki,26011208A2i,JACKSON_LABORATORIES,2105,,,2512-43492A
2561791013,NZO/HlLtJ,3742,,CORE_CAGE_1,230-F,2/10/26,F,LFD,,,,6/2/26,,,NO,D12450Ki,26011208A2i,JACKSON_LABORATORIES,2105,,,2512-43492A
2561791014,NZO/HlLtJ,3743,,CORE_CAGE_2,230-F,2/10/26,F,LFD,,,,6/2/26,,,NO,D12450Ki,26011208A2i,JACKSON_LABORATORIES,2105,,,2512-43492A
2561791015,NZO/HlLtJ,3744,,CORE_CAGE_3,230-F,2/10/26,F,LFD,,,,6/2/26,,,NO,D12450Ki,26011208A2i,JACKSON_LABORATORIES,2105,,,2512-43492A
2561791016,NZO/HlLtJ,3745,,CORE_CAGE_4,230-F,2/10/26,F,LFD,,,,6/2/26,,,NO,D12450Ki,26011208A2i,JACKSON_LABORATORIES,2105,,,2512-43492A
2561791017,NZO/HlLtJ,3746,,,230-F,2/10/26,F,LFD,290.83,287.53,40.65,6/2/26,,287.53,NO,D12450Ki,26011208A2i,JACKSON_LABORATORIES,2105,,,2512-43492A
2561791018,NZO/HlLtJ,3747,,,230-F,2/3/26,F,LFD,293.79,289.82,39.2,6/2/26,,289.82,NO,D12450Ki,26011208A2i,JACKSON_LABORATORIES,2105,,,2512-43492A
2561791019,NZO/HlLtJ,3748,,CORE_CAGE_7,230-F,2/3/26,F,LFD,,,,6/2/26,,,NO,D12450Ki,26011208A2i,JACKSON_LABORATORIES,2105,,,2512-43492A
2561791020,NZO/HlLtJ,3749,,CORE_CAGE_8,230-F,2/3/26,F,LFD,,,,6/2/26,,,NO,D12450Ki,26011208A2i,JACKSON_LABORATORIES,2105,,,2512-43492A
2561791021,NZO/HlLtJ,3750,,CORE_CAGE_9,230-F,2/3/26,F,LFD,,,,6/2/26,,,NO,D12450Ki,26011208A2i,JACKSON_LABORATORIES,2105,,,2512-43492A
2561791022,NZO/HlLtJ,3751,,CORE_CAGE_10,230-F,1/27/26,F,LFD,,,,6/2/26,,,NO,D12450Ki,26011208A2i,JACKSON_LABORATORIES,2105,,,2512-43492A
2561791023,NZO/HlLtJ,3752,,,230-F,1/27/26,F,LFD,292.84,289.92,40,6/2/26,,289.92,NO,D12450Ki,26011208A2i,JACKSON_LABORATORIES,2105,,,2512-43492A
2561791024,NZO/HlLtJ,3753,,,230-F,1/27/26,F,LFD,293.74,289.27,45.88,6/2/26,,289.27,NO,D12450Ki,26011208A2i,JACKSON_LABORATORIES,2105,,,2512-43492A
2561791001,NZO/HlLtJ,3730,6B,A7,370-F,1/13/26,F,LFD,26.06,17.85,44.51,6/3/26,REGAIN_DAY_13,17.85,NO,D12450Ki,26011208A2i,JACKSON_LABORATORIES,2105,,,2512-43492A
2561791002,NZO/HlLtJ,3731,6B,B7,370-F,1/13/26,F,LFD,27.93,20.72,44.24,6/3/26,REGAIN_DAY_13,20.72,NO,D12450Ki,26011208A2i,JACKSON_LABORATORIES,2105,,,2512-43492A
2561791003,NZO/HlLtJ,3732,6B,C7,370-F,1/13/26,F,LFD,30.38,23.06,34.52,6/3/26,REGAIN_DAY_13,23.06,NO,D12450Ki,26011208A2i,JACKSON_LABORATORIES,2105,,,2512-43492A
2561791004,NZO/HlLtJ,3733,6B,D7,370-F,1/13/26,F,LFD,26.36,17.03,41.58,6/3/26,REGAIN_DAY_13,17.03,NO,D12450Ki,26011208A2i,JACKSON_LABORATORIES,2105,,,2512-43492A
2561791006,NZO/HlLtJ,3735,6B,F7,370-F,1/20/26,F,LFD,24.92,17.54,48.25,6/3/26,REGAIN_DAY_13,17.54,NO,D12450Ki,26011208A2i,JACKSON_LABORATORIES,2105,,,2512-43492A
2561791007,NZO/HlLtJ,3736,6B,G7,370-F,1/20/26,F,LFD,25.29,18.62,41.61,6/3/26,REGAIN_DAY_13,18.62,NO,D12450Ki,26011208A2i,JACKSON_LABORATORIES,2105,,,2512-43492A
2561791008,NZO/HlLtJ,3737,6B,A8,370-F,1/20/26,F,LFD,28.89,20.48,45.54,6/3/26,REGAIN_DAY_13,20.48,NO,D12450Ki,26011208A2i,JACKSON_LABORATORIES,2105,,,2512-43492A
2561791009,NZO/HlLtJ,3738,6B,B8,370-F,1/20/26,F,LFD,29.32,19.31,50.56,6/3/26,REGAIN_DAY_13,19.31,NO,D12450Ki,26011208A2i,JACKSON_LABORATORIES,2105,,,2512-43492A
2561791010,NZO/HlLtJ,3739,6B,C8,370-F,1/20/26,F,LFD,31.74,22.68,47.39,6/3/26,REGAIN_DAY_13,22.68,NO,D12450Ki,26011208A2i,JACKSON_LABORATORIES,2105,,,2512-43492A
2561791011,NZO/HlLtJ,3740,6B,D8,370-F,1/20/26,F,LFD,26.15,16.81,55.27,6/3/26,REGAIN_DAY_13,16.81,NO,D12450Ki,26011208A2i,JACKSON_LABORATORIES,2105,,,2512-43492A
2561791012,NZO/HlLtJ,3741,6B,E8,370-F,1/20/26,F,LFD,30.23,20.08,49.91,6/3/26,REGAIN_DAY_13,20.08,NO,D12450Ki,26011208A2i,JACKSON_LABORATORIES,2105,,,2512-43492A
2561791013,NZO/HlLtJ,3742,,CORE_CAGE_1,230-F,2/10/26,F,LFD,282.72,273.47,41.6,6/3/26,INJECT_DAY_1_DOSE_ONE,273.47,NO,D12450Ki,26011208A2i,JACKSON_LABORATORIES,2105,,,2512-43492A
2561791014,NZO/HlLtJ,3743,,CORE_CAGE_2,230-F,2/10/26,F,LFD,287.86,278.64,39.65,6/3/26,INJECT_DAY_1_DOSE_ONE,278.64,NO,D12450Ki,26011208A2i,JACKSON_LABORATORIES,2105,,,2512-43492A
2561791015,NZO/HlLtJ,3744,,CORE_CAGE_3,230-F,2/10/26,F,LFD,280.76,272.71,47.74,6/3/26,INJECT_DAY_1_DOSE_ONE,272.71,NO,D12450Ki,26011208A2i,JACKSON_LABORATORIES,2105,,,2512-43492A
2561791016,NZO/HlLtJ,3745,,CORE_CAGE_4,230-F,2/10/26,F,LFD,281.68,272.3,45.31,6/3/26,INJECT_DAY_1_DOSE_ONE,272.3,NO,D12450Ki,26011208A2i,JACKSON_LABORATORIES,2105,,,2512-43492A
2561791017,NZO/HlLtJ,3746,,,230-F,2/10/26,F,LFD,,,,6/3/26,,,NO,D12450Ki,26011208A2i,JACKSON_LABORATORIES,2105,,,2512-43492A
2561791018,NZO/HlLtJ,3747,,,230-F,2/3/26,F,LFD,,,,6/3/26,,,NO,D12450Ki,26011208A2i,JACKSON_LABORATORIES,2105,,,2512-43492A
2561791019,NZO/HlLtJ,3748,,CORE_CAGE_7,230-F,2/3/26,F,LFD,283.73,274.44,47.84,6/3/26,INJECT_DAY_1_DOSE_ONE,274.44,NO,D12450Ki,26011208A2i,JACKSON_LABORATORIES,2105,,,2512-43492A
2561791020,NZO/HlLtJ,3749,,CORE_CAGE_8,230-F,2/3/26,F,LFD,280.88,274.95,33.22,6/3/26,INJECT_DAY_1_DOSE_ONE,274.95,NO,D12450Ki,26011208A2i,JACKSON_LABORATORIES,2105,,,2512-43492A
2561791021,NZO/HlLtJ,3750,,CORE_CAGE_9,230-F,2/3/26,F,LFD,283.55,273.89,47.96,6/3/26,INJECT_DAY_1_DOSE_ONE,273.89,NO,D12450Ki,26011208A2i,JACKSON_LABORATORIES,2105,,,2512-43492A
2561791022,NZO/HlLtJ,3751,,CORE_CAGE_10,230-F,1/27/26,F,LFD,288.12,281.51,38.82,6/3/26,INJECT_DAY_1_DOSE_ONE,281.51,NO,D12450Ki,26011208A2i,JACKSON_LABORATORIES,2105,,,2512-43492A
2561791023,NZO/HlLtJ,3752,,,230-F,1/27/26,F,LFD,,,,6/3/26,,,NO,D12450Ki,26011208A2i,JACKSON_LABORATORIES,2105,,,2512-43492A
2561791024,NZO/HlLtJ,3753,,,230-F,1/27/26,F,LFD,,,,6/3/26,,,NO,D12450Ki,26011208A2i,JACKSON_LABORATORIES,2105,,,2512-43492A
2561791001,NZO/HlLtJ,3730,6B,A7,370-F,1/13/26,F,LFD,,,,6/4/26,REGAIN_DAY_14,,NO,D12450Ki,26011208A2i,JACKSON_LABORATORIES,2105,,,2512-43492A
2561791002,NZO/HlLtJ,3731,6B,B7,370-F,1/13/26,F,LFD,,,,6/4/26,REGAIN_DAY_14,,NO,D12450Ki,26011208A2i,JACKSON_LABORATORIES,2105,,,2512-43492A
2561791003,NZO/HlLtJ,3732,6B,C7,370-F,1/13/26,F,LFD,,,,6/4/26,REGAIN_DAY_14,,NO,D12450Ki,26011208A2i,JACKSON_LABORATORIES,2105,,,2512-43492A
2561791004,NZO/HlLtJ,3733,6B,D7,370-F,1/13/26,F,LFD,,,,6/4/26,REGAIN_DAY_14,,NO,D12450Ki,26011208A2i,JACKSON_LABORATORIES,2105,,,2512-43492A
2561791006,NZO/HlLtJ,3735,6B,F7,370-F,1/20/26,F,LFD,,,,6/4/26,REGAIN_DAY_14,,NO,D12450Ki,26011208A2i,JACKSON_LABORATORIES,2105,,,2512-43492A
2561791007,NZO/HlLtJ,3736,6B,G7,370-F,1/20/26,F,LFD,,,,6/4/26,REGAIN_DAY_14,,NO,D12450Ki,26011208A2i,JACKSON_LABORATORIES,2105,,,2512-43492A
2561791008,NZO/HlLtJ,3737,6B,A8,370-F,1/20/26,F,LFD,,,,6/4/26,REGAIN_DAY_14,,NO,D12450Ki,26011208A2i,JACKSON_LABORATORIES,2105,,,2512-43492A
2561791009,NZO/HlLtJ,3738,6B,B8,370-F,1/20/26,F,LFD,,,,6/4/26,REGAIN_DAY_14,,NO,D12450Ki,26011208A2i,JACKSON_LABORATORIES,2105,,,2512-43492A
2561791010,NZO/HlLtJ,3739,6B,C8,370-F,1/20/26,F,LFD,,,,6/4/26,REGAIN_DAY_14,,NO,D12450Ki,26011208A2i,JACKSON_LABORATORIES,2105,,,2512-43492A
2561791011,NZO/HlLtJ,3740,6B,D8,370-F,1/20/26,F,LFD,,,,6/4/26,REGAIN_DAY_14,,NO,D12450Ki,26011208A2i,JACKSON_LABORATORIES,2105,,,2512-43492A
2561791012,NZO/HlLtJ,3741,6B,E8,370-F,1/20/26,F,LFD,,,,6/4/26,REGAIN_DAY_14,,NO,D12450Ki,26011208A2i,JACKSON_LABORATORIES,2105,,,2512-43492A
2561791013,NZO/HlLtJ,3742,,CORE_CAGE_1,230-F,2/10/26,F,LFD,273.47,271.47,40.68,6/4/26,INJECT_DAY_2_DOSE_ONE,271.47,NO,D12450Ki,26011208A2i,JACKSON_LABORATORIES,2105,,,2512-43492A
2561791014,NZO/HlLtJ,3743,,CORE_CAGE_2,230-F,2/10/26,F,LFD,278.64,276.61,38.35,6/4/26,INJECT_DAY_2_DOSE_ONE,276.61,NO,D12450Ki,26011208A2i,JACKSON_LABORATORIES,2105,,,2512-43492A
2561791015,NZO/HlLtJ,3744,,CORE_CAGE_3,230-F,2/10/26,F,LFD,272.71,267.61,48.68,6/4/26,INJECT_DAY_2_DOSE_ONE,267.61,NO,D12450Ki,26011208A2i,JACKSON_LABORATORIES,2105,,,2512-43492A
2561791016,NZO/HlLtJ,3745,,CORE_CAGE_4,230-F,2/10/26,F,LFD,272.3,266.61,46.13,6/4/26,INJECT_DAY_2_DOSE_ONE,266.61,NO,D12450Ki,26011208A2i,JACKSON_LABORATORIES,2105,,,2512-43492A
2561791017,NZO/HlLtJ,3746,,,230-F,2/10/26,F,LFD,,,,6/4/26,,,NO,D12450Ki,26011208A2i,JACKSON_LABORATORIES,2105,,,2512-43492A
2561791018,NZO/HlLtJ,3747,,,230-F,2/3/26,F,LFD,,,,6/4/26,,,NO,D12450Ki,26011208A2i,JACKSON_LABORATORIES,2105,,,2512-43492A
2561791019,NZO/HlLtJ,3748,,CORE_CAGE_7,230-F,2/3/26,F,LFD,274.44,269.39,48.64,6/4/26,INJECT_DAY_2_DOSE_ONE,269.39,NO,D12450Ki,26011208A2i,JACKSON_LABORATORIES,2105,,,2512-43492A
2561791020,NZO/HlLtJ,3749,,CORE_CAGE_8,230-F,2/3/26,F,LFD,274.95,271.25,33.25,6/4/26,INJECT_DAY_2_DOSE_ONE,271.25,NO,D12450Ki,26011208A2i,JACKSON_LABORATORIES,2105,,,2512-43492A
2561791021,NZO/HlLtJ,3750,,CORE_CAGE_9,230-F,2/3/26,F,LFD,273.89,270.67,47.5,6/4/26,INJECT_DAY_2_DOSE_ONE,270.67,NO,D12450Ki,26011208A2i,JACKSON_LABORATORIES,2105,,,2512-43492A
2561791022,NZO/HlLtJ,3751,,CORE_CAGE_10,230-F,1/27/26,F,LFD,281.51,279.31,37.65,6/4/26,INJECT_DAY_2_DOSE_ONE,279.31,NO,D12450Ki,26011208A2i,JACKSON_LABORATORIES,2105,,,2512-43492A
2561791023,NZO/HlLtJ,3752,,,230-F,1/27/26,F,LFD,,,,6/4/26,,,NO,D12450Ki,26011208A2i,JACKSON_LABORATORIES,2105,,,2512-43492A
2561791024,NZO/HlLtJ,3753,,,230-F,1/27/26,F,LFD,,,,6/4/26,,,NO,D12450Ki,26011208A2i,JACKSON_LABORATORIES,2105,,,2512-43492A
2561791001,NZO/HlLtJ,3730,6B,A7,370-F,1/13/26,F,LFD,17.85,8.03,45.99,6/5/26,REGAIN_DAY_15,18.54,NO,D12450Ki,26011208A2i,JACKSON_LABORATORIES,2105,,,2512-43492A
2561791002,NZO/HlLtJ,3731,6B,B7,370-F,1/13/26,F,LFD,20.72,10.88,45.64,6/5/26,REGAIN_DAY_15,17.64,NO,D12450Ki,26011208A2i,JACKSON_LABORATORIES,2105,,,2512-43492A
2561791003,NZO/HlLtJ,3732,6B,C7,370-F,1/13/26,F,LFD,23.06,13.65,36.31,6/5/26,REGAIN_DAY_15,19.67,NO,D12450Ki,26011208A2i,JACKSON_LABORATORIES,2105,,,2512-43492A
2561791004,NZO/HlLtJ,3733,6B,D7,370-F,1/13/26,F,LFD,17.03,7.14,42.02,6/5/26,REGAIN_DAY_15,17.15,NO,D12450Ki,26011208A2i,JACKSON_LABORATORIES,2105,,,2512-43492A
2561791006,NZO/HlLtJ,3735,6B,F7,370-F,1/20/26,F,LFD,17.54,7.86,49.84,6/5/26,REGAIN_DAY_15,18.14,NO,D12450Ki,26011208A2i,JACKSON_LABORATORIES,2105,,,2512-43492A
2561791007,NZO/HlLtJ,3736,6B,G7,370-F,1/20/26,F,LFD,18.62,10.35,42.08,6/5/26,REGAIN_DAY_15,18.12,NO,D12450Ki,26011208A2i,JACKSON_LABORATORIES,2105,,,2512-43492A
2561791008,NZO/HlLtJ,3737,6B,A8,370-F,1/20/26,F,LFD,20.48,10.02,48.02,6/5/26,REGAIN_DAY_15,17.71,NO,D12450Ki,26011208A2i,JACKSON_LABORATORIES,2105,,,2512-43492A
2561791009,NZO/HlLtJ,3738,6B,B8,370-F,1/20/26,F,LFD,19.31,7.64,52,6/5/26,REGAIN_DAY_15,17.74,NO,D12450Ki,26011208A2i,JACKSON_LABORATORIES,2105,,,2512-43492A
2561791010,NZO/HlLtJ,3739,6B,C8,370-F,1/20/26,F,LFD,22.68,10.64,49.53,6/5/26,REGAIN_DAY_15,20.1,NO,D12450Ki,26011208A2i,JACKSON_LABORATORIES,2105,,,2512-43492A
2561791011,NZO/HlLtJ,3740,6B,D8,370-F,1/20/26,F,LFD,16.81,5.76,56.41,6/5/26,REGAIN_DAY_15,17.07,NO,D12450Ki,26011208A2i,JACKSON_LABORATORIES,2105,,,2512-43492A
2561791012,NZO/HlLtJ,3741,6B,E8,370-F,1/20/26,F,LFD,20.08,8.7,51.68,6/5/26,REGAIN_DAY_15,17.71,NO,D12450Ki,26011208A2i,JACKSON_LABORATORIES,2105,,,2512-43492A
2561791013,NZO/HlLtJ,3742,,CORE_CAGE_1,230-F,2/10/26,F,LFD,271.47,269.9,39.33,6/5/26,INJECT_DAY_3_DOSE_ONE,274.23,NO,D12450Ki,26011208A2i,JACKSON_LABORATORIES,2105,,,2512-43492A
2561791014,NZO/HlLtJ,3743,,CORE_CAGE_2,230-F,2/10/26,F,LFD,276.61,275.49,36.74,6/5/26,INJECT_DAY_3_DOSE_ONE,281.8,NO,D12450Ki,26011208A2i,JACKSON_LABORATORIES,2105,,,2512-43492A
2561791015,NZO/HlLtJ,3744,,CORE_CAGE_3,230-F,2/10/26,F,LFD,267.61,262.37,48.94,6/5/26,INJECT_DAY_3_DOSE_ONE,273.83,NO,D12450Ki,26011208A2i,JACKSON_LABORATORIES,2105,,,2512-43492A
2561791016,NZO/HlLtJ,3745,,CORE_CAGE_4,230-F,2/10/26,F,LFD,266.61,261.48,46.12,6/5/26,INJECT_DAY_3_DOSE_ONE,274.13,NO,D12450Ki,26011208A2i,JACKSON_LABORATORIES,2105,,,2512-43492A
2561791017,NZO/HlLtJ,3746,,CAGE_1,230-F,2/10/26,F,LFD,287.53,269.73,43.06,6/5/26,SABLE_DAY_1,285.35,YES,D12450Ki,26011208A2i,JACKSON_LABORATORIES,2105,,,2512-43492A
2561791018,NZO/HlLtJ,3747,,CAGE_2,230-F,2/3/26,F,LFD,289.82,274.05,39.96,6/5/26,SABLE_DAY_1,287.11,YES,D12450Ki,26011208A2i,JACKSON_LABORATORIES,2105,,,2512-43492A
2561791019,NZO/HlLtJ,3748,,CORE_CAGE_7,230-F,2/3/26,F,LFD,269.39,264.61,48.87,6/5/26,INJECT_DAY_3_DOSE_ONE,274.85,NO,D12450Ki,26011208A2i,JACKSON_LABORATORIES,2105,,,2512-43492A
2561791020,NZO/HlLtJ,3749,,CORE_CAGE_8,230-F,2/3/26,F,LFD,271.25,267.36,33.47,6/5/26,INJECT_DAY_3_DOSE_ONE,276.23,NO,D12450Ki,26011208A2i,JACKSON_LABORATORIES,2105,,,2512-43492A
2561791021,NZO/HlLtJ,3750,,CORE_CAGE_9,230-F,2/3/26,F,LFD,270.67,268.31,46.26,6/5/26,INJECT_DAY_3_DOSE_ONE,276.52,NO,D12450Ki,26011208A2i,JACKSON_LABORATORIES,2105,,,2512-43492A
2561791022,NZO/HlLtJ,3751,,CORE_CAGE_10,230-F,1/27/26,F,LFD,279.31,278.43,35.74,6/5/26,INJECT_DAY_3_DOSE_ONE,278.43,NO,D12450Ki,26011208A2i,JACKSON_LABORATORIES,2105,,,2512-43492A
2561791023,NZO/HlLtJ,3752,,CAGE_3,230-F,1/27/26,F,LFD,289.92,272.82,41.72,6/5/26,SABLE_DAY_1,288.46,YES,D12450Ki,26011208A2i,JACKSON_LABORATORIES,2105,,,2512-43492A
2561791024,NZO/HlLtJ,3753,,CAGE_4,230-F,1/27/26,F,LFD,289.27,273.47,46.04,6/5/26,SABLE_DAY_1,291.1,YES,D12450Ki,26011208A2i,JACKSON_LABORATORIES,2105,,,2512-43492A
2561791001,NZO/HlLtJ,3730,6B,A7,370-F,1/13/26,F,LFD,,,,6/6/26,REGAIN_DAY_16,,NO,D12450Ki,26011208A2i,JACKSON_LABORATORIES,2105,,,2512-43492A
2561791002,NZO/HlLtJ,3731,6B,B7,370-F,1/13/26,F,LFD,,,,6/6/26,REGAIN_DAY_16,,NO,D12450Ki,26011208A2i,JACKSON_LABORATORIES,2105,,,2512-43492A
2561791003,NZO/HlLtJ,3732,6B,C7,370-F,1/13/26,F,LFD,,,,6/6/26,REGAIN_DAY_16,,NO,D12450Ki,26011208A2i,JACKSON_LABORATORIES,2105,,,2512-43492A
2561791004,NZO/HlLtJ,3733,6B,D7,370-F,1/13/26,F,LFD,,,,6/6/26,REGAIN_DAY_16,,NO,D12450Ki,26011208A2i,JACKSON_LABORATORIES,2105,,,2512-43492A
2561791006,NZO/HlLtJ,3735,6B,F7,370-F,1/20/26,F,LFD,,,,6/6/26,REGAIN_DAY_16,,NO,D12450Ki,26011208A2i,JACKSON_LABORATORIES,2105,,,2512-43492A
2561791007,NZO/HlLtJ,3736,6B,G7,370-F,1/20/26,F,LFD,,,,6/6/26,REGAIN_DAY_16,,NO,D12450Ki,26011208A2i,JACKSON_LABORATORIES,2105,,,2512-43492A
2561791008,NZO/HlLtJ,3737,6B,A8,370-F,1/20/26,F,LFD,,,,6/6/26,REGAIN_DAY_16,,NO,D12450Ki,26011208A2i,JACKSON_LABORATORIES,2105,,,2512-43492A
2561791009,NZO/HlLtJ,3738,6B,B8,370-F,1/20/26,F,LFD,,,,6/6/26,REGAIN_DAY_16,,NO,D12450Ki,26011208A2i,JACKSON_LABORATORIES,2105,,,2512-43492A
2561791010,NZO/HlLtJ,3739,6B,C8,370-F,1/20/26,F,LFD,,,,6/6/26,REGAIN_DAY_16,,NO,D12450Ki,26011208A2i,JACKSON_LABORATORIES,2105,,,2512-43492A
2561791011,NZO/HlLtJ,3740,6B,D8,370-F,1/20/26,F,LFD,,,,6/6/26,REGAIN_DAY_16,,NO,D12450Ki,26011208A2i,JACKSON_LABORATORIES,2105,,,2512-43492A
2561791012,NZO/HlLtJ,3741,6B,E8,370-F,1/20/26,F,LFD,,,,6/6/26,REGAIN_DAY_16,,NO,D12450Ki,26011208A2i,JACKSON_LABORATORIES,2105,,,2512-43492A
2561791013,NZO/HlLtJ,3742,,CORE_CAGE_1,230-F,2/10/26,F,LFD,274.23,272.92,38.21,6/6/26,INJECT_DAY_4_DOSE_ONE,272.92,NO,D12450Ki,26011208A2i,JACKSON_LABORATORIES,2105,,,2512-43492A
2561791014,NZO/HlLtJ,3743,,CORE_CAGE_2,230-F,2/10/26,F,LFD,281.8,280.53,35.49,6/6/26,INJECT_DAY_4_DOSE_ONE,280.53,NO,D12450Ki,26011208A2i,JACKSON_LABORATORIES,2105,,,2512-43492A
2561791015,NZO/HlLtJ,3744,,CORE_CAGE_3,230-F,2/10/26,F,LFD,273.83,268.96,48.65,6/6/26,INJECT_DAY_4_DOSE_ONE,268.96,NO,D12450Ki,26011208A2i,JACKSON_LABORATORIES,2105,,,2512-43492A
2561791016,NZO/HlLtJ,3745,,CORE_CAGE_4,230-F,2/10/26,F,LFD,274.13,268.86,46.38,6/6/26,INJECT_DAY_4_DOSE_ONE,268.86,NO,D12450Ki,26011208A2i,JACKSON_LABORATORIES,2105,,,2512-43492A
2561791017,NZO/HlLtJ,3746,,CAGE_1,230-F,2/10/26,F,LFD,,,,6/6/26,SABLE_DAY_2,,YES,D12450Ki,26011208A2i,JACKSON_LABORATORIES,2105,,,2512-43492A
2561791018,NZO/HlLtJ,3747,,CAGE_2,230-F,2/3/26,F,LFD,,,,6/6/26,SABLE_DAY_2,,YES,D12450Ki,26011208A2i,JACKSON_LABORATORIES,2105,,,2512-43492A
2561791019,NZO/HlLtJ,3748,,CORE_CAGE_7,230-F,2/3/26,F,LFD,274.85,270.34,48.68,6/6/26,INJECT_DAY_4_DOSE_ONE,270.34,NO,D12450Ki,26011208A2i,JACKSON_LABORATORIES,2105,,,2512-43492A
2561791020,NZO/HlLtJ,3749,,CORE_CAGE_8,230-F,2/3/26,F,LFD,276.23,272.78,33.03,6/6/26,INJECT_DAY_4_DOSE_ONE,272.78,NO,D12450Ki,26011208A2i,JACKSON_LABORATORIES,2105,,,2512-43492A
2561791021,NZO/HlLtJ,3750,,CORE_CAGE_9,230-F,2/3/26,F,LFD,276.52,273.75,45.23,6/6/26,INJECT_DAY_4_DOSE_ONE,273.75,NO,D12450Ki,26011208A2i,JACKSON_LABORATORIES,2105,,,2512-43492A
2561791022,NZO/HlLtJ,3751,,CORE_CAGE_10,230-F,1/27/26,F,LFD,278.43,277.09,34.61,6/6/26,INJECT_DAY_4_DOSE_ONE,277.09,NO,D12450Ki,26011208A2i,JACKSON_LABORATORIES,2105,,,2512-43492A
2561791023,NZO/HlLtJ,3752,,CAGE_3,230-F,1/27/26,F,LFD,,,,6/6/26,SABLE_DAY_2,,YES,D12450Ki,26011208A2i,JACKSON_LABORATORIES,2105,,,2512-43492A
2561791024,NZO/HlLtJ,3753,,CAGE_4,230-F,1/27/26,F,LFD,,,,6/6/26,SABLE_DAY_2,,YES,D12450Ki,26011208A2i,JACKSON_LABORATORIES,2105,,,2512-43492A
2561791001,NZO/HlLtJ,3730,6B,A7,370-F,1/13/26,F,LFD,,,,6/7/26,REGAIN_DAY_17,,NO,D12450Ki,26011208A2i,JACKSON_LABORATORIES,2105,,,2512-43492A
2561791002,NZO/HlLtJ,3731,6B,B7,370-F,1/13/26,F,LFD,,,,6/7/26,REGAIN_DAY_17,,NO,D12450Ki,26011208A2i,JACKSON_LABORATORIES,2105,,,2512-43492A
2561791003,NZO/HlLtJ,3732,6B,C7,370-F,1/13/26,F,LFD,,,,6/7/26,REGAIN_DAY_17,,NO,D12450Ki,26011208A2i,JACKSON_LABORATORIES,2105,,,2512-43492A
2561791004,NZO/HlLtJ,3733,6B,D7,370-F,1/13/26,F,LFD,,,,6/7/26,REGAIN_DAY_17,,NO,D12450Ki,26011208A2i,JACKSON_LABORATORIES,2105,,,2512-43492A
2561791006,NZO/HlLtJ,3735,6B,F7,370-F,1/20/26,F,LFD,,,,6/7/26,REGAIN_DAY_17,,NO,D12450Ki,26011208A2i,JACKSON_LABORATORIES,2105,,,2512-43492A
2561791007,NZO/HlLtJ,3736,6B,G7,370-F,1/20/26,F,LFD,,,,6/7/26,REGAIN_DAY_17,,NO,D12450Ki,26011208A2i,JACKSON_LABORATORIES,2105,,,2512-43492A
2561791008,NZO/HlLtJ,3737,6B,A8,370-F,1/20/26,F,LFD,,,,6/7/26,REGAIN_DAY_17,,NO,D12450Ki,26011208A2i,JACKSON_LABORATORIES,2105,,,2512-43492A
2561791009,NZO/HlLtJ,3738,6B,B8,370-F,1/20/26,F,LFD,,,,6/7/26,REGAIN_DAY_17,,NO,D12450Ki,26011208A2i,JACKSON_LABORATORIES,2105,,,2512-43492A
2561791010,NZO/HlLtJ,3739,6B,C8,370-F,1/20/26,F,LFD,,,,6/7/26,REGAIN_DAY_17,,NO,D12450Ki,26011208A2i,JACKSON_LABORATORIES,2105,,,2512-43492A
2561791011,NZO/HlLtJ,3740,6B,D8,370-F,1/20/26,F,LFD,,,,6/7/26,REGAIN_DAY_17,,NO,D12450Ki,26011208A2i,JACKSON_LABORATORIES,2105,,,2512-43492A
2561791012,NZO/HlLtJ,3741,6B,E8,370-F,1/20/26,F,LFD,,,,6/7/26,REGAIN_DAY_17,,NO,D12450Ki,26011208A2i,JACKSON_LABORATORIES,2105,,,2512-43492A
2561791013,NZO/HlLtJ,3742,,CORE_CAGE_1,230-F,2/10/26,F,LFD,272.92,270.3,37.81,6/7/26,INJECT_DAY_5_DOSE_ONE,270.3,NO,D12450Ki,26011208A2i,JACKSON_LABORATORIES,2105,,,2512-43492A
2561791014,NZO/HlLtJ,3743,,CORE_CAGE_2,230-F,2/10/26,F,LFD,280.53,278.9,34.64,6/7/26,INJECT_DAY_5_DOSE_ONE,278.9,NO,D12450Ki,26011208A2i,JACKSON_LABORATORIES,2105,,,2512-43492A
2561791015,NZO/HlLtJ,3744,,CORE_CAGE_3,230-F,2/10/26,F,LFD,268.96,264.05,48.84,6/7/26,INJECT_DAY_5_DOSE_ONE,264.05,NO,D12450Ki,26011208A2i,JACKSON_LABORATORIES,2105,,,2512-43492A
2561791016,NZO/HlLtJ,3745,,CORE_CAGE_4,230-F,2/10/26,F,LFD,268.86,263.7,46.86,6/7/26,INJECT_DAY_5_DOSE_ONE,263.7,NO,D12450Ki,26011208A2i,JACKSON_LABORATORIES,2105,,,2512-43492A
2561791017,NZO/HlLtJ,3746,,CAGE_1,230-F,2/10/26,F,LFD,,,,6/7/26,SABLE_DAY_3,,YES,D12450Ki,26011208A2i,JACKSON_LABORATORIES,2105,,,2512-43492A
2561791018,NZO/HlLtJ,3747,,CAGE_2,230-F,2/3/26,F,LFD,,,,6/7/26,SABLE_DAY_3,,YES,D12450Ki,26011208A2i,JACKSON_LABORATORIES,2105,,,2512-43492A
2561791019,NZO/HlLtJ,3748,,CORE_CAGE_7,230-F,2/3/26,F,LFD,270.34,265.44,49.22,6/7/26,INJECT_DAY_5_DOSE_ONE,265.44,NO,D12450Ki,26011208A2i,JACKSON_LABORATORIES,2105,,,2512-43492A
2561791020,NZO/HlLtJ,3749,,CORE_CAGE_8,230-F,2/3/26,F,LFD,272.78,268.64,33.27,6/7/26,INJECT_DAY_5_DOSE_ONE,268.64,NO,D12450Ki,26011208A2i,JACKSON_LABORATORIES,2105,,,2512-43492A
2561791021,NZO/HlLtJ,3750,,CORE_CAGE_9,230-F,2/3/26,F,LFD,273.75,271.91,43.88,6/7/26,INJECT_DAY_5_DOSE_ONE,271.91,NO,D12450Ki,26011208A2i,JACKSON_LABORATORIES,2105,,,2512-43492A
2561791022,NZO/HlLtJ,3751,,CORE_CAGE_10,230-F,1/27/26,F,LFD,277.09,275.35,33.99,6/7/26,INJECT_DAY_5_DOSE_ONE,275.35,NO,D12450Ki,26011208A2i,JACKSON_LABORATORIES,2105,,,2512-43492A
2561791023,NZO/HlLtJ,3752,,CAGE_3,230-F,1/27/26,F,LFD,,,,6/7/26,SABLE_DAY_3,,YES,D12450Ki,26011208A2i,JACKSON_LABORATORIES,2105,,,2512-43492A
2561791024,NZO/HlLtJ,3753,,CAGE_4,230-F,1/27/26,F,LFD,,,,6/7/26,SABLE_DAY_3,,YES,D12450Ki,26011208A2i,JACKSON_LABORATORIES,2105,,,2512-43492A
2561791001,NZO/HlLtJ,3730,6B,A7,370-F,1/13/26,F,LFD,18.54,5.4,47.56,6/8/26,REGAIN_DAY_18,28.69,NO,D12450Ki,26011208A2i,JACKSON_LABORATORIES,2105,,,2512-43492A
2561791002,NZO/HlLtJ,3731,6B,B7,370-F,1/13/26,F,LFD,17.64,3.18,49.09,6/8/26,REGAIN_DAY_18,29.85,NO,D12450Ki,26011208A2i,JACKSON_LABORATORIES,2105,,,2512-43492A
2561791003,NZO/HlLtJ,3732,6B,C7,370-F,1/13/26,F,LFD,19.67,8.29,37.31,6/8/26,REGAIN_DAY_18,27.16,NO,D12450Ki,26011208A2i,JACKSON_LABORATORIES,2105,,,2512-43492A
2561791004,NZO/HlLtJ,3733,6B,D7,370-F,1/13/26,F,LFD,17.15,3.02,44.33,6/8/26,REGAIN_DAY_18,30.8,NO,D12450Ki,26011208A2i,JACKSON_LABORATORIES,2105,,,2512-43492A
2561791006,NZO/HlLtJ,3735,6B,F7,370-F,1/20/26,F,LFD,18.14,6.18,50.72,6/8/26,REGAIN_DAY_18,29.44,NO,D12450Ki,26011208A2i,JACKSON_LABORATORIES,2105,,,2512-43492A
2561791007,NZO/HlLtJ,3736,6B,G7,370-F,1/20/26,F,LFD,18.12,6.27,43.23,6/8/26,REGAIN_DAY_18,30.73,NO,D12450Ki,26011208A2i,JACKSON_LABORATORIES,2105,,,2512-43492A
2561791008,NZO/HlLtJ,3737,6B,A8,370-F,1/20/26,F,LFD,17.71,4.7,49.06,6/8/26,REGAIN_DAY_18,29.79,NO,D12450Ki,26011208A2i,JACKSON_LABORATORIES,2105,,,2512-43492A
2561791009,NZO/HlLtJ,3738,6B,B8,370-F,1/20/26,F,LFD,17.74,2.1,54.23,6/8/26,REGAIN_DAY_18,30.25,NO,D12450Ki,26011208A2i,JACKSON_LABORATORIES,2105,,,2512-43492A
2561791010,NZO/HlLtJ,3739,6B,C8,370-F,1/20/26,F,LFD,20.1,5.86,51.49,6/8/26,REGAIN_DAY_18,30.88,NO,D12450Ki,26011208A2i,JACKSON_LABORATORIES,2105,,,2512-43492A
2561791011,NZO/HlLtJ,3740,6B,D8,370-F,1/20/26,F,LFD,17.07,4.74,57.46,6/8/26,REGAIN_DAY_18,30.15,NO,D12450Ki,26011208A2i,JACKSON_LABORATORIES,2105,,,2512-43492A
2561791012,NZO/HlLtJ,3741,6B,E8,370-F,1/20/26,F,LFD,17.71,3.52,53.34,6/8/26,REGAIN_DAY_18,29.26,NO,D12450Ki,26011208A2i,JACKSON_LABORATORIES,2105,,,2512-43492A
2561791013,NZO/HlLtJ,3742,,CORE_CAGE_1,230-F,2/10/26,F,LFD,270.3,268.2,36.68,6/8/26,INJECT_DAY_6_DOSE_ONE,268.2,NO,D12450Ki,26011208A2i,JACKSON_LABORATORIES,2105,,,2512-43492A
2561791014,NZO/HlLtJ,3743,,CORE_CAGE_2,230-F,2/10/26,F,LFD,278.9,276.04,34.23,6/8/26,INJECT_DAY_6_DOSE_ONE,276.04,NO,D12450Ki,26011208A2i,JACKSON_LABORATORIES,2105,,,2512-43492A
2561791015,NZO/HlLtJ,3744,,CORE_CAGE_3,230-F,2/10/26,F,LFD,264.05,259.52,48.33,6/8/26,INJECT_DAY_6_DOSE_ONE,259.52,NO,D12450Ki,26011208A2i,JACKSON_LABORATORIES,2105,,,2512-43492A
2561791016,NZO/HlLtJ,3745,,CORE_CAGE_4,230-F,2/10/26,F,LFD,263.7,260.21,45.07,6/8/26,INJECT_DAY_6_DOSE_ONE,260.21,NO,D12450Ki,26011208A2i,JACKSON_LABORATORIES,2105,,,2512-43492A
2561791017,NZO/HlLtJ,3746,,CAGE_1,230-F,2/10/26,F,LFD,285.35,273.35,42.05,6/8/26,SABLE_DAY_4_INJECT_DAY_1_DOSE_ONE,273.35,YES,D12450Ki,26011208A2i,JACKSON_LABORATORIES,2105,,,2512-43492A
2561791018,NZO/HlLtJ,3747,,CAGE_2,230-F,2/3/26,F,LFD,287.11,275.74,39.62,6/8/26,SABLE_DAY_4_INJECT_DAY_1_DOSE_ONE,275.74,YES,D12450Ki,26011208A2i,JACKSON_LABORATORIES,2105,,,2512-43492A
2561791019,NZO/HlLtJ,3748,,CORE_CAGE_7,230-F,2/3/26,F,LFD,265.44,261.23,47.96,6/8/26,INJECT_DAY_6_DOSE_ONE,261.23,NO,D12450Ki,26011208A2i,JACKSON_LABORATORIES,2105,,,2512-43492A
2561791020,NZO/HlLtJ,3749,,CORE_CAGE_8,230-F,2/3/26,F,LFD,268.64,265.75,32.83,6/8/26,INJECT_DAY_6_DOSE_ONE,265.75,NO,D12450Ki,26011208A2i,JACKSON_LABORATORIES,2105,,,2512-43492A
2561791021,NZO/HlLtJ,3750,,CORE_CAGE_9,230-F,2/3/26,F,LFD,271.91,269.94,42.96,6/8/26,INJECT_DAY_6_DOSE_ONE,269.94,NO,D12450Ki,26011208A2i,JACKSON_LABORATORIES,2105,,,2512-43492A
2561791022,NZO/HlLtJ,3751,,CORE_CAGE_10,230-F,1/27/26,F,LFD,275.35,273.73,33.17,6/8/26,INJECT_DAY_6_DOSE_ONE,273.73,NO,D12450Ki,26011208A2i,JACKSON_LABORATORIES,2105,,,2512-43492A
2561791023,NZO/HlLtJ,3752,,CAGE_3,230-F,1/27/26,F,LFD,288.46,272.75,43.21,6/8/26,SABLE_DAY_4_INJECT_DAY_1_DOSE_ONE,272.75,YES,D12450Ki,26011208A2i,JACKSON_LABORATORIES,2105,,,2512-43492A
2561791024,NZO/HlLtJ,3753,,CAGE_4,230-F,1/27/26,F,LFD,291.1,276.87,46.06,6/8/26,SABLE_DAY_4_INJECT_DAY_1_DOSE_ONE,276.87,YES,D12450Ki,26011208A2i,JACKSON_LABORATORIES,2105,,,2512-43492A
2561791001,NZO/HlLtJ,3730,6B,A7,370-F,1/13/26,F,LFD,,,,6/9/26,NEW_CAGE_CONFIGURATION,,NO,D12450Ki,26011208A2i,JACKSON_LABORATORIES,2105,,,2512-43492A
2561791002,NZO/HlLtJ,3731,6B,B7,370-F,1/13/26,F,LFD,,,,6/9/26,NEW_CAGE_CONFIGURATION,,NO,D12450Ki,26011208A2i,JACKSON_LABORATORIES,2105,,,2512-43492A
2561791003,NZO/HlLtJ,3732,6B,C7,370-F,1/13/26,F,LFD,,,,6/9/26,NEW_CAGE_CONFIGURATION,,NO,D12450Ki,26011208A2i,JACKSON_LABORATORIES,2105,,,2512-43492A
2561791004,NZO/HlLtJ,3733,6B,D7,370-F,1/13/26,F,LFD,,,,6/9/26,NEW_CAGE_CONFIGURATION,,NO,D12450Ki,26011208A2i,JACKSON_LABORATORIES,2105,,,2512-43492A
2561791006,NZO/HlLtJ,3735,6B,F7,370-F,1/20/26,F,LFD,,,,6/9/26,NEW_CAGE_CONFIGURATION,,NO,D12450Ki,26011208A2i,JACKSON_LABORATORIES,2105,,,2512-43492A
2561791007,NZO/HlLtJ,3736,6B,G7,370-F,1/20/26,F,LFD,,,,6/9/26,NEW_CAGE_CONFIGURATION,,NO,D12450Ki,26011208A2i,JACKSON_LABORATORIES,2105,,,2512-43492A
2561791008,NZO/HlLtJ,3737,6B,A8,370-F,1/20/26,F,LFD,,,,6/9/26,NEW_CAGE_CONFIGURATION,,NO,D12450Ki,26011208A2i,JACKSON_LABORATORIES,2105,,,2512-43492A
2561791009,NZO/HlLtJ,3738,6B,B8,370-F,1/20/26,F,LFD,,,,6/9/26,NEW_CAGE_CONFIGURATION,,NO,D12450Ki,26011208A2i,JACKSON_LABORATORIES,2105,,,2512-43492A
2561791010,NZO/HlLtJ,3739,6B,C8,370-F,1/20/26,F,LFD,,,,6/9/26,NEW_CAGE_CONFIGURATION,,NO,D12450Ki,26011208A2i,JACKSON_LABORATORIES,2105,,,2512-43492A
2561791011,NZO/HlLtJ,3740,6B,D8,370-F,1/20/26,F,LFD,,,,6/9/26,NEW_CAGE_CONFIGURATION,,NO,D12450Ki,26011208A2i,JACKSON_LABORATORIES,2105,,,2512-43492A
2561791012,NZO/HlLtJ,3741,6B,E8,370-F,1/20/26,F,LFD,,,,6/9/26,NEW_CAGE_CONFIGURATION,,NO,D12450Ki,26011208A2i,JACKSON_LABORATORIES,2105,,,2512-43492A
2561791013,NZO/HlLtJ,3742,,CORE_CAGE_1,230-F,2/10/26,F,LFD,268.2,264.88,37.2,6/9/26,INJECT_DAY_7_DOSE_ONE,277.62,NO,D12450Ki,26011208A2i,JACKSON_LABORATORIES,2105,,,2512-43492A
2561791014,NZO/HlLtJ,3743,,CORE_CAGE_2,230-F,2/10/26,F,LFD,276.04,273.96,33.69,6/9/26,INJECT_DAY_7_DOSE_ONE,276.84,NO,D12450Ki,26011208A2i,JACKSON_LABORATORIES,2105,,,2512-43492A
2561791015,NZO/HlLtJ,3744,,CORE_CAGE_3,230-F,2/10/26,F,LFD,259.52,253.75,49.8,6/9/26,INJECT_DAY_7_DOSE_ONE,274.57,NO,D12450Ki,26011208A2i,JACKSON_LABORATORIES,2105,,,2512-43492A
2561791016,NZO/HlLtJ,3745,,CORE_CAGE_4,230-F,2/10/26,F,LFD,260.21,255.15,46.46,6/9/26,INJECT_DAY_7_DOSE_ONE,276.81,NO,D12450Ki,26011208A2i,JACKSON_LABORATORIES,2105,,,2512-43492A
2561791017,NZO/HlLtJ,3746,,CORE_CAGE_5,230-F,2/10/26,F,LFD,273.35,269.69,41.84,6/9/26,INJECT_DAY_2_DOSE_ONE,275.87,NO,D12450Ki,26011208A2i,JACKSON_LABORATORIES,2105,,,2512-43492A
2561791018,NZO/HlLtJ,3747,,CORE_CAGE_6,230-F,2/3/26,F,LFD,275.74,274.14,38.22,6/9/26,INJECT_DAY_2_DOSE_ONE,276.66,NO,D12450Ki,26011208A2i,JACKSON_LABORATORIES,2105,,,2512-43492A
2561791019,NZO/HlLtJ,3748,,CORE_CAGE_7,230-F,2/3/26,F,LFD,261.23,256.33,49.13,6/9/26,INJECT_DAY_7_DOSE_ONE,276.02,NO,D12450Ki,26011208A2i,JACKSON_LABORATORIES,2105,,,2512-43492A
2561791020,NZO/HlLtJ,3749,,CORE_CAGE_8,230-F,2/3/26,F,LFD,265.75,260.94,33.74,6/9/26,INJECT_DAY_7_DOSE_ONE,274.21,NO,D12450Ki,26011208A2i,JACKSON_LABORATORIES,2105,,,2512-43492A
2561791021,NZO/HlLtJ,3750,,CORE_CAGE_9,230-F,2/3/26,F,LFD,269.94,266.53,44.05,6/9/26,INJECT_DAY_7_DOSE_ONE,275.31,NO,D12450Ki,26011208A2i,JACKSON_LABORATORIES,2105,,,2512-43492A
2561791022,NZO/HlLtJ,3751,,CORE_CAGE_10,230-F,1/27/26,F,LFD,273.73,270.99,33.5,6/9/26,INJECT_DAY_7_DOSE_ONE,277.3,NO,D12450Ki,26011208A2i,JACKSON_LABORATORIES,2105,,,2512-43492A
2561791023,NZO/HlLtJ,3752,,CORE_CAGE_11,230-F,1/27/26,F,LFD,272.75,268.46,42.97,6/9/26,INJECT_DAY_2_DOSE_ONE,275.08,NO,D12450Ki,26011208A2i,JACKSON_LABORATORIES,2105,,,2512-43492A
2561791024,NZO/HlLtJ,3753,,CORE_CAGE_12,230-F,1/27/26,F,LFD,276.87,275.03,45.56,6/9/26,INJECT_DAY_2_DOSE_ONE,277.89,NO,D12450Ki,26011208A2i,JACKSON_LABORATORIES,2105,,,2512-43492A
2561791001,NZO/HlLtJ,3730,6B,A7,370-F,1/13/26,F,LFD,28.69,21.79,46.76,6/10/26,REGAIN_DAY_20,21.79,NO,D12450Ki,26011208A2i,JACKSON_LABORATORIES,2105,,,2512-43492A
2561791002,NZO/HlLtJ,3731,6B,B7,370-F,1/13/26,F,LFD,29.85,22.43,47.72,6/10/26,REGAIN_DAY_20,22.43,NO,D12450Ki,26011208A2i,JACKSON_LABORATORIES,2105,,,2512-43492A
2561791003,NZO/HlLtJ,3732,6B,C7,370-F,1/13/26,F,LFD,27.16,21.58,36.3,6/10/26,REGAIN_DAY_20,21.58,NO,D12450Ki,26011208A2i,JACKSON_LABORATORIES,2105,,,2512-43492A
2561791004,NZO/HlLtJ,3733,6B,D7,370-F,1/13/26,F,LFD,30.8,22.26,44.29,6/10/26,REGAIN_DAY_20,22.26,NO,D12450Ki,26011208A2i,JACKSON_LABORATORIES,2105,,,2512-43492A
2561791006,NZO/HlLtJ,3735,6B,F7,370-F,1/20/26,F,LFD,29.44,20.61,50.66,6/10/26,REGAIN_DAY_20,20.61,NO,D12450Ki,26011208A2i,JACKSON_LABORATORIES,2105,,,2512-43492A
2561791007,NZO/HlLtJ,3736,6B,G7,370-F,1/20/26,F,LFD,30.73,23.17,43.49,6/10/26,REGAIN_DAY_20,23.17,NO,D12450Ki,26011208A2i,JACKSON_LABORATORIES,2105,,,2512-43492A
2561791008,NZO/HlLtJ,3737,6B,A8,370-F,1/20/26,F,LFD,29.79,20.63,48.72,6/10/26,REGAIN_DAY_20,20.63,NO,D12450Ki,26011208A2i,JACKSON_LABORATORIES,2105,,,2512-43492A
2561791009,NZO/HlLtJ,3738,6B,B8,370-F,1/20/26,F,LFD,30.25,19.82,53.85,6/10/26,REGAIN_DAY_20,19.82,NO,D12450Ki,26011208A2i,JACKSON_LABORATORIES,2105,,,2512-43492A
2561791010,NZO/HlLtJ,3739,6B,C8,370-F,1/20/26,F,LFD,30.88,22.19,50.16,6/10/26,REGAIN_DAY_20,22.19,NO,D12450Ki,26011208A2i,JACKSON_LABORATORIES,2105,,,2512-43492A
2561791011,NZO/HlLtJ,3740,6B,D8,370-F,1/20/26,F,LFD,30.15,20.4,57.3,6/10/26,REGAIN_DAY_20,20.4,NO,D12450Ki,26011208A2i,JACKSON_LABORATORIES,2105,,,2512-43492A
2561791012,NZO/HlLtJ,3741,6B,E8,370-F,1/20/26,F,LFD,29.26,19.17,54.05,6/10/26,REGAIN_DAY_20,19.17,NO,D12450Ki,26011208A2i,JACKSON_LABORATORIES,2105,,,2512-43492A
2561791013,NZO/HlLtJ,3742,,CORE_CAGE_1,230-F,2/10/26,F,LFD,277.62,276.28,35.51,6/10/26,INJECT_DAY_1_DOSE_TWO,276.28,NO,D12450Ki,26011208A2i,JACKSON_LABORATORIES,2105,,,2512-43492A
2561791014,NZO/HlLtJ,3743,,CORE_CAGE_2,230-F,2/10/26,F,LFD,276.84,273.36,33.95,6/10/26,INJECT_DAY_1_DOSE_TWO,273.36,NO,D12450Ki,26011208A2i,JACKSON_LABORATORIES,2105,,,2512-43492A
2561791015,NZO/HlLtJ,3744,,CORE_CAGE_3,230-F,2/10/26,F,LFD,274.57,269.94,49.45,6/10/26,INJECT_DAY_1_DOSE_TWO,269.94,NO,D12450Ki,26011208A2i,JACKSON_LABORATORIES,2105,,,2512-43492A
2561791016,NZO/HlLtJ,3745,,CORE_CAGE_4,230-F,2/10/26,F,LFD,276.81,272.46,46.85,6/10/26,INJECT_DAY_1_DOSE_TWO,272.46,NO,D12450Ki,26011208A2i,JACKSON_LABORATORIES,2105,,,2512-43492A
2561791017,NZO/HlLtJ,3746,,CORE_CAGE_5,230-F,2/10/26,F,LFD,275.87,271.59,42.11,6/10/26,INJECT_DAY_3_DOSE_ONE,271.59,NO,D12450Ki,26011208A2i,JACKSON_LABORATORIES,2105,,,2512-43492A
2561791018,NZO/HlLtJ,3747,,CORE_CAGE_6,230-F,2/3/26,F,LFD,276.66,275.92,36.48,6/10/26,INJECT_DAY_3_DOSE_ONE,275.92,NO,D12450Ki,26011208A2i,JACKSON_LABORATORIES,2105,,,2512-43492A
2561791019,NZO/HlLtJ,3748,,CORE_CAGE_7,230-F,2/3/26,F,LFD,276.02,271.23,49.18,6/10/26,INJECT_DAY_1_DOSE_TWO,271.23,NO,D12450Ki,26011208A2i,JACKSON_LABORATORIES,2105,,,2512-43492A
2561791020,NZO/HlLtJ,3749,,CORE_CAGE_8,230-F,2/3/26,F,LFD,274.21,270.67,33.96,6/10/26,INJECT_DAY_1_DOSE_TWO,270.67,NO,D12450Ki,26011208A2i,JACKSON_LABORATORIES,2105,,,2512-43492A
2561791021,NZO/HlLtJ,3750,,CORE_CAGE_9,230-F,2/3/26,F,LFD,275.31,271.7,44.07,6/10/26,INJECT_DAY_1_DOSE_TWO,271.7,NO,D12450Ki,26011208A2i,JACKSON_LABORATORIES,2105,,,2512-43492A
2561791022,NZO/HlLtJ,3751,,CORE_CAGE_10,230-F,1/27/26,F,LFD,277.3,275.74,32.53,6/10/26,INJECT_DAY_1_DOSE_TWO,275.74,NO,D12450Ki,26011208A2i,JACKSON_LABORATORIES,2105,,,2512-43492A
2561791023,NZO/HlLtJ,3752,,CORE_CAGE_11,230-F,1/27/26,F,LFD,275.08,271.08,42.9,6/10/26,INJECT_DAY_3_DOSE_ONE,271.08,NO,D12450Ki,26011208A2i,JACKSON_LABORATORIES,2105,,,2512-43492A
2561791024,NZO/HlLtJ,3753,,CORE_CAGE_12,230-F,1/27/26,F,LFD,277.89,275.76,44.42,6/10/26,INJECT_DAY_3_DOSE_ONE,275.76,NO,D12450Ki,26011208A2i,JACKSON_LABORATORIES,2105,,,2512-43492A
2561791001,NZO/HlLtJ,3730,6B,A7,370-F,1/13/26,F,LFD,,,,6/11/26,REGAIN_DAY_21,,NO,D12450Ki,26011208A2i,JACKSON_LABORATORIES,2105,,,2512-43492A
2561791002,NZO/HlLtJ,3731,6B,B7,370-F,1/13/26,F,LFD,,,,6/11/26,REGAIN_DAY_21,,NO,D12450Ki,26011208A2i,JACKSON_LABORATORIES,2105,,,2512-43492A
2561791003,NZO/HlLtJ,3732,6B,C7,370-F,1/13/26,F,LFD,,,,6/11/26,REGAIN_DAY_21,,NO,D12450Ki,26011208A2i,JACKSON_LABORATORIES,2105,,,2512-43492A
2561791004,NZO/HlLtJ,3733,6B,D7,370-F,1/13/26,F,LFD,,,,6/11/26,REGAIN_DAY_21,,NO,D12450Ki,26011208A2i,JACKSON_LABORATORIES,2105,,,2512-43492A
2561791006,NZO/HlLtJ,3735,6B,F7,370-F,1/20/26,F,LFD,,,,6/11/26,REGAIN_DAY_21,,NO,D12450Ki,26011208A2i,JACKSON_LABORATORIES,2105,,,2512-43492A
2561791007,NZO/HlLtJ,3736,6B,G7,370-F,1/20/26,F,LFD,,,,6/11/26,REGAIN_DAY_21,,NO,D12450Ki,26011208A2i,JACKSON_LABORATORIES,2105,,,2512-43492A
2561791008,NZO/HlLtJ,3737,6B,A8,370-F,1/20/26,F,LFD,,,,6/11/26,REGAIN_DAY_21,,NO,D12450Ki,26011208A2i,JACKSON_LABORATORIES,2105,,,2512-43492A
2561791009,NZO/HlLtJ,3738,6B,B8,370-F,1/20/26,F,LFD,,,,6/11/26,REGAIN_DAY_21,,NO,D12450Ki,26011208A2i,JACKSON_LABORATORIES,2105,,,2512-43492A
2561791010,NZO/HlLtJ,3739,6B,C8,370-F,1/20/26,F,LFD,,,,6/11/26,REGAIN_DAY_21,,NO,D12450Ki,26011208A2i,JACKSON_LABORATORIES,2105,,,2512-43492A
2561791011,NZO/HlLtJ,3740,6B,D8,370-F,1/20/26,F,LFD,,,,6/11/26,REGAIN_DAY_21,,NO,D12450Ki,26011208A2i,JACKSON_LABORATORIES,2105,,,2512-43492A
2561791012,NZO/HlLtJ,3741,6B,E8,370-F,1/20/26,F,LFD,,,,6/11/26,REGAIN_DAY_21,,NO,D12450Ki,26011208A2i,JACKSON_LABORATORIES,2105,,,2512-43492A
2561791013,NZO/HlLtJ,3742,,CORE_CAGE_1,230-F,2/10/26,F,LFD,276.28,273.99,34.85,6/11/26,INJECT_DAY_2_DOSE_TWO,273.99,NO,D12450Ki,26011208A2i,JACKSON_LABORATORIES,2105,,,2512-43492A
2561791014,NZO/HlLtJ,3743,,CORE_CAGE_2,230-F,2/10/26,F,LFD,273.36,270.97,33,6/11/26,INJECT_DAY_2_DOSE_TWO,270.97,NO,D12450Ki,26011208A2i,JACKSON_LABORATORIES,2105,,,2512-43492A
2561791015,NZO/HlLtJ,3744,,CORE_CAGE_3,230-F,2/10/26,F,LFD,269.94,265.51,49.2,6/11/26,INJECT_DAY_2_DOSE_TWO,265.51,NO,D12450Ki,26011208A2i,JACKSON_LABORATORIES,2105,,,2512-43492A
2561791016,NZO/HlLtJ,3745,,CORE_CAGE_4,230-F,2/10/26,F,LFD,272.46,268.39,46.17,6/11/26,INJECT_DAY_2_DOSE_TWO,268.39,NO,D12450Ki,26011208A2i,JACKSON_LABORATORIES,2105,,,2512-43492A
2561791017,NZO/HlLtJ,3746,,CORE_CAGE_5,230-F,2/10/26,F,LFD,271.59,267.15,42.19,6/11/26,INJECT_DAY_4_DOSE_ONE,267.15,NO,D12450Ki,26011208A2i,JACKSON_LABORATORIES,2105,,,2512-43492A
2561791018,NZO/HlLtJ,3747,,CORE_CAGE_6,230-F,2/3/26,F,LFD,275.92,274.28,35.82,6/11/26,INJECT_DAY_4_DOSE_ONE,274.28,NO,D12450Ki,26011208A2i,JACKSON_LABORATORIES,2105,,,2512-43492A
2561791019,NZO/HlLtJ,3748,,CORE_CAGE_7,230-F,2/3/26,F,LFD,271.23,267.62,48.79,6/11/26,INJECT_DAY_2_DOSE_TWO,267.62,NO,D12450Ki,26011208A2i,JACKSON_LABORATORIES,2105,,,2512-43492A
2561791020,NZO/HlLtJ,3749,,CORE_CAGE_8,230-F,2/3/26,F,LFD,270.67,266.36,34.34,6/11/26,INJECT_DAY_2_DOSE_TWO,266.36,NO,D12450Ki,26011208A2i,JACKSON_LABORATORIES,2105,,,2512-43492A
2561791021,NZO/HlLtJ,3750,,CORE_CAGE_9,230-F,2/3/26,F,LFD,271.7,269.3,42.63,6/11/26,INJECT_DAY_2_DOSE_TWO,269.3,NO,D12450Ki,26011208A2i,JACKSON_LABORATORIES,2105,,,2512-43492A
2561791022,NZO/HlLtJ,3751,,CORE_CAGE_10,230-F,1/27/26,F,LFD,275.74,273.92,31.88,6/11/26,INJECT_DAY_2_DOSE_TWO,273.92,NO,D12450Ki,26011208A2i,JACKSON_LABORATORIES,2105,,,2512-43492A
2561791023,NZO/HlLtJ,3752,,CORE_CAGE_11,230-F,1/27/26,F,LFD,271.08,267.14,42.99,6/11/26,INJECT_DAY_4_DOSE_ONE,267.14,NO,D12450Ki,26011208A2i,JACKSON_LABORATORIES,2105,,,2512-43492A
2561791024,NZO/HlLtJ,3753,,CORE_CAGE_12,230-F,1/27/26,F,LFD,275.76,273.41,43.76,6/11/26,INJECT_DAY_4_DOSE_ONE,273.41,NO,D12450Ki,26011208A2i,JACKSON_LABORATORIES,2105,,,2512-43492A
2561791001,NZO/HlLtJ,3730,6B,A7,370-F,1/13/26,F,LFD,21.79,12.54,46.97,6/12/26,REGAIN_DAY_22,22.69,NO,D12450Ki,26011208A2i,JACKSON_LABORATORIES,2105,,,2512-43492A
2561791002,NZO/HlLtJ,3731,6B,B7,370-F,1/13/26,F,LFD,22.43,14.75,47.33,6/12/26,REGAIN_DAY_22,24.12,NO,D12450Ki,26011208A2i,JACKSON_LABORATORIES,2105,,,2512-43492A
2561791003,NZO/HlLtJ,3732,6B,C7,370-F,1/13/26,F,LFD,21.58,13.35,37.21,6/12/26,REGAIN_DAY_22,25.01,NO,D12450Ki,26011208A2i,JACKSON_LABORATORIES,2105,,,2512-43492A
2561791004,NZO/HlLtJ,3733,6B,D7,370-F,1/13/26,F,LFD,22.26,12.48,45,6/12/26,REGAIN_DAY_22,22.64,NO,D12450Ki,26011208A2i,JACKSON_LABORATORIES,2105,,,2512-43492A
2561791006,NZO/HlLtJ,3735,6B,F7,370-F,1/20/26,F,LFD,20.61,12.23,50.27,6/12/26,REGAIN_DAY_22,23.28,NO,D12450Ki,26011208A2i,JACKSON_LABORATORIES,2105,,,2512-43492A
2561791007,NZO/HlLtJ,3736,6B,G7,370-F,1/20/26,F,LFD,23.17,14.62,43.55,6/12/26,REGAIN_DAY_22,23.65,NO,D12450Ki,26011208A2i,JACKSON_LABORATORIES,2105,,,2512-43492A
2561791008,NZO/HlLtJ,3737,6B,A8,370-F,1/20/26,F,LFD,20.63,10.63,49.19,6/12/26,REGAIN_DAY_22,23.13,NO,D12450Ki,26011208A2i,JACKSON_LABORATORIES,2105,,,2512-43492A
2561791009,NZO/HlLtJ,3738,6B,B8,370-F,1/20/26,F,LFD,19.82,8.35,54.8,6/12/26,REGAIN_DAY_22,23.65,NO,D12450Ki,26011208A2i,JACKSON_LABORATORIES,2105,,,2512-43492A
2561791010,NZO/HlLtJ,3739,6B,C8,370-F,1/20/26,F,LFD,22.19,13.39,50.63,6/12/26,REGAIN_DAY_22,22.45,NO,D12450Ki,26011208A2i,JACKSON_LABORATORIES,2105,,,2512-43492A
2561791011,NZO/HlLtJ,3740,6B,D8,370-F,1/20/26,F,LFD,20.4,9.94,57.11,6/12/26,REGAIN_DAY_22,21.82,NO,D12450Ki,26011208A2i,JACKSON_LABORATORIES,2105,,,2512-43492A
2561791012,NZO/HlLtJ,3741,6B,E8,370-F,1/20/26,F,LFD,19.17,7.42,54.96,6/12/26,REGAIN_DAY_22,23.46,NO,D12450Ki,26011208A2i,JACKSON_LABORATORIES,2105,,,2512-43492A
2561791013,NZO/HlLtJ,3742,,CAGE_7,230-F,2/10/26,F,LFD,273.99,272.43,34.36,6/12/26,SABLE_DAY_1_INJECT_DAY_3_DOSE_TWO,285.52,YES,D12450Ki,26011208A2i,JACKSON_LABORATORIES,2105,,,2512-43492A
2561791014,NZO/HlLtJ,3743,,CAGE_2,230-F,2/10/26,F,LFD,270.97,268.77,32.63,6/12/26,SABLE_DAY_1_INJECT_DAY_3_DOSE_TWO,285.23,YES,D12450Ki,26011208A2i,JACKSON_LABORATORIES,2105,,,2512-43492A
2561791015,NZO/HlLtJ,3744,,CORE_CAGE_3,230-F,2/10/26,F,LFD,265.51,260.78,50.33,6/12/26,INJECT_DAY_3_DOSE_TWO,260.78,NO,D12450Ki,26011208A2i,JACKSON_LABORATORIES,2105,,,2512-43492A
2561791016,NZO/HlLtJ,3745,,CORE_CAGE_4,230-F,2/10/26,F,LFD,268.39,264.07,47.04,6/12/26,INJECT_DAY_3_DOSE_TWO,264.07,NO,D12450Ki,26011208A2i,JACKSON_LABORATORIES,2105,,,2512-43492A
2561791017,NZO/HlLtJ,3746,,CORE_CAGE_5,230-F,2/10/26,F,LFD,267.15,262.5,42.91,6/12/26,INJECT_DAY_5_DOSE_ONE,262.5,NO,D12450Ki,26011208A2i,JACKSON_LABORATORIES,2105,,,2512-43492A
2561791018,NZO/HlLtJ,3747,,CORE_CAGE_6,230-F,2/3/26,F,LFD,274.28,273.4,34.39,6/12/26,INJECT_DAY_5_DOSE_ONE,273.4,NO,D12450Ki,26011208A2i,JACKSON_LABORATORIES,2105,,,2512-43492A
2561791019,NZO/HlLtJ,3748,,CORE_CAGE_7,230-F,2/3/26,F,LFD,267.62,263.55,48.88,6/12/26,INJECT_DAY_3_DOSE_TWO,263.55,NO,D12450Ki,26011208A2i,JACKSON_LABORATORIES,2105,,,2512-43492A
2561791020,NZO/HlLtJ,3749,,CORE_CAGE_8,230-F,2/3/26,F,LFD,266.36,263.3,33.76,6/12/26,INJECT_DAY_3_DOSE_TWO,263.3,NO,D12450Ki,26011208A2i,JACKSON_LABORATORIES,2105,,,2512-43492A
2561791021,NZO/HlLtJ,3750,,CAGE_3,230-F,2/3/26,F,LFD,269.3,267.37,41.65,6/12/26,SABLE_DAY_1_INJECT_DAY_3_DOSE_TWO,284.99,YES,D12450Ki,26011208A2i,JACKSON_LABORATORIES,2105,,,2512-43492A
2561791022,NZO/HlLtJ,3751,,CAGE_4,230-F,1/27/26,F,LFD,273.92,272.59,31.08,6/12/26,SABLE_DAY_1_INJECT_DAY_3_DOSE_TWO,289.31,YES,D12450Ki,26011208A2i,JACKSON_LABORATORIES,2105,,,2512-43492A
2561791023,NZO/HlLtJ,3752,,CORE_CAGE_11,230-F,1/27/26,F,LFD,267.14,262.95,43.84,6/12/26,INJECT_DAY_5_DOSE_ONE,262.95,NO,D12450Ki,26011208A2i,JACKSON_LABORATORIES,2105,,,2512-43492A
2561791024,NZO/HlLtJ,3753,,CORE_CAGE_12,230-F,1/27/26,F,LFD,273.41,271.81,42.44,6/12/26,INJECT_DAY_5_DOSE_ONE,271.81,NO,D12450Ki,26011208A2i,JACKSON_LABORATORIES,2105,,,2512-43492A
2561791001,NZO/HlLtJ,3730,6B,A7,370-F,1/13/26,F,LFD,,,,6/13/26,REGAIN_DAY_23,,NO,D12450Ki,26011208A2i,JACKSON_LABORATORIES,2105,,,2512-43492A
2561791002,NZO/HlLtJ,3731,6B,B7,370-F,1/13/26,F,LFD,,,,6/13/26,REGAIN_DAY_23,,NO,D12450Ki,26011208A2i,JACKSON_LABORATORIES,2105,,,2512-43492A
2561791003,NZO/HlLtJ,3732,6B,C7,370-F,1/13/26,F,LFD,,,,6/13/26,REGAIN_DAY_23,,NO,D12450Ki,26011208A2i,JACKSON_LABORATORIES,2105,,,2512-43492A
2561791004,NZO/HlLtJ,3733,6B,D7,370-F,1/13/26,F,LFD,,,,6/13/26,REGAIN_DAY_23,,NO,D12450Ki,26011208A2i,JACKSON_LABORATORIES,2105,,,2512-43492A
2561791006,NZO/HlLtJ,3735,6B,F7,370-F,1/20/26,F,LFD,,,,6/13/26,REGAIN_DAY_23,,NO,D12450Ki,26011208A2i,JACKSON_LABORATORIES,2105,,,2512-43492A
2561791007,NZO/HlLtJ,3736,6B,G7,370-F,1/20/26,F,LFD,,,,6/13/26,REGAIN_DAY_23,,NO,D12450Ki,26011208A2i,JACKSON_LABORATORIES,2105,,,2512-43492A
2561791008,NZO/HlLtJ,3737,6B,A8,370-F,1/20/26,F,LFD,,,,6/13/26,REGAIN_DAY_23,,NO,D12450Ki,26011208A2i,JACKSON_LABORATORIES,2105,,,2512-43492A
2561791009,NZO/HlLtJ,3738,6B,B8,370-F,1/20/26,F,LFD,,,,6/13/26,REGAIN_DAY_23,,NO,D12450Ki,26011208A2i,JACKSON_LABORATORIES,2105,,,2512-43492A
2561791010,NZO/HlLtJ,3739,6B,C8,370-F,1/20/26,F,LFD,,,,6/13/26,REGAIN_DAY_23,,NO,D12450Ki,26011208A2i,JACKSON_LABORATORIES,2105,,,2512-43492A
2561791011,NZO/HlLtJ,3740,6B,D8,370-F,1/20/26,F,LFD,,,,6/13/26,REGAIN_DAY_23,,NO,D12450Ki,26011208A2i,JACKSON_LABORATORIES,2105,,,2512-43492A
2561791012,NZO/HlLtJ,3741,6B,E8,370-F,1/20/26,F,LFD,,,,6/13/26,REGAIN_DAY_23,,NO,D12450Ki,26011208A2i,JACKSON_LABORATORIES,2105,,,2512-43492A
2561791013,NZO/HlLtJ,3742,,CAGE_7,230-F,2/10/26,F,LFD,285.52,285.71,32.94,6/13/26,SABLE_DAY_2_INJECT_DAY_4_DOSE_TWO,285.71,YES,D12450Ki,26011208A2i,JACKSON_LABORATORIES,2105,,,2512-43492A
2561791014,NZO/HlLtJ,3743,,CAGE_2,230-F,2/10/26,F,LFD,285.23,284.79,31.73,6/13/26,SABLE_DAY_2_INJECT_DAY_4_DOSE_TWO,284.79,YES,D12450Ki,26011208A2i,JACKSON_LABORATORIES,2105,,,2512-43492A
2561791015,NZO/HlLtJ,3744,,CORE_CAGE_3,230-F,2/10/26,F,LFD,260.78,255.35,50.33,6/13/26,INJECT_DAY_4_DOSE_TWO,14.55,NO,D12450Ki,26011208A2i,JACKSON_LABORATORIES,2105,,,2512-43492A
2561791016,NZO/HlLtJ,3745,,CORE_CAGE_4,230-F,2/10/26,F,LFD,264.07,259.72,46.35,6/13/26,INJECT_DAY_4_DOSE_TWO,16.42,NO,D12450Ki,26011208A2i,JACKSON_LABORATORIES,2105,,,2512-43492A
2561791017,NZO/HlLtJ,3746,,CORE_CAGE_5,230-F,2/10/26,F,LFD,262.5,257.72,42.72,6/13/26,INJECT_DAY_6_DOSE_ONE,12.13,NO,D12450Ki,26011208A2i,JACKSON_LABORATORIES,2105,,,2512-43492A
2561791018,NZO/HlLtJ,3747,,CORE_CAGE_6,230-F,2/3/26,F,LFD,273.4,271.9,32.78,6/13/26,INJECT_DAY_6_DOSE_ONE,91.33,NO,D12450Ki,26011208A2i,JACKSON_LABORATORIES,2105,,,2512-43492A
2561791019,NZO/HlLtJ,3748,,CORE_CAGE_7,230-F,2/3/26,F,LFD,263.55,258.6,48.96,6/13/26,INJECT_DAY_4_DOSE_TWO,15.28,NO,D12450Ki,26011208A2i,JACKSON_LABORATORIES,2105,,,2512-43492A
2561791020,NZO/HlLtJ,3749,,CORE_CAGE_8,230-F,2/3/26,F,LFD,263.3,259.06,34.51,6/13/26,INJECT_DAY_4_DOSE_TWO,15.98,NO,D12450Ki,26011208A2i,JACKSON_LABORATORIES,2105,,,2512-43492A
2561791021,NZO/HlLtJ,3750,,CAGE_3,230-F,2/3/26,F,LFD,284.99,284.99,40.33,6/13/26,SABLE_DAY_2_INJECT_DAY_4_DOSE_TWO,284.99,YES,D12450Ki,26011208A2i,JACKSON_LABORATORIES,2105,,,2512-43492A
2561791022,NZO/HlLtJ,3751,,CAGE_4,230-F,1/27/26,F,LFD,289.31,289.3,29.67,6/13/26,SABLE_DAY_2_INJECT_DAY_4_DOSE_TWO,289.3,YES,D12450Ki,26011208A2i,JACKSON_LABORATORIES,2105,,,2512-43492A
2561791023,NZO/HlLtJ,3752,,CORE_CAGE_11,230-F,1/27/26,F,LFD,262.95,257.65,43.97,6/13/26,INJECT_DAY_6_DOSE_ONE,16.33,NO,D12450Ki,26011208A2i,JACKSON_LABORATORIES,2105,,,2512-43492A
2561791024,NZO/HlLtJ,3753,,CORE_CAGE_12,230-F,1/27/26,F,LFD,271.81,268.62,42.31,6/13/26,INJECT_DAY_6_DOSE_ONE,89.6,NO,D12450Ki,26011208A2i,JACKSON_LABORATORIES,2105,,,2512-43492A
2561791001,NZO/HlLtJ,3730,6B,A7,370-F,1/13/26,F,LFD,,,,6/14/26,REGAIN_DAY_24,,NO,D12450Ki,26011208A2i,JACKSON_LABORATORIES,2105,,,2512-43492A
2561791002,NZO/HlLtJ,3731,6B,B7,370-F,1/13/26,F,LFD,,,,6/14/26,REGAIN_DAY_24,,NO,D12450Ki,26011208A2i,JACKSON_LABORATORIES,2105,,,2512-43492A
2561791003,NZO/HlLtJ,3732,6B,C7,370-F,1/13/26,F,LFD,,,,6/14/26,REGAIN_DAY_24,,NO,D12450Ki,26011208A2i,JACKSON_LABORATORIES,2105,,,2512-43492A
2561791004,NZO/HlLtJ,3733,6B,D7,370-F,1/13/26,F,LFD,,,,6/14/26,REGAIN_DAY_24,,NO,D12450Ki,26011208A2i,JACKSON_LABORATORIES,2105,,,2512-43492A
2561791006,NZO/HlLtJ,3735,6B,F7,370-F,1/20/26,F,LFD,,,,6/14/26,REGAIN_DAY_24,,NO,D12450Ki,26011208A2i,JACKSON_LABORATORIES,2105,,,2512-43492A
2561791007,NZO/HlLtJ,3736,6B,G7,370-F,1/20/26,F,LFD,,,,6/14/26,REGAIN_DAY_24,,NO,D12450Ki,26011208A2i,JACKSON_LABORATORIES,2105,,,2512-43492A
2561791008,NZO/HlLtJ,3737,6B,A8,370-F,1/20/26,F,LFD,,,,6/14/26,REGAIN_DAY_24,,NO,D12450Ki,26011208A2i,JACKSON_LABORATORIES,2105,,,2512-43492A
2561791009,NZO/HlLtJ,3738,6B,B8,370-F,1/20/26,F,LFD,,,,6/14/26,REGAIN_DAY_24,,NO,D12450Ki,26011208A2i,JACKSON_LABORATORIES,2105,,,2512-43492A
2561791010,NZO/HlLtJ,3739,6B,C8,370-F,1/20/26,F,LFD,,,,6/14/26,REGAIN_DAY_24,,NO,D12450Ki,26011208A2i,JACKSON_LABORATORIES,2105,,,2512-43492A
2561791011,NZO/HlLtJ,3740,6B,D8,370-F,1/20/26,F,LFD,,,,6/14/26,REGAIN_DAY_24,,NO,D12450Ki,26011208A2i,JACKSON_LABORATORIES,2105,,,2512-43492A
2561791012,NZO/HlLtJ,3741,6B,E8,370-F,1/20/26,F,LFD,,,,6/14/26,REGAIN_DAY_24,,NO,D12450Ki,26011208A2i,JACKSON_LABORATORIES,2105,,,2512-43492A
2561791013,NZO/HlLtJ,3742,,CAGE_7,230-F,2/10/26,F,LFD,285.71,285.33,31.45,6/14/26,SABLE_DAY_3_INJECT_DAY_5_DOSE_TWO,285.33,YES,D12450Ki,26011208A2i,JACKSON_LABORATORIES,2105,,,2512-43492A
2561791014,NZO/HlLtJ,3743,,CAGE_2,230-F,2/10/26,F,LFD,284.79,283.13,31.73,6/14/26,SABLE_DAY_3_INJECT_DAY_5_DOSE_TWO,283.13,YES,D12450Ki,26011208A2i,JACKSON_LABORATORIES,2105,,,2512-43492A
2561791015,NZO/HlLtJ,3744,,CORE_CAGE_3,230-F,2/10/26,F,LFD,14.55,10.26,49.75,6/14/26,INJECT_DAY_5_DOSE_TWO,276.98,NO,D12450Ki,26011208A2i,JACKSON_LABORATORIES,2105,,,2512-43492A
2561791016,NZO/HlLtJ,3745,,CORE_CAGE_4,230-F,2/10/26,F,LFD,16.42,11.37,47.26,6/14/26,INJECT_DAY_5_DOSE_TWO,276.89,NO,D12450Ki,26011208A2i,JACKSON_LABORATORIES,2105,,,2512-43492A
2561791017,NZO/HlLtJ,3746,,CORE_CAGE_5,230-F,2/10/26,F,LFD,12.13,7.55,43.06,6/14/26,INJECT_DAY_7_DOSE_ONE,276.71,NO,D12450Ki,26011208A2i,JACKSON_LABORATORIES,2105,,,2512-43492A
2561791018,NZO/HlLtJ,3747,,CORE_CAGE_6,230-F,2/3/26,F,LFD,91.33,89.31,31.97,6/14/26,INJECT_DAY_7_DOSE_ONE,278.18,NO,D12450Ki,26011208A2i,JACKSON_LABORATORIES,2105,,,2512-43492A
2561791019,NZO/HlLtJ,3748,,CORE_CAGE_7,230-F,2/3/26,F,LFD,15.28,10.07,49.71,6/14/26,INJECT_DAY_5_DOSE_TWO,275.05,NO,D12450Ki,26011208A2i,JACKSON_LABORATORIES,2105,,,2512-43492A
2561791020,NZO/HlLtJ,3749,,CORE_CAGE_8,230-F,2/3/26,F,LFD,15.98,9.92,35.68,6/14/26,INJECT_DAY_5_DOSE_TWO,274.35,NO,D12450Ki,26011208A2i,JACKSON_LABORATORIES,2105,,,2512-43492A
2561791021,NZO/HlLtJ,3750,,CAGE_3,230-F,2/3/26,F,LFD,284.99,283.97,39.65,6/14/26,SABLE_DAY_3_INJECT_DAY_5_DOSE_TWO,283.97,YES,D12450Ki,26011208A2i,JACKSON_LABORATORIES,2105,,,2512-43492A
2561791022,NZO/HlLtJ,3751,,CAGE_4,230-F,1/27/26,F,LFD,289.3,288.01,29.14,6/14/26,SABLE_DAY_3_INJECT_DAY_5_DOSE_TWO,288.01,YES,D12450Ki,26011208A2i,JACKSON_LABORATORIES,2105,,,2512-43492A
2561791023,NZO/HlLtJ,3752,,CORE_CAGE_11,230-F,1/27/26,F,LFD,16.33,11.75,44.08,6/14/26,INJECT_DAY_7_DOSE_ONE,277.66,NO,D12450Ki,26011208A2i,JACKSON_LABORATORIES,2105,,,2512-43492A
2561791024,NZO/HlLtJ,3753,,CORE_CAGE_12,230-F,1/27/26,F,LFD,89.6,87.04,41.74,6/14/26,INJECT_DAY_7_DOSE_ONE,275.96,NO,D12450Ki,26011208A2i,JACKSON_LABORATORIES,2105,,,2512-43492A
2561791001,NZO/HlLtJ,3730,6B,A7,370-F,1/13/26,F,LFD,22.69,9.22,49.89,6/15/26,REGAIN_DAY_25,26.4,NO,D12450Ki,26011208A2i,JACKSON_LABORATORIES,2105,,,2512-43492A
2561791002,NZO/HlLtJ,3731,6B,B7,370-F,1/13/26,F,LFD,24.12,13.46,48.04,6/15/26,REGAIN_DAY_25,27.04,NO,D12450Ki,26011208A2i,JACKSON_LABORATORIES,2105,,,2512-43492A
2561791003,NZO/HlLtJ,3732,6B,C7,370-F,1/13/26,F,LFD,25.01,13.79,38.47,6/15/26,REGAIN_DAY_25,26.65,NO,D12450Ki,26011208A2i,JACKSON_LABORATORIES,2105,,,2512-43492A
2561791004,NZO/HlLtJ,3733,6B,D7,370-F,1/13/26,F,LFD,22.64,12.05,45.24,6/15/26,REGAIN_DAY_25,27.06,NO,D12450Ki,26011208A2i,JACKSON_LABORATORIES,2105,,,2512-43492A
2561791006,NZO/HlLtJ,3735,6B,F7,370-F,1/20/26,F,LFD,23.28,11.13,51.7,6/15/26,REGAIN_DAY_25,27.23,NO,D12450Ki,26011208A2i,JACKSON_LABORATORIES,2105,,,2512-43492A
2561791007,NZO/HlLtJ,3736,6B,G7,370-F,1/20/26,F,LFD,23.65,9.08,47.1,6/15/26,REGAIN_DAY_25,27.27,NO,D12450Ki,26011208A2i,JACKSON_LABORATORIES,2105,,,2512-43492A
2561791008,NZO/HlLtJ,3737,6B,A8,370-F,1/20/26,F,LFD,23.13,7.54,50.89,6/15/26,REGAIN_DAY_25,27.69,NO,D12450Ki,26011208A2i,JACKSON_LABORATORIES,2105,,,2512-43492A
2561791009,NZO/HlLtJ,3738,6B,B8,370-F,1/20/26,F,LFD,23.65,7.41,57.1,6/15/26,REGAIN_DAY_25,25.88,NO,D12450Ki,26011208A2i,JACKSON_LABORATORIES,2105,,,2512-43492A
2561791010,NZO/HlLtJ,3739,6B,C8,370-F,1/20/26,F,LFD,22.45,4.96,54.46,6/15/26,REGAIN_DAY_25,28.62,NO,D12450Ki,26011208A2i,JACKSON_LABORATORIES,2105,,,2512-43492A
2561791011,NZO/HlLtJ,3740,6B,D8,370-F,1/20/26,F,LFD,21.82,4.4,60.66,6/15/26,SURGERY,25.54,NO,D12450Ki,26011208A2i,JACKSON_LABORATORIES,2105,,,2512-43492A
2561791012,NZO/HlLtJ,3741,6B,E8,370-F,1/20/26,F,LFD,23.46,7.5,56.74,6/15/26,REGAIN_DAY_25,26.39,NO,D12450Ki,26011208A2i,JACKSON_LABORATORIES,2105,,,2512-43492A
2561791013,NZO/HlLtJ,3742,,CAGE_7,230-F,2/10/26,F,LFD,285.33,284.28,31.6,6/15/26,SABLE_DAY_4_INJECT_DAY_6_DOSE_TWO,284.28,YES,D12450Ki,26011208A2i,JACKSON_LABORATORIES,2105,,,2512-43492A
2561791014,NZO/HlLtJ,3743,,CAGE_2,230-F,2/10/26,F,LFD,283.13,280.78,31.68,6/15/26,SABLE_DAY_4_INJECT_DAY_6_DOSE_TWO,280.78,YES,D12450Ki,26011208A2i,JACKSON_LABORATORIES,2105,,,2512-43492A
2561791015,NZO/HlLtJ,3744,,CORE_CAGE_3,230-F,2/10/26,F,LFD,276.98,273.99,49.43,6/15/26,INJECT_DAY_6_DOSE_TWO,273.99,NO,D12450Ki,26011208A2i,JACKSON_LABORATORIES,2105,,,2512-43492A
2561791016,NZO/HlLtJ,3745,,CORE_CAGE_4,230-F,2/10/26,F,LFD,276.89,274.6,46.39,6/15/26,INJECT_DAY_6_DOSE_TWO,274.6,NO,D12450Ki,26011208A2i,JACKSON_LABORATORIES,2105,,,2512-43492A
2561791017,NZO/HlLtJ,3746,,CORE_CAGE_5,230-F,2/10/26,F,LFD,276.71,274.8,42.09,6/15/26,INJECT_DAY_1_DOSE_TWO,274.8,NO,D12450Ki,26011208A2i,JACKSON_LABORATORIES,2105,,,2512-43492A
2561791018,NZO/HlLtJ,3747,,CAGE_1,230-F,2/3/26,F,LFD,278.18,277.89,31.86,6/15/26,SABLE_DAY_1_INJECT_DAY_1_DOSE_TWO,277.89,YES,D12450Ki,26011208A2i,JACKSON_LABORATORIES,2105,,,2512-43492A
2561791019,NZO/HlLtJ,3748,,CORE_CAGE_7,230-F,2/3/26,F,LFD,275.05,273.49,48.77,6/15/26,INJECT_DAY_6_DOSE_TWO,273.49,NO,D12450Ki,26011208A2i,JACKSON_LABORATORIES,2105,,,2512-43492A
2561791020,NZO/HlLtJ,3749,,CORE_CAGE_8,230-F,2/3/26,F,LFD,274.35,273.84,34.26,6/15/26,INJECT_DAY_6_DOSE_TWO,273.84,NO,D12450Ki,26011208A2i,JACKSON_LABORATORIES,2105,,,2512-43492A
2561791021,NZO/HlLtJ,3750,,CAGE_3,230-F,2/3/26,F,LFD,283.97,282.04,39.38,6/15/26,SABLE_DAY_4_INJECT_DAY_6_DOSE_TWO,282.04,YES,D12450Ki,26011208A2i,JACKSON_LABORATORIES,2105,,,2512-43492A
2561791022,NZO/HlLtJ,3751,,CAGE_4,230-F,1/27/26,F,LFD,288.01,285.89,29.21,6/15/26,SABLE_DAY_4_INJECT_DAY_6_DOSE_TWO,285.89,YES,D12450Ki,26011208A2i,JACKSON_LABORATORIES,2105,,,2512-43492A
2561791023,NZO/HlLtJ,3752,,CORE_CAGE_11,230-F,1/27/26,F,LFD,277.66,276.35,42.84,6/15/26,INJECT_DAY_1_DOSE_TWO,276.35,NO,D12450Ki,26011208A2i,JACKSON_LABORATORIES,2105,,,2512-43492A
2561791024,NZO/HlLtJ,3753,,CORE_CAGE_12,230-F,1/27/26,F,LFD,275.96,275.05,40.3,6/15/26,INJECT_DAY_1_DOSE_TWO,275.05,NO,D12450Ki,26011208A2i,JACKSON_LABORATORIES,2105,,,2512-43492A
2561791001,NZO/HlLtJ,3730,6B,A7,370-F,1/13/26,F,LFD,,48.31,,6/16/26,SURGERY,,NO,D12450Ki,26011208A2i,JACKSON_LABORATORIES,2105,,,2512-43492A
2561791002,NZO/HlLtJ,3731,6B,B7,370-F,1/13/26,F,LFD,,,,6/16/26,,,NO,D12450Ki,26011208A2i,JACKSON_LABORATORIES,2105,,,2512-43492A
2561791003,NZO/HlLtJ,3732,6B,C7,370-F,1/13/26,F,LFD,,,,6/16/26,,,NO,D12450Ki,26011208A2i,JACKSON_LABORATORIES,2105,,,2512-43492A
2561791004,NZO/HlLtJ,3733,6B,D7,370-F,1/13/26,F,LFD,,,,6/16/26,,,NO,D12450Ki,26011208A2i,JACKSON_LABORATORIES,2105,,,2512-43492A
2561791006,NZO/HlLtJ,3735,6B,F7,370-F,1/20/26,F,LFD,,,,6/16/26,,,NO,D12450Ki,26011208A2i,JACKSON_LABORATORIES,2105,,,2512-43492A
2561791007,NZO/HlLtJ,3736,6B,G7,370-F,1/20/26,F,LFD,,,,6/16/26,,,NO,D12450Ki,26011208A2i,JACKSON_LABORATORIES,2105,,,2512-43492A
2561791008,NZO/HlLtJ,3737,6B,A8,370-F,1/20/26,F,LFD,,,,6/16/26,,,NO,D12450Ki,26011208A2i,JACKSON_LABORATORIES,2105,,,2512-43492A
2561791009,NZO/HlLtJ,3738,6B,B8,370-F,1/20/26,F,LFD,,,,6/16/26,,,NO,D12450Ki,26011208A2i,JACKSON_LABORATORIES,2105,,,2512-43492A
2561791010,NZO/HlLtJ,3739,6B,C8,370-F,1/20/26,F,LFD,,,,6/16/26,,,NO,D12450Ki,26011208A2i,JACKSON_LABORATORIES,2105,,,2512-43492A
2561791011,NZO/HlLtJ,3740,6B,D8,370-F,1/20/26,F,LFD,,57.26,,6/16/26,SURGERY_RECOVERY_DAY_1,,NO,D12450Ki,26011208A2i,JACKSON_LABORATORIES,2105,,,2512-43492A
2561791012,NZO/HlLtJ,3741,6B,E8,370-F,1/20/26,F,LFD,,,,6/16/26,,,NO,D12450Ki,26011208A2i,JACKSON_LABORATORIES,2105,,,2512-43492A
2561791013,NZO/HlLtJ,3742,,CAGE_7,230-F,2/10/26,F,LFD,284.28,282.39,31.72,6/16/26,SABLE_DAY_5_INJECT_DAY_7_DOSE_TWO,282.39,YES,D12450Ki,26011208A2i,JACKSON_LABORATORIES,2105,,,2512-43492A
2561791014,NZO/HlLtJ,3743,,CAGE_2,230-F,2/10/26,F,LFD,280.78,278.58,31.61,6/16/26,SABLE_DAY_5_INJECT_DAY_7_DOSE_TWO,278.58,YES,D12450Ki,26011208A2i,JACKSON_LABORATORIES,2105,,,2512-43492A
2561791015,NZO/HlLtJ,3744,,CORE_CAGE_3,230-F,2/10/26,F,LFD,273.99,269.93,49.78,6/16/26,INJECT_DAY_7_DOSE_TWO,269.93,NO,D12450Ki,26011208A2i,JACKSON_LABORATORIES,2105,,,2512-43492A
2561791016,NZO/HlLtJ,3745,,CORE_CAGE_4,230-F,2/10/26,F,LFD,274.6,271.2,46.75,6/16/26,INJECT_DAY_7_DOSE_TWO,271.2,NO,D12450Ki,26011208A2i,JACKSON_LABORATORIES,2105,,,2512-43492A
2561791017,NZO/HlLtJ,3746,,CORE_CAGE_5,230-F,2/10/26,F,LFD,274.8,272.33,42,6/16/26,INJECT_DAY_2_DOSE_TWO,272.33,NO,D12450Ki,26011208A2i,JACKSON_LABORATORIES,2105,,,2512-43492A
2561791018,NZO/HlLtJ,3747,,CAGE_1,230-F,2/3/26,F,LFD,277.89,277.89,30.6,6/16/26,SABLE_DAY_2_INJECT_DAY_2_DOSE_TWO,277.89,YES,D12450Ki,26011208A2i,JACKSON_LABORATORIES,2105,,,2512-43492A
2561791019,NZO/HlLtJ,3748,,CORE_CAGE_7,230-F,2/3/26,F,LFD,273.49,270.27,48.2,6/16/26,INJECT_DAY_7_DOSE_TWO,270.27,NO,D12450Ki,26011208A2i,JACKSON_LABORATORIES,2105,,,2512-43492A
2561791020,NZO/HlLtJ,3749,,CORE_CAGE_8,230-F,2/3/26,F,LFD,273.84,271.47,34.21,6/16/26,INJECT_DAY_7_DOSE_TWO,271.47,NO,D12450Ki,26011208A2i,JACKSON_LABORATORIES,2105,,,2512-43492A
2561791021,NZO/HlLtJ,3750,,CAGE_3,230-F,2/3/26,F,LFD,282.04,278.84,40.22,6/16/26,SABLE_DAY_5_INJECT_DAY_7_DOSE_TWO,278.84,YES,D12450Ki,26011208A2i,JACKSON_LABORATORIES,2105,,,2512-43492A
2561791022,NZO/HlLtJ,3751,,CAGE_4,230-F,1/27/26,F,LFD,285.89,283.47,29.52,6/16/26,SABLE_DAY_5_INJECT_DAY_7_DOSE_TWO,283.47,YES,D12450Ki,26011208A2i,JACKSON_LABORATORIES,2105,,,2512-43492A
2561791023,NZO/HlLtJ,3752,,CORE_CAGE_11,230-F,1/27/26,F,LFD,276.35,274.08,42.99,6/16/26,INJECT_DAY_2_DOSE_TWO,274.08,NO,D12450Ki,26011208A2i,JACKSON_LABORATORIES,2105,,,2512-43492A
2561791024,NZO/HlLtJ,3753,,CORE_CAGE_12,230-F,1/27/26,F,LFD,275.05,274.3,39.24,6/16/26,INJECT_DAY_2_DOSE_TWO,274.3,NO,D12450Ki,26011208A2i,JACKSON_LABORATORIES,2105,,,2512-43492A
2561791001,NZO/HlLtJ,3730,6B,A7,370-F,1/13/26,F,LFD,,,47.2,6/17/26,DIED,,NO,D12450Ki,26011208A2i,JACKSON_LABORATORIES,2105,,,2512-43492A
2561791002,NZO/HlLtJ,3731,6B,B7,370-F,1/13/26,F,LFD,,,48.31,6/17/26,SURGERY,,NO,D12450Ki,26011208A2i,JACKSON_LABORATORIES,2105,,,2512-43492A
2561791003,NZO/HlLtJ,3732,6B,C7,370-F,1/13/26,F,LFD,26.65,19.68,38.16,6/17/26,,19.68,NO,D12450Ki,26011208A2i,JACKSON_LABORATORIES,2105,,,2512-43492A
2561791004,NZO/HlLtJ,3733,6B,D7,370-F,1/13/26,F,LFD,27.06,19.68,44.91,6/17/26,,19.68,NO,D12450Ki,26011208A2i,JACKSON_LABORATORIES,2105,,,2512-43492A
2561791006,NZO/HlLtJ,3735,6B,F7,370-F,1/20/26,F,LFD,27.23,19.51,50.31,6/17/26,,19.51,NO,D12450Ki,26011208A2i,JACKSON_LABORATORIES,2105,,,2512-43492A
2561791007,NZO/HlLtJ,3736,6B,G7,370-F,1/20/26,F,LFD,27.27,17.03,46.6,6/17/26,,17.03,NO,D12450Ki,26011208A2i,JACKSON_LABORATORIES,2105,,,2512-43492A
2561791008,NZO/HlLtJ,3737,6B,A8,370-F,1/20/26,F,LFD,27.69,18,51.18,6/17/26,,18,NO,D12450Ki,26011208A2i,JACKSON_LABORATORIES,2105,,,2512-43492A
2561791009,NZO/HlLtJ,3738,6B,B8,370-F,1/20/26,F,LFD,25.88,16.17,56.41,6/17/26,,16.17,NO,D12450Ki,26011208A2i,JACKSON_LABORATORIES,2105,,,2512-43492A
2561791010,NZO/HlLtJ,3739,6B,C8,370-F,1/20/26,F,LFD,,,53.18,6/17/26,SURGERY,,NO,D12450Ki,26011208A2i,JACKSON_LABORATORIES,2105,,,2512-43492A
2561791011,NZO/HlLtJ,3740,6B,D8,370-F,1/20/26,F,LFD,,,57.72,6/17/26,SURGERY_RECOVERY_DAY_2,,NO,D12450Ki,26011208A2i,JACKSON_LABORATORIES,2105,,,2512-43492A
2561791012,NZO/HlLtJ,3741,6B,E8,370-F,1/20/26,F,LFD,,,57.75,6/17/26,SURGERY,,NO,D12450Ki,26011208A2i,JACKSON_LABORATORIES,2105,,,2512-43492A
2561791013,NZO/HlLtJ,3742,,CAGE_7,230-F,2/10/26,F,LFD,282.39,280.89,31.36,6/17/26,SABLE_DAY_6_REGAIN_DAY_1,103,YES,D12450Ki,26011208A2i,JACKSON_LABORATORIES,2105,,,2512-43492A
2561791014,NZO/HlLtJ,3743,,CAGE_2,230-F,2/10/26,F,LFD,278.58,275.85,31.45,6/17/26,SABLE_DAY_6_REGAIN_DAY_1,95.23,YES,D12450Ki,26011208A2i,JACKSON_LABORATORIES,2105,,,2512-43492A
2561791015,NZO/HlLtJ,3744,,CAGE_7,230-F,2/10/26,F,LFD,269.93,265.75,50.2,6/17/26,SABLE_DAY_1,265.75,YES,D12450Ki,26011208A2i,JACKSON_LABORATORIES,2105,,,2512-43492A
2561791016,NZO/HlLtJ,3745,,CAGE_4,230-F,2/10/26,F,LFD,271.2,267.43,47.16,6/17/26,SABLE_DAY_1,267.43,YES,D12450Ki,26011208A2i,JACKSON_LABORATORIES,2105,,,2512-43492A
2561791017,NZO/HlLtJ,3746,,CORE_CAGE_5,230-F,2/10/26,F,LFD,272.33,268.01,43.54,6/17/26,INJECT_DAY_3_DOSE_TWO,268.01,NO,D12450Ki,26011208A2i,JACKSON_LABORATORIES,2105,,,2512-43492A
2561791018,NZO/HlLtJ,3747,,CAGE_1,230-F,2/3/26,F,LFD,277.89,277.46,29.56,6/17/26,SABLE_DAY_3_INJECT_DAY_3_DOSE_TWO,277.46,YES,D12450Ki,26011208A2i,JACKSON_LABORATORIES,2105,,,2512-43492A
2561791019,NZO/HlLtJ,3748,,CAGE_3,230-F,2/3/26,F,LFD,270.27,266.71,48.51,6/17/26,SABLE_DAY_1,266.71,YES,D12450Ki,26011208A2i,JACKSON_LABORATORIES,2105,,,2512-43492A
2561791020,NZO/HlLtJ,3749,,CORE_CAGE_8,230-F,2/3/26,F,LFD,271.47,267.88,34.55,6/17/26,,267.88,NO,D12450Ki,26011208A2i,JACKSON_LABORATORIES,2105,,,2512-43492A
2561791021,NZO/HlLtJ,3750,,CAGE_3,230-F,2/3/26,F,LFD,278.84,276.33,39.92,6/17/26,SABLE_DAY_6_REGAIN_DAY_1,95.62,YES,D12450Ki,26011208A2i,JACKSON_LABORATORIES,2105,,,2512-43492A
2561791022,NZO/HlLtJ,3751,,CAGE_4,230-F,1/27/26,F,LFD,283.47,281.47,28.93,6/17/26,SABLE_DAY_6_REGAIN_DAY_1,100.81,YES,D12450Ki,26011208A2i,JACKSON_LABORATORIES,2105,,,2512-43492A
2561791023,NZO/HlLtJ,3752,,CORE_CAGE_11,230-F,1/27/26,F,LFD,274.08,271.63,42.3,6/17/26,INJECT_DAY_3_DOSE_TWO,271.63,NO,D12450Ki,26011208A2i,JACKSON_LABORATORIES,2105,,,2512-43492A
2561791024,NZO/HlLtJ,3753,,CAGE_2,230-F,1/27/26,F,LFD,274.3,273.32,38.39,6/17/26,SABLE_DAY_1_INJECT_DAY_3_DOSE_TWO,273.32,YES,D12450Ki,26011208A2i,JACKSON_LABORATORIES,2105,,,2512-43492A
2561791002,NZO/HlLtJ,3731,6B,B7,370-F,1/13/26,F,LFD,,,47.97,6/18/26,SURGERY_RECOVERY_DAY_1,,NO,D12450Ki,26011208A2i,JACKSON_LABORATORIES,2105,,,2512-43492A
2561791003,NZO/HlLtJ,3732,6B,C7,370-F,1/13/26,F,LFD,,,,6/18/26,,,NO,D12450Ki,26011208A2i,JACKSON_LABORATORIES,2105,,,2512-43492A
2561791004,NZO/HlLtJ,3733,6B,D7,370-F,1/13/26,F,LFD,,,46.6,6/18/26,SURGERY,,NO,D12450Ki,26011208A2i,JACKSON_LABORATORIES,2105,,,2512-43492A
2561791006,NZO/HlLtJ,3735,6B,F7,370-F,1/20/26,F,LFD,,,51.51,6/18/26,SURGERY,,NO,D12450Ki,26011208A2i,JACKSON_LABORATORIES,2105,,,2512-43492A
2561791007,NZO/HlLtJ,3736,6B,G7,370-F,1/20/26,F,LFD,,,47.15,6/18/26,SURGERY_DIED,,NO,D12450Ki,26011208A2i,JACKSON_LABORATORIES,2105,,,2512-43492A
2561791008,NZO/HlLtJ,3737,6B,A8,370-F,1/20/26,F,LFD,,,,6/18/26,,,NO,D12450Ki,26011208A2i,JACKSON_LABORATORIES,2105,,,2512-43492A
2561791009,NZO/HlLtJ,3738,6B,B8,370-F,1/20/26,F,LFD,,,,6/18/26,,,NO,D12450Ki,26011208A2i,JACKSON_LABORATORIES,2105,,,2512-43492A
2561791010,NZO/HlLtJ,3739,6B,C8,370-F,1/20/26,F,LFD,,,54.08,6/18/26,DAY_1_SURGERY_RECOVERY,,NO,D12450Ki,26011208A2i,JACKSON_LABORATORIES,2105,,,2512-43492A
2561791011,NZO/HlLtJ,3740,6B,D8,370-F,1/20/26,F,LFD,,,57.76,6/18/26,DAY_3_SURGERY_RECOVERY,,NO,D12450Ki,26011208A2i,JACKSON_LABORATORIES,2105,,,2512-43492A
2561791012,NZO/HlLtJ,3741,6B,E8,370-F,1/20/26,F,LFD,,,58.58,6/18/26,DAY_1_SURGERY_RECOVERY,,NO,D12450Ki,26011208A2i,JACKSON_LABORATORIES,2105,,,2512-43492A
2561791013,NZO/HlLtJ,3742,6B,G7,370-F,2/10/26,F,LFD,103,101.47,32.28,6/18/26,REGAIN_DAY_2,101.47,NO,D12450Ki,26011208A2i,JACKSON_LABORATORIES,2105,,,2512-43492A
2561791014,NZO/HlLtJ,3743,6B,A8,370-F,2/10/26,F,LFD,95.23,92.94,32.18,6/18/26,REGAIN_DAY_2,92.94,NO,D12450Ki,26011208A2i,JACKSON_LABORATORIES,2105,,,2512-43492A
2561791015,NZO/HlLtJ,3744,,CAGE_7,230-F,2/10/26,F,LFD,265.75,260.89,50.71,6/18/26,SABLE_DAY_2,260.89,YES,D12450Ki,26011208A2i,JACKSON_LABORATORIES,2105,,,2512-43492A
2561791016,NZO/HlLtJ,3745,,CAGE_4,230-F,2/10/26,F,LFD,267.43,262.32,,6/18/26,SABLE_DAY_2,262.32,YES,D12450Ki,26011208A2i,JACKSON_LABORATORIES,2105,,,2512-43492A
2561791017,NZO/HlLtJ,3746,,CORE_CAGE_5,230-F,2/10/26,F,LFD,268.01,264.23,43.4,6/18/26,INJECT_DAY_4_DOSE_TWO,264.23,NO,D12450Ki,26011208A2i,JACKSON_LABORATORIES,2105,,,2512-43492A
2561791018,NZO/HlLtJ,3747,,CAGE_1,230-F,2/3/26,F,LFD,277.46,276.77,29,6/18/26,SABLE_DAY_4_REGAIN_DAY_1,28.98,YES,D12450Ki,26011208A2i,JACKSON_LABORATORIES,2105,,,2512-43492A
2561791019,NZO/HlLtJ,3748,,CAGE_3,230-F,2/3/26,F,LFD,266.71,262.78,48.17,6/18/26,SABLE_DAY_2,262.78,YES,D12450Ki,26011208A2i,JACKSON_LABORATORIES,2105,,,2512-43492A
2561791020,NZO/HlLtJ,3749,,CAGE_1,230-F,2/3/26,F,LFD,267.88,263.49,35.59,6/18/26,SABLE_DAY_1,263.49,YES,D12450Ki,26011208A2i,JACKSON_LABORATORIES,2105,,,2512-43492A
2561791021,NZO/HlLtJ,3750,6B,A9,370-F,2/3/26,F,LFD,95.62,94.41,39.93,6/18/26,REGAIN_DAY_2,94.41,NO,D12450Ki,26011208A2i,JACKSON_LABORATORIES,2105,,,2512-43492A
2561791022,NZO/HlLtJ,3751,6B,B9,370-F,1/27/26,F,LFD,100.81,98.75,29.48,6/18/26,REGAIN_DAY_2,98.75,NO,D12450Ki,26011208A2i,JACKSON_LABORATORIES,2105,,,2512-43492A
2561791023,NZO/HlLtJ,3752,,CORE_CAGE_11,230-F,1/27/26,F,LFD,271.63,268.93,42.12,6/18/26,INJECT_DAY_4_DOSE_TWO,268.93,NO,D12450Ki,26011208A2i,JACKSON_LABORATORIES,2105,,,2512-43492A
2561791024,NZO/HlLtJ,3753,,CAGE_2,230-F,1/27/26,F,LFD,273.32,271.8,37.96,6/18/26,SABLE_DAY_2_INJECT_DAY_4_DOSE_TWO,271.8,YES,D12450Ki,26011208A2i,JACKSON_LABORATORIES,2105,,,2512-43492A
2561791002,NZO/HlLtJ,3731,6B,B7,370-F,1/13/26,F,LFD,,,47.97,6/19/26,SURGERY_RECOVERY_DAY_2,,NO,D12450Ki,26011208A2i,JACKSON_LABORATORIES,2105,,,2512-43492A
2561791003,NZO/HlLtJ,3732,6B,C7,370-F,1/13/26,F,LFD,19.68,10.02,39.69,6/19/26,,19.53,NO,D12450Ki,26011208A2i,JACKSON_LABORATORIES,2105,,,2512-43492A
2561791004,NZO/HlLtJ,3733,6B,D7,370-F,1/13/26,F,LFD,,,46.23,6/19/26,SURGERY_RECOVERY_DAY_1,,NO,D12450Ki,26011208A2i,JACKSON_LABORATORIES,2105,,,2512-43492A
2561791006,NZO/HlLtJ,3735,6B,F7,370-F,1/20/26,F,LFD,,,50.75,6/19/26,SURGERY_RECOVERY_DAY_1,,NO,D12450Ki,26011208A2i,JACKSON_LABORATORIES,2105,,,2512-43492A
2561791008,NZO/HlLtJ,3737,6B,A8,370-F,1/20/26,F,LFD,18,8.34,52.53,6/19/26,,18.05,NO,D12450Ki,26011208A2i,JACKSON_LABORATORIES,2105,,,2512-43492A
2561791009,NZO/HlLtJ,3738,6B,B8,370-F,1/20/26,F,LFD,16.17,4.54,57.15,6/19/26,,17.84,NO,D12450Ki,26011208A2i,JACKSON_LABORATORIES,2105,,,2512-43492A
2561791010,NZO/HlLtJ,3739,6B,C8,370-F,1/20/26,F,LFD,,,53.8,6/19/26,SURGERY_RECOVERY_DAY_2,,NO,D12450Ki,26011208A2i,JACKSON_LABORATORIES,2105,,,2512-43492A
2561791011,NZO/HlLtJ,3740,6B,D8,370-F,1/20/26,F,LFD,,,56.01,6/19/26,SURGERY_RECOVERY_DAY_4,,NO,D12450Ki,26011208A2i,JACKSON_LABORATORIES,2105,,,2512-43492A
2561791012,NZO/HlLtJ,3741,6B,E8,370-F,1/20/26,F,LFD,,,57.48,6/19/26,SURGERY_RECOVERY_DAY_2,,NO,D12450Ki,26011208A2i,JACKSON_LABORATORIES,2105,,,2512-43492A
2561791013,NZO/HlLtJ,3742,6B,G7,370-F,2/10/26,F,LFD,101.47,97.72,33.32,6/19/26,REGAIN_DAY_3,24.05,NO,D12450Ki,26011208A2i,JACKSON_LABORATORIES,2105,,,2512-43492A
2561791014,NZO/HlLtJ,3743,6B,A8,370-F,2/10/26,F,LFD,92.94,88.03,33.63,6/19/26,REGAIN_DAY_3,26.14,NO,D12450Ki,26011208A2i,JACKSON_LABORATORIES,2105,,,2512-43492A
2561791015,NZO/HlLtJ,3744,,CAGE_7,230-F,2/10/26,F,LFD,260.89,255.47,51.2,6/19/26,SABLE_DAY_3,255.47,YES,D12450Ki,26011208A2i,JACKSON_LABORATORIES,2105,,,2512-43492A
2561791016,NZO/HlLtJ,3745,,CAGE_4,230-F,2/10/26,F,LFD,262.32,257.86,47.63,6/19/26,SABLE_DAY_3,257.86,YES,D12450Ki,26011208A2i,JACKSON_LABORATORIES,2105,,,2512-43492A
2561791017,NZO/HlLtJ,3746,,CORE_CAGE_5,230-F,2/10/26,F,LFD,264.23,259.74,43.41,6/19/26,INJECT_DAY_5_DOSE_TWO,259.74,NO,D12450Ki,26011208A2i,JACKSON_LABORATORIES,2105,,,2512-43492A
2561791018,NZO/HlLtJ,3747,6B,E8,370-F,2/3/26,F,LFD,276.77,25.43,31.42,6/19/26,REGAIN_DAY_2,24.62,NO,D12450Ki,26011208A2i,JACKSON_LABORATORIES,2105,,,2512-43492A
2561791019,NZO/HlLtJ,3748,,CAGE_3,230-F,2/3/26,F,LFD,262.78,258.62,48.59,6/19/26,SABLE_DAY_3,258.62,YES,D12450Ki,26011208A2i,JACKSON_LABORATORIES,2105,,,2512-43492A
2561791020,NZO/HlLtJ,3749,,CAGE_1,230-F,2/3/26,F,LFD,263.49,259.67,35.39,6/19/26,SABLE_DAY_2,259.67,YES,D12450Ki,26011208A2i,JACKSON_LABORATORIES,2105,,,2512-43492A
2561791021,NZO/HlLtJ,3750,6B,A9,370-F,2/3/26,F,LFD,94.41,89.7,41.26,6/19/26,REGAIN_DAY_3,28.29,NO,D12450Ki,26011208A2i,JACKSON_LABORATORIES,2105,,,2512-43492A
2561791022,NZO/HlLtJ,3751,6B,B9,370-F,1/27/26,F,LFD,98.75,94.45,30.86,6/19/26,REGAIN_DAY_3,24.88,NO,D12450Ki,26011208A2i,JACKSON_LABORATORIES,2105,,,2512-43492A
2561791023,NZO/HlLtJ,3752,,CORE_CAGE_11,230-F,1/27/26,F,LFD,268.93,264.33,42.99,6/19/26,INJECT_DAY_5_DOSE_TWO,264.33,NO,D12450Ki,26011208A2i,JACKSON_LABORATORIES,2105,,,2512-43492A
2561791024,NZO/HlLtJ,3753,,CAGE_2,230-F,1/27/26,F,LFD,271.8,269.39,37.78,6/19/26,SABLE_DAY_3_INJECT_DAY_5_DOSE_TWO,269.39,YES,D12450Ki,26011208A2i,JACKSON_LABORATORIES,2105,,,2512-43492A
2561791002,NZO/HlLtJ,3731,6B,B7,370-F,1/13/26,F,LFD,,,49.63,6/20/26,SURGERY_RECOVERY_DAY_3,,NO,D12450Ki,26011208A2i,JACKSON_LABORATORIES,2105,,,2512-43492A
2561791003,NZO/HlLtJ,3732,6B,C7,370-F,1/13/26,F,LFD,,,,6/20/26,,,NO,D12450Ki,26011208A2i,JACKSON_LABORATORIES,2105,,,2512-43492A
2561791004,NZO/HlLtJ,3733,6B,D7,370-F,1/13/26,F,LFD,,,46.08,6/20/26,SURGERY_RECOVERY_DAY_2,,NO,D12450Ki,26011208A2i,JACKSON_LABORATORIES,2105,,,2512-43492A
2561791006,NZO/HlLtJ,3735,6B,F7,370-F,1/20/26,F,LFD,,,50.5,6/20/26,SURGERY_RECOVERY_DAY_2,,NO,D12450Ki,26011208A2i,JACKSON_LABORATORIES,2105,,,2512-43492A
2561791008,NZO/HlLtJ,3737,6B,A8,370-F,1/20/26,F,LFD,,,,6/20/26,,,NO,D12450Ki,26011208A2i,JACKSON_LABORATORIES,2105,,,2512-43492A
2561791009,NZO/HlLtJ,3738,6B,B8,370-F,1/20/26,F,LFD,,,,6/20/26,,,NO,D12450Ki,26011208A2i,JACKSON_LABORATORIES,2105,,,2512-43492A
2561791010,NZO/HlLtJ,3739,6B,C8,370-F,1/20/26,F,LFD,,,55.45,6/20/26,SURGERY_RECOVERY_DAY_3,,NO,D12450Ki,26011208A2i,JACKSON_LABORATORIES,2105,,,2512-43492A
2561791011,NZO/HlLtJ,3740,6B,D8,370-F,1/20/26,F,LFD,,,57.32,6/20/26,SURGERY_RECOVERY_DAY_5,,NO,D12450Ki,26011208A2i,JACKSON_LABORATORIES,2105,,,2512-43492A
2561791012,NZO/HlLtJ,3741,6B,E8,370-F,1/20/26,F,LFD,,,56.89,6/20/26,SURGERY_RECOVERY_DAY_3,,NO,D12450Ki,26011208A2i,JACKSON_LABORATORIES,2105,,,2512-43492A
2561791013,NZO/HlLtJ,3742,6B,G7,370-F,2/10/26,F,LFD,24.05,19.33,35.49,6/20/26,REGAIN_DAY_4,19.33,NO,D12450Ki,26011208A2i,JACKSON_LABORATORIES,2105,,,2512-43492A
2561791014,NZO/HlLtJ,3743,6B,A8,370-F,2/10/26,F,LFD,26.14,20.63,36.5,6/20/26,REGAIN_DAY_4,20.63,NO,D12450Ki,26011208A2i,JACKSON_LABORATORIES,2105,,,2512-43492A
2561791015,NZO/HlLtJ,3744,,CAGE_7,230-F,2/10/26,F,LFD,255.47,251.23,51.16,6/20/26,SABLE_DAY_4,270.82,YES,D12450Ki,26011208A2i,JACKSON_LABORATORIES,2105,,,2512-43492A
2561791016,NZO/HlLtJ,3745,,CAGE_4,230-F,2/10/26,F,LFD,257.86,253.15,48.93,6/20/26,SABLE_DAY_4,271.26,YES,D12450Ki,26011208A2i,JACKSON_LABORATORIES,2105,,,2512-43492A
2561791017,NZO/HlLtJ,3746,,CAGE_4,230-F,2/10/26,F,LFD,259.74,254.99,44.07,6/20/26,SABLE_DAY_1_INJECT_DAY_6_DOSE_TWO,254.99,YES,D12450Ki,26011208A2i,JACKSON_LABORATORIES,2105,,,2512-43492A
2561791018,NZO/HlLtJ,3747,6B,E8,370-F,2/3/26,F,LFD,24.62,19.61,34.25,6/20/26,REGAIN_DAY_3,19.61,NO,D12450Ki,26011208A2i,JACKSON_LABORATORIES,2105,,,2512-43492A
2561791019,NZO/HlLtJ,3748,,CAGE_3,230-F,2/3/26,F,LFD,258.62,253.24,50.1,6/20/26,SABLE_DAY_4,270.43,YES,D12450Ki,26011208A2i,JACKSON_LABORATORIES,2105,,,2512-43492A
2561791020,NZO/HlLtJ,3749,,CAGE_1,230-F,2/3/26,F,LFD,259.67,254.82,37.11,6/20/26,SABLE_DAY_3,254.82,YES,D12450Ki,26011208A2i,JACKSON_LABORATORIES,2105,,,2512-43492A
2561791021,NZO/HlLtJ,3750,6B,A9,370-F,2/3/26,F,LFD,28.29,24.12,42.18,6/20/26,REGAIN_DAY_4,24.12,NO,D12450Ki,26011208A2i,JACKSON_LABORATORIES,2105,,,2512-43492A
2561791022,NZO/HlLtJ,3751,6B,B9,370-F,1/27/26,F,LFD,24.88,19.53,33.23,6/20/26,REGAIN_DAY_4,19.53,NO,D12450Ki,26011208A2i,JACKSON_LABORATORIES,2105,,,2512-43492A
2561791023,NZO/HlLtJ,3752,,CAGE_3,230-F,1/27/26,F,LFD,264.33,259.5,44.4,6/20/26,SABLE_DAY_1_INJECT_DAY_6_DOSE_TWO,259.5,YES,D12450Ki,26011208A2i,JACKSON_LABORATORIES,2105,,,2512-43492A
2561791024,NZO/HlLtJ,3753,,CAGE_2,230-F,1/27/26,F,LFD,269.39,266.31,38.24,6/20/26,SABLE_DAY_4_INJECT_DAY_6_DOSE_TWO,266.31,YES,D12450Ki,26011208A2i,JACKSON_LABORATORIES,2105,,,2512-43492A
2561791002,NZO/HlLtJ,3731,6B,B7,370-F,1/13/26,F,LFD,,,50.42,6/21/26,SURGERY_RECOVERY_DAY_4,26.51,NO,D12450Ki,26011208A2i,JACKSON_LABORATORIES,2105,,,2512-43492A
2561791003,NZO/HlLtJ,3732,6B,C7,370-F,1/13/26,F,LFD,,,,6/21/26,,,NO,D12450Ki,26011208A2i,JACKSON_LABORATORIES,2105,,,2512-43492A
2561791004,NZO/HlLtJ,3733,6B,D7,370-F,1/13/26,F,LFD,,,45.81,6/21/26,SURGERY_RECOVERY_DAY_3,25.09,NO,D12450Ki,26011208A2i,JACKSON_LABORATORIES,2105,,,2512-43492A
2561791006,NZO/HlLtJ,3735,6B,F7,370-F,1/20/26,F,LFD,,,50.15,6/21/26,SURGERY_RECOVERY_DAY_3,22.81,NO,D12450Ki,26011208A2i,JACKSON_LABORATORIES,2105,,,2512-43492A
2561791008,NZO/HlLtJ,3737,6B,A8,370-F,1/20/26,F,LFD,,,,6/21/26,,,NO,D12450Ki,26011208A2i,JACKSON_LABORATORIES,2105,,,2512-43492A
2561791009,NZO/HlLtJ,3738,6B,B8,370-F,1/20/26,F,LFD,,,,6/21/26,,,NO,D12450Ki,26011208A2i,JACKSON_LABORATORIES,2105,,,2512-43492A
2561791010,NZO/HlLtJ,3739,6B,C8,370-F,1/20/26,F,LFD,,,55.24,6/21/26,SURGERY_RECOVERY_DAY_4,26.2,NO,D12450Ki,26011208A2i,JACKSON_LABORATORIES,2105,,,2512-43492A
2561791011,NZO/HlLtJ,3740,6B,D8,370-F,1/20/26,F,LFD,,,56.76,6/21/26,SURGERY_RECOVERY_DAY_6,26.1,NO,D12450Ki,26011208A2i,JACKSON_LABORATORIES,2105,,,2512-43492A
2561791012,NZO/HlLtJ,3741,6B,E8,370-F,1/20/26,F,LFD,,,56.68,6/21/26,SURGERY_RECOVERY_DAY_4,26.01,NO,D12450Ki,26011208A2i,JACKSON_LABORATORIES,2105,,,2512-43492A
2561791013,NZO/HlLtJ,3742,6B,G7,370-F,2/10/26,F,LFD,19.33,12.65,38.01,6/21/26,REGAIN_DAY_5,12.65,NO,D12450Ki,26011208A2i,JACKSON_LABORATORIES,2105,,,2512-43492A
2561791014,NZO/HlLtJ,3743,6B,A8,370-F,2/10/26,F,LFD,20.63,13.77,37.54,6/21/26,REGAIN_DAY_5,13.77,NO,D12450Ki,26011208A2i,JACKSON_LABORATORIES,2105,,,2512-43492A
2561791015,NZO/HlLtJ,3744,,CORE_CAGE_3,230-F,2/10/26,F,LFD,270.82,267.85,51.6,6/21/26,INJECT_DAY_1_10NMOL_KG,267.85,NO,D12450Ki,26011208A2i,JACKSON_LABORATORIES,2105,,,2512-43492A
2561791016,NZO/HlLtJ,3745,,CORE_CAGE_4,230-F,2/10/26,F,LFD,271.26,268.68,47.72,6/21/26,INJECT_DAY_1_10NMOL_KG,268.68,NO,D12450Ki,26011208A2i,JACKSON_LABORATORIES,2105,,,2512-43492A
2561791017,NZO/HlLtJ,3746,,CAGE_4,230-F,2/10/26,F,LFD,254.99,250.22,45.04,6/21/26,SABLE_DAY_2_INJECT_DAY_7_DOSE_TWO,250.22,YES,D12450Ki,26011208A2i,JACKSON_LABORATORIES,2105,,,2512-43492A
2561791018,NZO/HlLtJ,3747,6B,E8,370-F,2/3/26,F,LFD,19.61,12.74,35.55,6/21/26,REGAIN_DAY_4,12.74,NO,D12450Ki,26011208A2i,JACKSON_LABORATORIES,2105,,,2512-43492A
2561791019,NZO/HlLtJ,3748,,CORE_CAGE_7,230-F,2/3/26,F,LFD,270.43,268.4,49.05,6/21/26,INJECT_DAY_1_10NMOL_KG,268.4,NO,D12450Ki,26011208A2i,JACKSON_LABORATORIES,2105,,,2512-43492A
2561791020,NZO/HlLtJ,3749,,CAGE_1,230-F,2/3/26,F,LFD,254.82,250.38,38.46,6/21/26,SABLE_DAY_4,250.38,YES,D12450Ki,26011208A2i,JACKSON_LABORATORIES,2105,,,2512-43492A
2561791021,NZO/HlLtJ,3750,6B,A9,370-F,2/3/26,F,LFD,24.12,18.26,43.53,6/21/26,REGAIN_DAY_5,18.26,NO,D12450Ki,26011208A2i,JACKSON_LABORATORIES,2105,,,2512-43492A
2561791022,NZO/HlLtJ,3751,6B,B9,370-F,1/27/26,F,LFD,19.53,13.78,33.88,6/21/26,REGAIN_DAY_5,13.78,NO,D12450Ki,26011208A2i,JACKSON_LABORATORIES,2105,,,2512-43492A
2561791023,NZO/HlLtJ,3752,,CAGE_3,230-F,1/27/26,F,LFD,259.5,255.03,43.67,6/21/26,SABLE_DAY_2_INJECT_DAY_7_DOSE_TWO,255.03,YES,D12450Ki,26011208A2i,JACKSON_LABORATORIES,2105,,,2512-43492A
2561791024,NZO/HlLtJ,3753,,CAGE_2,230-F,1/27/26,F,LFD,266.31,263.22,38.43,6/21/26,SABLE_DAY_5_INJECT_DAY_7_DOSE_TWO,263.22,YES,D12450Ki,26011208A2i,JACKSON_LABORATORIES,2105,,,2512-43492A
2561791002,NZO/HlLtJ,3731,6B,B7,370-F,1/13/26,F,LFD,26.51,23.93,49.16,6/22/26,SURGERY_RECOVERY_DAY_5,23.93,NO,D12450Ki,26011208A2i,JACKSON_LABORATORIES,2105,,,2512-43492A
2561791003,NZO/HlLtJ,3732,6B,C7,370-F,1/13/26,F,LFD,19.53,6.97,40.56,6/22/26,,22.25,NO,D12450Ki,26011208A2i,JACKSON_LABORATORIES,2105,,,2512-43492A
2561791004,NZO/HlLtJ,3733,6B,D7,370-F,1/13/26,F,LFD,25.09,22.81,44.32,6/22/26,SURGERY_RECOVERY_DAY_4,22.81,NO,D12450Ki,26011208A2i,JACKSON_LABORATORIES,2105,,,2512-43492A
2561791006,NZO/HlLtJ,3735,6B,F7,370-F,1/20/26,F,LFD,22.81,20.6,48.84,6/22/26,SURGERY_RECOVERY_DAY_4,20.6,NO,D12450Ki,26011208A2i,JACKSON_LABORATORIES,2105,,,2512-43492A
2561791008,NZO/HlLtJ,3737,6B,A8,370-F,1/20/26,F,LFD,18.05,3.58,53.19,6/22/26,,20.42,NO,D12450Ki,26011208A2i,JACKSON_LABORATORIES,2105,,,2512-43492A
2561791009,NZO/HlLtJ,3738,6B,B8,370-F,1/20/26,F,LFD,17.84,0,58.35,6/22/26,,21.97,NO,D12450Ki,26011208A2i,JACKSON_LABORATORIES,2105,,,2512-43492A
2561791010,NZO/HlLtJ,3739,6B,C8,370-F,1/20/26,F,LFD,26.2,25.16,53.97,6/22/26,SURGERY_RECOVERY_DAY_5,25.16,NO,D12450Ki,26011208A2i,JACKSON_LABORATORIES,2105,,,2512-43492A
2561791011,NZO/HlLtJ,3740,6B,D8,370-F,1/20/26,F,LFD,26.1,22.25,57.79,6/22/26,SURGERY_RECOVERY_DAY_7,22.25,NO,D12450Ki,26011208A2i,JACKSON_LABORATORIES,2105,,,2512-43492A
2561791012,NZO/HlLtJ,3741,6B,E8,370-F,1/20/26,F,LFD,26.01,22.36,55.19,6/22/26,SURGERY_RECOVERY_DAY_5,22.36,NO,D12450Ki,26011208A2i,JACKSON_LABORATORIES,2105,,,2512-43492A
2561791013,NZO/HlLtJ,3742,6B,G7,370-F,2/10/26,F,LFD,12.65,6.08,37.48,6/22/26,REGAIN_DAY_6,28.27,NO,D12450Ki,26011208A2i,JACKSON_LABORATORIES,2105,,,2512-43492A
2561791014,NZO/HlLtJ,3743,6B,A8,370-F,2/10/26,F,LFD,13.77,5.2,40,6/22/26,REGAIN_DAY_6,28,NO,D12450Ki,26011208A2i,JACKSON_LABORATORIES,2105,,,2512-43492A
2561791015,NZO/HlLtJ,3744,,CORE_CAGE_3,230-F,2/10/26,F,LFD,267.85,265.64,49.5,6/22/26,INJECT_DAY_2_10NMOL_KG,265.64,NO,D12450Ki,26011208A2i,JACKSON_LABORATORIES,2105,,,2512-43492A
2561791016,NZO/HlLtJ,3745,,CORE_CAGE_4,230-F,2/10/26,F,LFD,268.68,267.29,46.16,6/22/26,INJECT_DAY_2_10NMOL_KG,267.29,NO,D12450Ki,26011208A2i,JACKSON_LABORATORIES,2105,,,2512-43492A
2561791017,NZO/HlLtJ,3746,,CAGE_4,230-F,2/10/26,F,LFD,250.22,244.73,44.58,6/22/26,SABLE_DAY_3,244.73,YES,D12450Ki,26011208A2i,JACKSON_LABORATORIES,2105,,,2512-43492A
2561791018,NZO/HlLtJ,3747,6B,E8,370-F,2/3/26,F,LFD,12.74,4.45,36.97,6/22/26,REGAIN_DAY_5,29.75,NO,D12450Ki,26011208A2i,JACKSON_LABORATORIES,2105,,,2512-43492A
2561791019,NZO/HlLtJ,3748,,CORE_CAGE_7,230-F,2/3/26,F,LFD,268.4,266.18,47.5,6/22/26,INJECT_DAY_2_10NMOL_KG,266.18,NO,D12450Ki,26011208A2i,JACKSON_LABORATORIES,2105,,,2512-43492A
2561791020,NZO/HlLtJ,3749,,CAGE_1,230-F,2/3/26,F,LFD,250.38,245.87,36.96,6/22/26,SABLE_DAY_5,35.13,YES,D12450Ki,26011208A2i,JACKSON_LABORATORIES,2105,,,2512-43492A
2561791021,NZO/HlLtJ,3750,6B,A9,370-F,2/3/26,F,LFD,18.26,11.93,44.18,6/22/26,REGAIN_DAY_6,29.97,NO,D12450Ki,26011208A2i,JACKSON_LABORATORIES,2105,,,2512-43492A
2561791022,NZO/HlLtJ,3751,6B,B9,370-F,1/27/26,F,LFD,13.78,4.82,36.58,6/22/26,REGAIN_DAY_6,29.39,NO,D12450Ki,26011208A2i,JACKSON_LABORATORIES,2105,,,2512-43492A
2561791023,NZO/HlLtJ,3752,,CAGE_3,230-F,1/27/26,F,LFD,255.03,249.73,44.06,6/22/26,SABLE_DAY_3,249.73,YES,D12450Ki,26011208A2i,JACKSON_LABORATORIES,2105,,,2512-43492A
2561791024,NZO/HlLtJ,3753,,CAGE_2,230-F,1/27/26,F,LFD,263.22,259.8,38.62,6/22/26,SABLE_DAY_6_REGAIN_DAY_1,40.43,YES,D12450Ki,26011208A2i,JACKSON_LABORATORIES,2105,,,2512-43492A
2561791002,NZO/HlLtJ,3731,6B,B7,370-F,1/13/26,F,LFD,23.93,19.1,50.01,6/23/26,SURGERY_RECOVERY_DAY_6,19.1,NO,D12450Ki,26011208A2i,JACKSON_LABORATORIES,2105,,,2512-43492A
2561791003,NZO/HlLtJ,3732,6B,C7,370-F,1/13/26,F,LFD,22.25,,40.75,6/23/26,SURGERY,,NO,D12450Ki,26011208A2i,JACKSON_LABORATORIES,2105,,,2512-43492A
2561791004,NZO/HlLtJ,3733,6B,D7,370-F,1/13/26,F,LFD,22.81,18.95,44.91,6/23/26,SURGERY_RECOVERY_DAY_5,18.95,NO,D12450Ki,26011208A2i,JACKSON_LABORATORIES,2105,,,2512-43492A
2561791006,NZO/HlLtJ,3735,6B,F7,370-F,1/20/26,F,LFD,20.6,17.52,48.61,6/23/26,SURGERY_RECOVERY_DAY_5,17.52,NO,D12450Ki,26011208A2i,JACKSON_LABORATORIES,2105,,,2512-43492A
2561791008,NZO/HlLtJ,3737,6B,A8,370-F,1/20/26,F,LFD,20.42,,53.29,6/23/26,SURGERY,,NO,D12450Ki,26011208A2i,JACKSON_LABORATORIES,2105,,,2512-43492A
2561791009,NZO/HlLtJ,3738,6B,B8,370-F,1/20/26,F,LFD,21.97,,58.16,6/23/26,SURGERY,,NO,D12450Ki,26011208A2i,JACKSON_LABORATORIES,2105,,,2512-43492A
2561791010,NZO/HlLtJ,3739,6B,C8,370-F,1/20/26,F,LFD,25.16,22.02,53.15,6/23/26,SURGERY_RECOVERY_DAY_6,22.02,NO,D12450Ki,26011208A2i,JACKSON_LABORATORIES,2105,,,2512-43492A
2561791011,NZO/HlLtJ,3740,6B,D8,370-F,1/20/26,F,LFD,22.25,18.37,57.79,6/23/26,SURGERY_RECOVERY_DAY_8,18.37,NO,D12450Ki,26011208A2i,JACKSON_LABORATORIES,2105,,,2512-43492A
2561791012,NZO/HlLtJ,3741,6B,E8,370-F,1/20/26,F,LFD,22.36,17.96,55.05,6/23/26,SURGERY_RECOVERY_DAY_6,17.96,NO,D12450Ki,26011208A2i,JACKSON_LABORATORIES,2105,,,2512-43492A
2561791013,NZO/HlLtJ,3742,6B,G7,370-F,2/10/26,F,LFD,28.27,23.17,38.2,6/23/26,REGAIN_DAY_7,23.17,NO,D12450Ki,26011208A2i,JACKSON_LABORATORIES,2105,,,2512-43492A
2561791014,NZO/HlLtJ,3743,6B,A8,370-F,2/10/26,F,LFD,28,22.85,39.76,6/23/26,REGAIN_DAY_7,22.85,NO,D12450Ki,26011208A2i,JACKSON_LABORATORIES,2105,,,2512-43492A
2561791015,NZO/HlLtJ,3744,,CORE_CAGE_3,230-F,2/10/26,F,LFD,265.64,262.72,49.23,6/23/26,INJECT_DAY_3_10NMOL_KG,262.72,NO,D12450Ki,26011208A2i,JACKSON_LABORATORIES,2105,,,2512-43492A
2561791016,NZO/HlLtJ,3745,,CORE_CAGE_4,230-F,2/10/26,F,LFD,267.29,266.48,44.11,6/23/26,INJECT_DAY_3_10NMOL_KG,266.48,NO,D12450Ki,26011208A2i,JACKSON_LABORATORIES,2105,,,2512-43492A
2561791017,NZO/HlLtJ,3746,,CAGE_4,230-F,2/10/26,F,LFD,244.73,239.77,44.37,6/23/26,SABLE_DAY_4,272.43,YES,D12450Ki,26011208A2i,JACKSON_LABORATORIES,2105,,,2512-43492A
2561791018,NZO/HlLtJ,3747,6B,E8,370-F,2/3/26,F,LFD,29.75,23.84,37.75,6/23/26,REGAIN_DAY_6,23.84,NO,D12450Ki,26011208A2i,JACKSON_LABORATORIES,2105,,,2512-43492A
2561791019,NZO/HlLtJ,3748,,CORE_CAGE_7,230-F,2/3/26,F,LFD,266.18,265.47,45.55,6/23/26,INJECT_DAY_3_10NMOL_KG,265.47,NO,D12450Ki,26011208A2i,JACKSON_LABORATORIES,2105,,,2512-43492A
2561791020,NZO/HlLtJ,3749,6B,G8,370-F,2/3/26,F,LFD,35.13,33.64,35.56,6/23/26,,33.64,NO,D12450Ki,26011208A2i,JACKSON_LABORATORIES,2105,,,2512-43492A
2561791021,NZO/HlLtJ,3750,6B,A9,370-F,2/3/26,F,LFD,29.97,24.55,45.31,6/23/26,REGAIN_DAY_7,24.55,NO,D12450Ki,26011208A2i,JACKSON_LABORATORIES,2105,,,2512-43492A
2561791022,NZO/HlLtJ,3751,6B,B9,370-F,1/27/26,F,LFD,29.39,24.17,36.86,6/23/26,REGAIN_DAY_7,24.17,NO,D12450Ki,26011208A2i,JACKSON_LABORATORIES,2105,,,2512-43492A
2561791023,NZO/HlLtJ,3752,,CAGE_3,230-F,1/27/26,F,LFD,249.73,243.9,44.69,6/23/26,SABLE_DAY_4,271.18,YES,D12450Ki,26011208A2i,JACKSON_LABORATORIES,2105,,,2512-43492A
2561791024,NZO/HlLtJ,3753,6B,D9,370-F,1/27/26,F,LFD,40.43,37.51,38.5,6/23/26,REGAIN_DAY_2,37.51,NO,D12450Ki,26011208A2i,JACKSON_LABORATORIES,2105,,,2512-43492A
2561791002,NZO/HlLtJ,3731,3B,A7,370-F,1/13/26,F,LFD,19.1,15.58,49.43,6/24/26,SURGERY_RECOVERY_DAY_7,15.58,NO,D12450Ki,26011208A2i,JACKSON_LABORATORIES,2105,,,2512-43492A
2561791003,NZO/HlLtJ,3732,3B,B7,370-F,1/13/26,F,LFD,,,41.19,6/24/26,SURGERY_RECOVERY_DAY_1,,NO,D12450Ki,26011208A2i,JACKSON_LABORATORIES,2105,,,2512-43492A
2561791004,NZO/HlLtJ,3733,3B,C7,370-F,1/13/26,F,LFD,18.95,14.94,44.68,6/24/26,SURGERY_RECOVERY_DAY_6,14.94,NO,D12450Ki,26011208A2i,JACKSON_LABORATORIES,2105,,,2512-43492A
2561791006,NZO/HlLtJ,3735,3B,D7,370-F,1/20/26,F,LFD,17.52,13.17,48.71,6/24/26,SURGERY_RECOVERY_DAY_6,13.17,NO,D12450Ki,26011208A2i,JACKSON_LABORATORIES,2105,,,2512-43492A
2561791008,NZO/HlLtJ,3737,3B,A8,370-F,1/20/26,F,LFD,,,53.61,6/24/26,SURGERY_RECOVERY_DAY_1,,NO,D12450Ki,26011208A2i,JACKSON_LABORATORIES,2105,,,2512-43492A
2561791009,NZO/HlLtJ,3738,3B,B8,370-F,1/20/26,F,LFD,,,59.59,6/24/26,SURGERY_RECOVERY_DAY_1,,NO,D12450Ki,26011208A2i,JACKSON_LABORATORIES,2105,,,2512-43492A
2561791010,NZO/HlLtJ,3739,3B,C8,370-F,1/20/26,F,LFD,22.02,17.53,53.39,6/24/26,SURGERY_RECOVERY_DAY_7,17.53,NO,D12450Ki,26011208A2i,JACKSON_LABORATORIES,2105,,,2512-43492A
2561791011,NZO/HlLtJ,3740,3B,D8,370-F,1/20/26,F,LFD,18.37,13.87,57.07,6/24/26,SURGERY_RECOVERY_DAY_9,13.87,NO,D12450Ki,26011208A2i,JACKSON_LABORATORIES,2105,,,2512-43492A
2561791012,NZO/HlLtJ,3741,3B,A9,370-F,1/20/26,F,LFD,17.96,14.15,54.52,6/24/26,SURGERY_RECOVERY_DAY_7,14.15,NO,D12450Ki,26011208A2i,JACKSON_LABORATORIES,2105,,,2512-43492A
2561791013,NZO/HlLtJ,3742,3B,B9,370-F,2/10/26,F,LFD,23.17,18.96,38.65,6/24/26,REGAIN_DAY_8,18.96,NO,D12450Ki,26011208A2i,JACKSON_LABORATORIES,2105,,,2512-43492A
2561791014,NZO/HlLtJ,3743,3B,C9,370-F,2/10/26,F,LFD,22.85,18.59,39.83,6/24/26,REGAIN_DAY_8,18.59,NO,D12450Ki,26011208A2i,JACKSON_LABORATORIES,2105,,,2512-43492A
2561791015,NZO/HlLtJ,3744,,CORE_CAGE_3,230-F,2/10/26,F,LFD,262.72,260.69,47.94,6/24/26,INJECT_DAY_4_10NMOL_KG,260.69,NO,D12450Ki,26011208A2i,JACKSON_LABORATORIES,2105,,,2512-43492A
2561791016,NZO/HlLtJ,3745,,CORE_CAGE_4,230-F,2/10/26,F,LFD,266.48,265.79,42.87,6/24/26,INJECT_DAY_4_10NMOL_KG,265.79,NO,D12450Ki,26011208A2i,JACKSON_LABORATORIES,2105,,,2512-43492A
2561791017,NZO/HlLtJ,3746,,CORE_CAGE_5,230-F,2/10/26,F,LFD,272.43,270.6,43.77,6/24/26,INJECT_DAY_1_10NMOL_KG,270.6,NO,D12450Ki,26011208A2i,JACKSON_LABORATORIES,2105,,,2512-43492A
2561791018,NZO/HlLtJ,3747,3B,D9,370-F,2/3/26,F,LFD,23.84,17.17,40.26,6/24/26,REGAIN_DAY_7,17.17,NO,D12450Ki,26011208A2i,JACKSON_LABORATORIES,2105,,,2512-43492A
2561791019,NZO/HlLtJ,3748,,CORE_CAGE_7,230-F,2/3/26,F,LFD,265.47,264.51,44.26,6/24/26,INJECT_DAY_4_10NMOL_KG,264.51,NO,D12450Ki,26011208A2i,JACKSON_LABORATORIES,2105,,,2512-43492A
2561791020,NZO/HlLtJ,3749,3B,A10,370-F,2/3/26,F,LFD,33.64,29.86,35.83,6/24/26,,29.86,NO,D12450Ki,26011208A2i,JACKSON_LABORATORIES,2105,,,2512-43492A
2561791021,NZO/HlLtJ,3750,3B,B10,370-F,2/3/26,F,LFD,24.55,20.68,45.58,6/24/26,REGAIN_DAY_8,20.68,NO,D12450Ki,26011208A2i,JACKSON_LABORATORIES,2105,,,2512-43492A
2561791022,NZO/HlLtJ,3751,3B,C10,370-F,1/27/26,F,LFD,24.17,18.98,37.57,6/24/26,REGAIN_DAY_8,18.98,NO,D12450Ki,26011208A2i,JACKSON_LABORATORIES,2105,,,2512-43492A
2561791023,NZO/HlLtJ,3752,,CORE_CAGE_11,230-F,1/27/26,F,LFD,271.18,268.11,45.25,6/24/26,INJECT_DAY_1_10NMOL_KG,268.11,NO,D12450Ki,26011208A2i,JACKSON_LABORATORIES,2105,,,2512-43492A
2561791024,NZO/HlLtJ,3753,3B,D10,370-F,1/27/26,F,LFD,37.51,31.76,40.92,6/24/26,REGAIN_DAY_3,31.76,NO,D12450Ki,26011208A2i,JACKSON_LABORATORIES,2105,,,2512-43492A
2561791002,NZO/HlLtJ,3731,3B,A7,370-F,1/13/26,F,LFD,,,,6/25/26,SURGERY_RECOVERY_DAY_8,,NO,D12450Ki,26011208A2i,JACKSON_LABORATORIES,2105,,,2512-43492A
2561791003,NZO/HlLtJ,3732,3B,B7,370-F,1/13/26,F,LFD,,,40.3,6/25/26,SURGERY_RECOVERY_DAY_2,,NO,D12450Ki,26011208A2i,JACKSON_LABORATORIES,2105,,,2512-43492A
2561791004,NZO/HlLtJ,3733,3B,C7,370-F,1/13/26,F,LFD,,,,6/25/26,SURGERY_RECOVERY_DAY_7,,NO,D12450Ki,26011208A2i,JACKSON_LABORATORIES,2105,,,2512-43492A
2561791006,NZO/HlLtJ,3735,3B,D7,370-F,1/20/26,F,LFD,,,,6/25/26,SURGERY_RECOVERY_DAY_7,,NO,D12450Ki,26011208A2i,JACKSON_LABORATORIES,2105,,,2512-43492A
2561791008,NZO/HlLtJ,3737,3B,A8,370-F,1/20/26,F,LFD,,,53.7,6/25/26,SURGERY_RECOVERY_DAY_2,,NO,D12450Ki,26011208A2i,JACKSON_LABORATORIES,2105,,,2512-43492A
2561791009,NZO/HlLtJ,3738,3B,B8,370-F,1/20/26,F,LFD,,,58.3,6/25/26,SURGERY_RECOVERY_DAY_2,,NO,D12450Ki,26011208A2i,JACKSON_LABORATORIES,2105,,,2512-43492A
2561791010,NZO/HlLtJ,3739,3B,C8,370-F,1/20/26,F,LFD,,,,6/25/26,SURGERY_RECOVERY_DAY_8,,NO,D12450Ki,26011208A2i,JACKSON_LABORATORIES,2105,,,2512-43492A
2561791011,NZO/HlLtJ,3740,3B,D8,370-F,1/20/26,F,LFD,,,,6/25/26,SURGERY_RECOVERY_DAY_10,,NO,D12450Ki,26011208A2i,JACKSON_LABORATORIES,2105,,,2512-43492A
2561791012,NZO/HlLtJ,3741,3B,A9,370-F,1/20/26,F,LFD,,,,6/25/26,SURGERY_RECOVERY_DAY_8,,NO,D12450Ki,26011208A2i,JACKSON_LABORATORIES,2105,,,2512-43492A
2561791013,NZO/HlLtJ,3742,3B,B9,370-F,2/10/26,F,LFD,,,,6/25/26,REGAIN_DAY_9,,NO,D12450Ki,26011208A2i,JACKSON_LABORATORIES,2105,,,2512-43492A
2561791014,NZO/HlLtJ,3743,3B,C9,370-F,2/10/26,F,LFD,,,,6/25/26,REGAIN_DAY_9,,NO,D12450Ki,26011208A2i,JACKSON_LABORATORIES,2105,,,2512-43492A
2561791015,NZO/HlLtJ,3744,,CORE_CAGE_3,230-F,2/10/26,F,LFD,260.69,258.5,47.06,6/25/26,INJECT_DAY_5_10NMOL_KG,258.5,NO,D12450Ki,26011208A2i,JACKSON_LABORATORIES,2105,,,2512-43492A
2561791016,NZO/HlLtJ,3745,,CORE_CAGE_4,230-F,2/10/26,F,LFD,265.79,264.88,41.63,6/25/26,INJECT_DAY_5_10NMOL_KG,264.88,NO,D12450Ki,26011208A2i,JACKSON_LABORATORIES,2105,,,2512-43492A
2561791017,NZO/HlLtJ,3746,,CORE_CAGE_5,230-F,2/10/26,F,LFD,270.6,269.62,42.36,6/25/26,INJECT_DAY_2_10NMOL_KG,269.62,NO,D12450Ki,26011208A2i,JACKSON_LABORATORIES,2105,,,2512-43492A
2561791018,NZO/HlLtJ,3747,3B,D9,370-F,2/3/26,F,LFD,,,,6/25/26,REGAIN_DAY_8,,NO,D12450Ki,26011208A2i,JACKSON_LABORATORIES,2105,,,2512-43492A
2561791019,NZO/HlLtJ,3748,,CORE_CAGE_7,230-F,2/3/26,F,LFD,264.51,263.83,42.74,6/25/26,INJECT_DAY_5_10NMOL_KG,263.83,NO,D12450Ki,26011208A2i,JACKSON_LABORATORIES,2105,,,2512-43492A
2561791020,NZO/HlLtJ,3749,3B,A10,370-F,2/3/26,F,LFD,,,,6/25/26,,,NO,D12450Ki,26011208A2i,JACKSON_LABORATORIES,2105,,,2512-43492A
2561791021,NZO/HlLtJ,3750,3B,B10,370-F,2/3/26,F,LFD,,,,6/25/26,REGAIN_DAY_9,,NO,D12450Ki,26011208A2i,JACKSON_LABORATORIES,2105,,,2512-43492A
2561791022,NZO/HlLtJ,3751,3B,C10,370-F,1/27/26,F,LFD,,,,6/25/26,REGAIN_DAY_9,,NO,D12450Ki,26011208A2i,JACKSON_LABORATORIES,2105,,,2512-43492A
2561791023,NZO/HlLtJ,3752,,CORE_CAGE_11,230-F,1/27/26,F,LFD,268.11,266.35,43.25,6/25/26,INJECT_DAY_2_10NMOL_KG,266.35,NO,D12450Ki,26011208A2i,JACKSON_LABORATORIES,2105,,,2512-43492A
2561791024,NZO/HlLtJ,3753,3B,D10,370-F,1/27/26,F,LFD,,,,6/25/26,REGAIN_DAY_4,,NO,D12450Ki,26011208A2i,JACKSON_LABORATORIES,2105,,,2512-43492A
2561791002,NZO/HlLtJ,3731,3B,A7,370-F,1/13/26,F,LFD,15.58,4.51,51.3,6/26/26,SURGERY_RECOVERY_DAY_9,20.3,NO,D12450Ki,26011208A2i,JACKSON_LABORATORIES,2105,,,2512-43492A
2561791003,NZO/HlLtJ,3732,3B,B7,370-F,1/13/26,F,LFD,,,40.72,6/26/26,SURGERY_RECOVERY_DAY_3,20.51,NO,D12450Ki,26011208A2i,JACKSON_LABORATORIES,2105,,,2512-43492A
2561791004,NZO/HlLtJ,3733,3B,C7,370-F,1/13/26,F,LFD,14.94,3.27,46.36,6/26/26,SURGERY_RECOVERY_DAY_8,20.12,NO,D12450Ki,26011208A2i,JACKSON_LABORATORIES,2105,,,2512-43492A
2561791006,NZO/HlLtJ,3735,3B,D7,370-F,1/20/26,F,LFD,13.17,2.03,50.26,6/26/26,SURGERY_RECOVERY_DAY_8,20.26,NO,D12450Ki,26011208A2i,JACKSON_LABORATORIES,2105,,,2512-43492A
2561791008,NZO/HlLtJ,3737,3B,A8,370-F,1/20/26,F,LFD,,,53.92,6/26/26,SURGERY_RECOVERY_DAY_3,19.56,NO,D12450Ki,26011208A2i,JACKSON_LABORATORIES,2105,,,2512-43492A
2561791009,NZO/HlLtJ,3738,3B,B8,370-F,1/20/26,F,LFD,,,56.7,6/26/26,SURGERY_RECOVERY_DAY_3,21.47,NO,D12450Ki,26011208A2i,JACKSON_LABORATORIES,2105,,,2512-43492A
2561791010,NZO/HlLtJ,3739,3B,C8,370-F,1/20/26,F,LFD,17.53,6.75,54.14,6/26/26,SURGERY_RECOVERY_DAY_9,19.46,NO,D12450Ki,26011208A2i,JACKSON_LABORATORIES,2105,,,2512-43492A
2561791011,NZO/HlLtJ,3740,3B,D8,370-F,1/20/26,F,LFD,13.87,4.53,57.23,6/26/26,SURGERY_RECOVERY_DAY_11,22.85,NO,D12450Ki,26011208A2i,JACKSON_LABORATORIES,2105,,,2512-43492A
2561791012,NZO/HlLtJ,3741,3B,A9,370-F,1/20/26,F,LFD,14.15,1.02,56.48,6/26/26,SURGERY_RECOVERY_DAY_9,20.6,NO,D12450Ki,26011208A2i,JACKSON_LABORATORIES,2105,,,2512-43492A
2561791013,NZO/HlLtJ,3742,3B,B9,370-F,2/10/26,F,LFD,18.96,5.96,41.48,6/26/26,REGAIN_DAY_10,23.08,NO,D12450Ki,26011208A2i,JACKSON_LABORATORIES,2105,,,2512-43492A
2561791014,NZO/HlLtJ,3743,3B,C9,370-F,2/10/26,F,LFD,18.59,8.07,41.06,6/26/26,REGAIN_DAY_10,18.34,NO,D12450Ki,26011208A2i,JACKSON_LABORATORIES,2105,,,2512-43492A
2561791015,NZO/HlLtJ,3744,,CORE_CAGE_3,230-F,2/10/26,F,LFD,258.5,255.62,46.65,6/26/26,INJECT_DAY_6_10NMOL_KG,255.62,NO,D12450Ki,26011208A2i,JACKSON_LABORATORIES,2105,,,2512-43492A
2561791016,NZO/HlLtJ,3745,,CORE_CAGE_4,230-F,2/10/26,F,LFD,264.88,263.12,41.1,6/26/26,INJECT_DAY_6_10NMOL_KG,263.12,NO,D12450Ki,26011208A2i,JACKSON_LABORATORIES,2105,,,2512-43492A
2561791017,NZO/HlLtJ,3746,,CORE_CAGE_5,230-F,2/10/26,F,LFD,269.62,268.89,40.81,6/26/26,INJECT_DAY_3_10NMOL_KG,268.89,NO,D12450Ki,26011208A2i,JACKSON_LABORATORIES,2105,,,2512-43492A
2561791018,NZO/HlLtJ,3747,3B,D9,370-F,2/3/26,F,LFD,17.17,2.47,42.57,6/26/26,REGAIN_DAY_9,22.46,NO,D12450Ki,26011208A2i,JACKSON_LABORATORIES,2105,,,2512-43492A
2561791019,NZO/HlLtJ,3748,,CORE_CAGE_7,230-F,2/3/26,F,LFD,263.83,261.83,42.73,6/26/26,INJECT_DAY_6_10NMOL_KG,261.83,NO,D12450Ki,26011208A2i,JACKSON_LABORATORIES,2105,,,2512-43492A
2561791020,NZO/HlLtJ,3749,3B,A10,370-F,2/3/26,F,LFD,29.86,23.57,35.79,6/26/26,,23.57,NO,D12450Ki,26011208A2i,JACKSON_LABORATORIES,2105,,,2512-43492A
2561791021,NZO/HlLtJ,3750,3B,B10,370-F,2/3/26,F,LFD,20.68,9.51,47.02,6/26/26,REGAIN_DAY_10,22.57,NO,D12450Ki,26011208A2i,JACKSON_LABORATORIES,2105,,,2512-43492A
2561791022,NZO/HlLtJ,3751,3B,C10,370-F,1/27/26,F,LFD,18.98,6.1,39.71,6/26/26,REGAIN_DAY_10,22.96,NO,D12450Ki,26011208A2i,JACKSON_LABORATORIES,2105,,,2512-43492A
2561791023,NZO/HlLtJ,3752,,CORE_CAGE_11,230-F,1/27/26,F,LFD,266.35,265.19,42.56,6/26/26,INJECT_DAY_3_10NMOL_KG,265.19,NO,D12450Ki,26011208A2i,JACKSON_LABORATORIES,2105,,,2512-43492A
2561791024,NZO/HlLtJ,3753,3B,D10,370-F,1/27/26,F,LFD,31.76,18.67,43.68,6/26/26,REGAIN_DAY_5,23.2,NO,D12450Ki,26011208A2i,JACKSON_LABORATORIES,2105,,,2512-43492A
2561791002,NZO/HlLtJ,3731,3B,A7,370-F,1/13/26,F,LFD,20.3,16.68,49.77,6/27/26,SURGERY_RECOVERY_DAY_10,16.68,NO,D12450Ki,26011208A2i,JACKSON_LABORATORIES,2105,,,2512-43492A
2561791003,NZO/HlLtJ,3732,3B,B7,370-F,1/13/26,F,LFD,20.51,18.43,39.82,6/27/26,SURGERY_RECOVERY_DAY_4,18.43,NO,D12450Ki,26011208A2i,JACKSON_LABORATORIES,2105,,,2512-43492A
2561791004,NZO/HlLtJ,3733,3B,C7,370-F,1/13/26,F,LFD,20.12,16.13,46.7,6/27/26,SURGERY_RECOVERY_DAY_9,16.13,NO,D12450Ki,26011208A2i,JACKSON_LABORATORIES,2105,,,2512-43492A
2561791006,NZO/HlLtJ,3735,3B,D7,370-F,1/20/26,F,LFD,20.26,16.16,49.7,6/27/26,SURGERY_RECOVERY_DAY_9,16.16,NO,D12450Ki,26011208A2i,JACKSON_LABORATORIES,2105,,,2512-43492A
2561791008,NZO/HlLtJ,3737,3B,A8,370-F,1/20/26,F,LFD,19.56,17.08,52.98,6/27/26,SURGERY_RECOVERY_DAY_4,17.08,NO,D12450Ki,26011208A2i,JACKSON_LABORATORIES,2105,,,2512-43492A
2561791009,NZO/HlLtJ,3738,3B,B8,370-F,1/20/26,F,LFD,21.47,19.17,55.66,6/27/26,SURGERY_RECOVERY_DAY_4,19.17,NO,D12450Ki,26011208A2i,JACKSON_LABORATORIES,2105,,,2512-43492A
2561791010,NZO/HlLtJ,3739,3B,C8,370-F,1/20/26,F,LFD,19.46,14.68,54.09,6/27/26,SURGERY_RECOVERY_DAY_10,14.68,NO,D12450Ki,26011208A2i,JACKSON_LABORATORIES,2105,,,2512-43492A
2561791011,NZO/HlLtJ,3740,3B,D8,370-F,1/20/26,F,LFD,22.85,19.27,57.03,6/27/26,SURGERY_RECOVERY_DAY_12,19.27,NO,D12450Ki,26011208A2i,JACKSON_LABORATORIES,2105,,,2512-43492A
2561791012,NZO/HlLtJ,3741,3B,A9,370-F,1/20/26,F,LFD,20.6,16.18,55.87,6/27/26,SURGERY_RECOVERY_DAY_13,16.18,NO,D12450Ki,26011208A2i,JACKSON_LABORATORIES,2105,,,2512-43492A
2561791013,NZO/HlLtJ,3742,3B,B9,370-F,2/10/26,F,LFD,23.08,18.1,42.31,6/27/26,REGAIN_DAY_11,18.1,NO,D12450Ki,26011208A2i,JACKSON_LABORATORIES,2105,,,2512-43492A
2561791014,NZO/HlLtJ,3743,3B,C9,370-F,2/10/26,F,LFD,18.34,13.34,42.11,6/27/26,REGAIN_DAY_11,13.34,NO,D12450Ki,26011208A2i,JACKSON_LABORATORIES,2105,,,2512-43492A
2561791015,NZO/HlLtJ,3744,,CORE_CAGE_3,230-F,2/10/26,F,LFD,255.62,252.19,47.02,6/27/26,INJECT_DAY_7_10NMOL_KG,252.19,NO,D12450Ki,26011208A2i,JACKSON_LABORATORIES,2105,,,2512-43492A
2561791016,NZO/HlLtJ,3745,,CORE_CAGE_4,230-F,2/10/26,F,LFD,263.12,260.92,40.76,6/27/26,INJECT_DAY_7_10NMOL_KG,260.92,NO,D12450Ki,26011208A2i,JACKSON_LABORATORIES,2105,,,2512-43492A
2561791017,NZO/HlLtJ,3746,,CORE_CAGE_5,230-F,2/10/26,F,LFD,268.89,268.12,39.86,6/27/26,INJECT_DAY_4_10NMOL_KG,268.12,NO,D12450Ki,26011208A2i,JACKSON_LABORATORIES,2105,,,2512-43492A
2561791018,NZO/HlLtJ,3747,3B,D9,370-F,2/3/26,F,LFD,22.46,17.95,41.89,6/27/26,REGAIN_DAY_10,17.95,NO,D12450Ki,26011208A2i,JACKSON_LABORATORIES,2105,,,2512-43492A
2561791019,NZO/HlLtJ,3748,,CORE_CAGE_7,230-F,2/3/26,F,LFD,261.83,259.45,42.29,6/27/26,INJECT_DAY_7_10NMOL_KG,259.45,NO,D12450Ki,26011208A2i,JACKSON_LABORATORIES,2105,,,2512-43492A
2561791020,NZO/HlLtJ,3749,3B,A10,370-F,2/3/26,F,LFD,,,,6/27/26,,,NO,D12450Ki,26011208A2i,JACKSON_LABORATORIES,2105,,,2512-43492A
2561791021,NZO/HlLtJ,3750,3B,B10,370-F,2/3/26,F,LFD,22.57,18.94,46.67,6/27/26,REGAIN_DAY_11,18.94,NO,D12450Ki,26011208A2i,JACKSON_LABORATORIES,2105,,,2512-43492A
2561791022,NZO/HlLtJ,3751,3B,C10,370-F,1/27/26,F,LFD,22.96,18.32,40.15,6/27/26,REGAIN_DAY_11,18.32,NO,D12450Ki,26011208A2i,JACKSON_LABORATORIES,2105,,,2512-43492A
2561791023,NZO/HlLtJ,3752,,CORE_CAGE_11,230-F,1/27/26,F,LFD,265.19,264.29,41.12,6/27/26,INJECT_DAY_4_10NMOL_KG,264.29,NO,D12450Ki,26011208A2i,JACKSON_LABORATORIES,2105,,,2512-43492A
2561791024,NZO/HlLtJ,3753,3B,D10,370-F,1/27/26,F,LFD,23.2,16.76,45.16,6/27/26,REGAIN_DAY_6,16.76,NO,D12450Ki,26011208A2i,JACKSON_LABORATORIES,2105,,,2512-43492A
2561791002,NZO/HlLtJ,3731,3B,A7,370-F,1/13/26,F,LFD,,,,6/28/26,SURGERY_RECOVERY_DAY_11,,NO,D12450Ki,26011208A2i,JACKSON_LABORATORIES,2105,,,2512-43492A
2561791003,NZO/HlLtJ,3732,3B,B7,370-F,1/13/26,F,LFD,,,,6/28/26,SURGERY_RECOVERY_DAY_5,,NO,D12450Ki,26011208A2i,JACKSON_LABORATORIES,2105,,,2512-43492A
2561791004,NZO/HlLtJ,3733,3B,C7,370-F,1/13/26,F,LFD,,,,6/28/26,SURGERY_RECOVERY_DAY_10,,NO,D12450Ki,26011208A2i,JACKSON_LABORATORIES,2105,,,2512-43492A
2561791006,NZO/HlLtJ,3735,3B,D7,370-F,1/20/26,F,LFD,,,,6/28/26,SURGERY_RECOVERY_DAY_10,,NO,D12450Ki,26011208A2i,JACKSON_LABORATORIES,2105,,,2512-43492A
2561791008,NZO/HlLtJ,3737,3B,A8,370-F,1/20/26,F,LFD,,,,6/28/26,SURGERY_RECOVERY_DAY_5,,NO,D12450Ki,26011208A2i,JACKSON_LABORATORIES,2105,,,2512-43492A
2561791009,NZO/HlLtJ,3738,3B,B8,370-F,1/20/26,F,LFD,,,,6/28/26,SURGERY_RECOVERY_DAY_5,,NO,D12450Ki,26011208A2i,JACKSON_LABORATORIES,2105,,,2512-43492A
2561791010,NZO/HlLtJ,3739,3B,C8,370-F,1/20/26,F,LFD,,,,6/28/26,SURGERY_RECOVERY_DAY_11,,NO,D12450Ki,26011208A2i,JACKSON_LABORATORIES,2105,,,2512-43492A
2561791011,NZO/HlLtJ,3740,3B,D8,370-F,1/20/26,F,LFD,,,,6/28/26,SURGERY_RECOVERY_DAY_13,,NO,D12450Ki,26011208A2i,JACKSON_LABORATORIES,2105,,,2512-43492A
2561791012,NZO/HlLtJ,3741,3B,A9,370-F,1/20/26,F,LFD,,,,6/28/26,SURGERY_RECOVERY_DAY_14,,NO,D12450Ki,26011208A2i,JACKSON_LABORATORIES,2105,,,2512-43492A
2561791013,NZO/HlLtJ,3742,3B,B9,370-F,2/10/26,F,LFD,,,,6/28/26,REGAIN_DAY_12,,NO,D12450Ki,26011208A2i,JACKSON_LABORATORIES,2105,,,2512-43492A
2561791014,NZO/HlLtJ,3743,3B,C9,370-F,2/10/26,F,LFD,,,,6/28/26,REGAIN_DAY_12,,NO,D12450Ki,26011208A2i,JACKSON_LABORATORIES,2105,,,2512-43492A
2561791015,NZO/HlLtJ,3744,,CORE_CAGE_3,230-F,2/10/26,F,LFD,252.19,249.34,46.67,6/28/26,INJECT_DAY_1_15NMOL_KG,249.34,NO,D12450Ki,26011208A2i,JACKSON_LABORATORIES,2105,,,2512-43492A
2561791016,NZO/HlLtJ,3745,,CORE_CAGE_4,230-F,2/10/26,F,LFD,260.92,257.51,41.1,6/28/26,INJECT_DAY_1_15NMOL_KG,257.51,NO,D12450Ki,26011208A2i,JACKSON_LABORATORIES,2105,,,2512-43492A
2561791017,NZO/HlLtJ,3746,,CORE_CAGE_5,230-F,2/10/26,F,LFD,268.12,267.01,38.75,6/28/26,INJECT_DAY_5_10NMOL_KG,267.01,NO,D12450Ki,26011208A2i,JACKSON_LABORATORIES,2105,,,2512-43492A
2561791018,NZO/HlLtJ,3747,3B,D9,370-F,2/3/26,F,LFD,,,,6/28/26,REGAIN_DAY_11,,NO,D12450Ki,26011208A2i,JACKSON_LABORATORIES,2105,,,2512-43492A
2561791019,NZO/HlLtJ,3748,,CORE_CAGE_7,230-F,2/3/26,F,LFD,259.45,256.75,42.37,6/28/26,INJECT_DAY_1_15NMOL_KG,256.75,NO,D12450Ki,26011208A2i,JACKSON_LABORATORIES,2105,,,2512-43492A
2561791020,NZO/HlLtJ,3749,3B,A10,370-F,2/3/26,F,LFD,,,,6/28/26,,,NO,D12450Ki,26011208A2i,JACKSON_LABORATORIES,2105,,,2512-43492A
2561791021,NZO/HlLtJ,3750,3B,B10,370-F,2/3/26,F,LFD,,,,6/28/26,REGAIN_DAY_12,,NO,D12450Ki,26011208A2i,JACKSON_LABORATORIES,2105,,,2512-43492A
2561791022,NZO/HlLtJ,3751,3B,C10,370-F,1/27/26,F,LFD,,,,6/28/26,REGAIN_DAY_12,,NO,D12450Ki,26011208A2i,JACKSON_LABORATORIES,2105,,,2512-43492A
2561791023,NZO/HlLtJ,3752,,CORE_CAGE_11,230-F,1/27/26,F,LFD,264.29,263.24,40.22,6/28/26,INJECT_DAY_5_10NMOL_KG,263.24,NO,D12450Ki,26011208A2i,JACKSON_LABORATORIES,2105,,,2512-43492A
2561791024,NZO/HlLtJ,3753,3B,D10,370-F,1/27/26,F,LFD,,,,6/28/26,REGAIN_DAY_7,,NO,D12450Ki,26011208A2i,JACKSON_LABORATORIES,2105,,,2512-43492A
2561791002,NZO/HlLtJ,3731,3B,A7,370-F,1/13/26,F,LFD,16.68,5.98,51.88,6/29/26,SURGERY_RECOVERY_DAY_12,21.74,NO,D12450Ki,26011208A2i,JACKSON_LABORATORIES,2105,,,2512-43492A
2561791003,NZO/HlLtJ,3732,3B,B7,370-F,1/13/26,F,LFD,18.43,11.04,40.43,6/29/26,SURGERY_RECOVERY_DAY_6,20.56,NO,D12450Ki,26011208A2i,JACKSON_LABORATORIES,2105,,,2512-43492A
2561791004,NZO/HlLtJ,3733,3B,C7,370-F,1/13/26,F,LFD,16.13,6.8,47.48,6/29/26,SURGERY_RECOVERY_DAY_11,22.32,NO,D12450Ki,26011208A2i,JACKSON_LABORATORIES,2105,,,2512-43492A
2561791006,NZO/HlLtJ,3735,3B,D7,370-F,1/20/26,F,LFD,16.16,3.9,53.16,6/29/26,SURGERY_RECOVERY_DAY_11,20.16,NO,D12450Ki,26011208A2i,JACKSON_LABORATORIES,2105,,,2512-43492A
2561791008,NZO/HlLtJ,3737,3B,A8,370-F,1/20/26,F,LFD,17.08,8.89,54.36,6/29/26,SURGERY_RECOVERY_DAY_6,21.86,NO,D12450Ki,26011208A2i,JACKSON_LABORATORIES,2105,,,2512-43492A
2561791009,NZO/HlLtJ,3738,3B,B8,370-F,1/20/26,F,LFD,19.17,12.04,55.55,6/29/26,SURGERY_RECOVERY_DAY_6,20.16,NO,D12450Ki,26011208A2i,JACKSON_LABORATORIES,2105,,,2512-43492A
2561791010,NZO/HlLtJ,3739,3B,C8,370-F,1/20/26,F,LFD,14.68,2.28,55.71,6/29/26,SURGERY_RECOVERY_DAY_12,19.28,NO,D12450Ki,26011208A2i,JACKSON_LABORATORIES,2105,,,2512-43492A
2561791011,NZO/HlLtJ,3740,3B,D8,370-F,1/20/26,F,LFD,19.27,10.42,58,6/29/26,SURGERY_RECOVERY_DAY_14,20.61,NO,D12450Ki,26011208A2i,JACKSON_LABORATORIES,2105,,,2512-43492A
2561791012,NZO/HlLtJ,3741,3B,A9,370-F,1/20/26,F,LFD,16.18,3.45,58.21,6/29/26,SURGERY_RECOVERY_DAY_15,19.07,NO,D12450Ki,26011208A2i,JACKSON_LABORATORIES,2105,,,2512-43492A
2561791013,NZO/HlLtJ,3742,3B,B9,370-F,2/10/26,F,LFD,18.1,7.54,43.7,6/29/26,REGAIN_DAY_13,26.36,NO,D12450Ki,26011208A2i,JACKSON_LABORATORIES,2105,,,2512-43492A
2561791014,NZO/HlLtJ,3743,3B,C9,370-F,2/10/26,F,LFD,13.34,3.67,42.93,6/29/26,REGAIN_DAY_13,26.48,NO,D12450Ki,26011208A2i,JACKSON_LABORATORIES,2105,,,2512-43492A
2561791015,NZO/HlLtJ,3744,,CORE_CAGE_3,230-F,2/10/26,F,LFD,249.34,246.5,45.51,6/29/26,INJECT_DAY_2_15NMOL_KG,280.45,NO,D12450Ki,26011208A2i,JACKSON_LABORATORIES,2105,,,2512-43492A
2561791016,NZO/HlLtJ,3745,,CORE_CAGE_4,230-F,2/10/26,F,LFD,257.51,254.69,40.5,6/29/26,INJECT_DAY_2_15NMOL_KG,280.88,NO,D12450Ki,26011208A2i,JACKSON_LABORATORIES,2105,,,2512-43492A
2561791017,NZO/HlLtJ,3746,,CORE_CAGE_5,230-F,2/10/26,F,LFD,267.01,265.69,38.16,6/29/26,INJECT_DAY_6_10NMOL_KG,281.42,NO,D12450Ki,26011208A2i,JACKSON_LABORATORIES,2105,,,2512-43492A
2561791018,NZO/HlLtJ,3747,3B,D9,370-F,2/3/26,F,LFD,17.95,5.78,44.36,6/29/26,REGAIN_DAY_12,28.32,NO,D12450Ki,26011208A2i,JACKSON_LABORATORIES,2105,,,2512-43492A
2561791019,NZO/HlLtJ,3748,,CORE_CAGE_7,230-F,2/3/26,F,LFD,256.75,254.71,41.13,6/29/26,INJECT_DAY_2_15NMOL_KG,279.66,NO,D12450Ki,26011208A2i,JACKSON_LABORATORIES,2105,,,2512-43492A
2561791020,NZO/HlLtJ,3749,3B,A10,370-F,2/3/26,F,LFD,23.57,10.61,37.09,6/29/26,,27.27,NO,D12450Ki,26011208A2i,JACKSON_LABORATORIES,2105,,,2512-43492A
2561791021,NZO/HlLtJ,3750,3B,B10,370-F,2/3/26,F,LFD,18.94,8.58,48.67,6/29/26,REGAIN_DAY_13,28.29,NO,D12450Ki,26011208A2i,JACKSON_LABORATORIES,2105,,,2512-43492A
2561791022,NZO/HlLtJ,3751,3B,C10,370-F,1/27/26,F,LFD,18.32,8.39,40.79,6/29/26,REGAIN_DAY_13,27.48,NO,D12450Ki,26011208A2i,JACKSON_LABORATORIES,2105,,,2512-43492A
2561791023,NZO/HlLtJ,3752,,CORE_CAGE_11,230-F,1/27/26,F,LFD,263.24,262.18,38.86,6/29/26,INJECT_DAY_6_10NMOL_KG,280.02,NO,D12450Ki,26011208A2i,JACKSON_LABORATORIES,2105,,,2512-43492A
2561791024,NZO/HlLtJ,3753,3B,D10,370-F,1/27/26,F,LFD,16.76,4.98,46.8,6/29/26,REGAIN_DAY_8,27.05,NO,D12450Ki,26011208A2i,JACKSON_LABORATORIES,2105,,,2512-43492A
2561791002,NZO/HlLtJ,3731,,ACC_CAGE_1,230-F,1/13/26,F,LFD,21.74,17.8,51.85,6/30/26,DAY_1_ACC_SABLE,286.85,NO,D12450Ki,26011208A2i,JACKSON_LABORATORIES,2105,,,2512-43492A
2561791003,NZO/HlLtJ,3732,,ACC_CAGE_2,230-F,1/13/26,F,LFD,20.56,19.85,39.84,6/30/26,DAY_1_ACC_SABLE_SURGERY_RECOVERY_DAY_7,286.84,NO,D12450Ki,26011208A2i,JACKSON_LABORATORIES,2105,,,2512-43492A
2561791004,NZO/HlLtJ,3733,,ACC_CAGE_3,230-F,1/13/26,F,LFD,22.32,17.94,48.48,6/30/26,DAY_1_ACC_SABLE,286.31,NO,D12450Ki,26011208A2i,JACKSON_LABORATORIES,2105,,,2512-43492A
2561791006,NZO/HlLtJ,3735,,ACC_CAGE_4,230-F,1/20/26,F,LFD,20.16,16.41,52.51,6/30/26,DAY_1_ACC_SABLE,286.28,NO,D12450Ki,26011208A2i,JACKSON_LABORATORIES,2105,,,2512-43492A
2561791008,NZO/HlLtJ,3737,,ACC_CAGE_5,230-F,1/20/26,F,LFD,21.86,18.29,53.77,6/30/26,DAY_1_ACC_SABLE_SURGERY_RECOVERY_DAY_7,285.55,NO,D12450Ki,26011208A2i,JACKSON_LABORATORIES,2105,,,2512-43492A
2561791009,NZO/HlLtJ,3738,,ACC_CAGE_6,230-F,1/20/26,F,LFD,20.16,15.86,56.05,6/30/26,DAY_1_ACC_SABLE_SURGERY_RECOVERY_DAY_7,293.7,NO,D12450Ki,26011208A2i,JACKSON_LABORATORIES,2105,,,2512-43492A
2561791010,NZO/HlLtJ,3739,,ACC_CAGE_7,230-F,1/20/26,F,LFD,19.28,14.53,56.79,6/30/26,DAY_1_ACC_SABLE,286.38,NO,D12450Ki,26011208A2i,JACKSON_LABORATORIES,2105,,,2512-43492A
2561791011,NZO/HlLtJ,3740,,ACC_CAGE_8,230-F,1/20/26,F,LFD,20.61,16.72,58.21,6/30/26,DAY_1_ACC_SABLE,285.94,NO,D12450Ki,26011208A2i,JACKSON_LABORATORIES,2105,,,2512-43492A
2561791012,NZO/HlLtJ,3741,,ACC_CAGE_9,230-F,1/20/26,F,LFD,19.07,14.33,58.69,6/30/26,DAY_1_ACC_SABLE,282.98,NO,D12450Ki,26011208A2i,JACKSON_LABORATORIES,2105,,,2512-43492A
2561791013,NZO/HlLtJ,3742,3B,B9,370-F,2/10/26,F,LFD,,,,6/30/26,REGAIN_DAY_14,,NO,D12450Ki,26011208A2i,JACKSON_LABORATORIES,2105,,,2512-43492A
2561791014,NZO/HlLtJ,3743,3B,C9,370-F,2/10/26,F,LFD,,,,6/30/26,REGAIN_DAY_14,,NO,D12450Ki,26011208A2i,JACKSON_LABORATORIES,2105,,,2512-43492A
2561791015,NZO/HlLtJ,3744,,CAGE_1,230-F,2/10/26,F,LFD,280.45,280.12,44.06,6/30/26,SABLE_DAY_1_INJECT_DAY_3_15NMOL_KG,280.12,YES,D12450Ki,26011208A2i,JACKSON_LABORATORIES,2105,,,2512-43492A
2561791016,NZO/HlLtJ,3745,,CAGE_2,230-F,2/10/26,F,LFD,280.88,280.32,39.22,6/30/26,SABLE_DAY_1_INJECT_DAY_3_15NMOL_KG,280.32,YES,D12450Ki,26011208A2i,JACKSON_LABORATORIES,2105,,,2512-43492A
2561791017,NZO/HlLtJ,3746,,CORE_CAGE_5,230-F,2/10/26,F,LFD,281.42,281.12,37.47,6/30/26,INJECT_DAY_7_10NMOL_KG,281.12,NO,D12450Ki,26011208A2i,JACKSON_LABORATORIES,2105,,,2512-43492A
2561791018,NZO/HlLtJ,3747,3B,D9,370-F,2/3/26,F,LFD,,,,6/30/26,REGAIN_DAY_13,,NO,D12450Ki,26011208A2i,JACKSON_LABORATORIES,2105,,,2512-43492A
2561791019,NZO/HlLtJ,3748,,CAGE_4,230-F,2/3/26,F,LFD,279.66,279.61,40.2,6/30/26,SABLE_DAY_1_INJECT_DAY_3_15NMOL_KG,279.61,YES,D12450Ki,26011208A2i,JACKSON_LABORATORIES,2105,,,2512-43492A
2561791020,NZO/HlLtJ,3749,3B,A10,370-F,2/3/26,F,LFD,,,,6/30/26,,,NO,D12450Ki,26011208A2i,JACKSON_LABORATORIES,2105,,,2512-43492A
2561791021,NZO/HlLtJ,3750,3B,B10,370-F,2/3/26,F,LFD,,,,6/30/26,REGAIN_DAY_14,,NO,D12450Ki,26011208A2i,JACKSON_LABORATORIES,2105,,,2512-43492A
2561791022,NZO/HlLtJ,3751,3B,C10,370-F,1/27/26,F,LFD,,,,6/30/26,REGAIN_DAY_14,,NO,D12450Ki,26011208A2i,JACKSON_LABORATORIES,2105,,,2512-43492A
2561791023,NZO/HlLtJ,3752,,CORE_CAGE_11,230-F,1/27/26,F,LFD,280.02,279.66,38.14,6/30/26,INJECT_DAY_7_10NMOL_KG,279.66,NO,D12450Ki,26011208A2i,JACKSON_LABORATORIES,2105,,,2512-43492A
2561791024,NZO/HlLtJ,3753,3B,D10,370-F,1/27/26,F,LFD,,,,6/30/26,REGAIN_DAY_9,,NO,D12450Ki,26011208A2i,JACKSON_LABORATORIES,2105,,,2512-43492A
2561791002,NZO/HlLtJ,3731,,ACC_CAGE_1,230-F,1/13/26,F,LFD,286.85,285.03,48.06,7/1/26,DAY_2_ACC_SABLE,285.03,NO,D12450Ki,26011208A2i,JACKSON_LABORATORIES,2105,,,2512-43492A
2561791003,NZO/HlLtJ,3732,,ACC_CAGE_2,230-F,1/13/26,F,LFD,286.84,284.75,37.64,7/1/26,DAY_2_ACC_SABLE_SURGERY_RECOVERY_DAY_8,284.75,NO,D12450Ki,26011208A2i,JACKSON_LABORATORIES,2105,,,2512-43492A
2561791004,NZO/HlLtJ,3733,,ACC_CAGE_3,230-F,1/13/26,F,LFD,286.31,285.36,44.83,7/1/26,DAY_2_ACC_SABLE,285.36,NO,D12450Ki,26011208A2i,JACKSON_LABORATORIES,2105,,,2512-43492A
2561791006,NZO/HlLtJ,3735,,ACC_CAGE_4,230-F,1/20/26,F,LFD,286.28,284.71,49.07,7/1/26,DAY_2_ACC_SABLE,284.71,NO,D12450Ki,26011208A2i,JACKSON_LABORATORIES,2105,,,2512-43492A
2561791008,NZO/HlLtJ,3737,,ACC_CAGE_5,230-F,1/20/26,F,LFD,285.55,283.16,50.75,7/1/26,DAY_2_ACC_SABLE_SURGERY_RECOVERY_DAY_8,283.16,NO,D12450Ki,26011208A2i,JACKSON_LABORATORIES,2105,,,2512-43492A
2561791009,NZO/HlLtJ,3738,,ACC_CAGE_6,230-F,1/20/26,F,LFD,293.7,290.57,54.34,7/1/26,DAY_2_ACC_SABLE_SURGERY_RECOVERY_DAY_8,290.57,NO,D12450Ki,26011208A2i,JACKSON_LABORATORIES,2105,,,2512-43492A
2561791010,NZO/HlLtJ,3739,,ACC_CAGE_7,230-F,1/20/26,F,LFD,286.38,284.97,53.95,7/1/26,DAY_2_ACC_SABLE,284.97,NO,D12450Ki,26011208A2i,JACKSON_LABORATORIES,2105,,,2512-43492A
2561791011,NZO/HlLtJ,3740,,ACC_CAGE_8,230-F,1/20/26,F,LFD,285.94,285.29,54.59,7/1/26,DAY_2_ACC_SABLE,285.29,NO,D12450Ki,26011208A2i,JACKSON_LABORATORIES,2105,,,2512-43492A
2561791012,NZO/HlLtJ,3741,,ACC_CAGE_9,230-F,1/20/26,F,LFD,282.98,280.3,55.9,7/1/26,DAY_2_ACC_SABLE,280.3,NO,D12450Ki,26011208A2i,JACKSON_LABORATORIES,2105,,,2512-43492A
2561791013,NZO/HlLtJ,3742,3B,B9,370-F,2/10/26,F,LFD,26.36,17.92,43.56,7/1/26,REGAIN_DAY_15,17.92,NO,D12450Ki,26011208A2i,JACKSON_LABORATORIES,2105,,,2512-43492A
2561791014,NZO/HlLtJ,3743,3B,C9,370-F,2/10/26,F,LFD,26.48,17.74,43.07,7/1/26,REGAIN_DAY_15,17.74,NO,D12450Ki,26011208A2i,JACKSON_LABORATORIES,2105,,,2512-43492A
2561791015,NZO/HlLtJ,3744,,CAGE_1,230-F,2/10/26,F,LFD,280.12,279.61,42.69,7/1/26,SABLE_DAY_2_INJECT_DAY_4_15NMOL_KG,279.61,YES,D12450Ki,26011208A2i,JACKSON_LABORATORIES,2105,,,2512-43492A
2561791016,NZO/HlLtJ,3745,,CAGE_2,230-F,2/10/26,F,LFD,280.32,279.4,38.32,7/1/26,SABLE_DAY_2_INJECT_DAY_4_15NMOL_KG,279.4,YES,D12450Ki,26011208A2i,JACKSON_LABORATORIES,2105,,,2512-43492A
2561791017,NZO/HlLtJ,3746,,CORE_CAGE_5,230-F,2/10/26,F,LFD,281.12,280,36.49,7/1/26,INJECT_DAY_1_15NMOL_KG,280,NO,D12450Ki,26011208A2i,JACKSON_LABORATORIES,2105,,,2512-43492A
2561791018,NZO/HlLtJ,3747,3B,D9,370-F,2/3/26,F,LFD,28.32,17.25,43.83,7/1/26,REGAIN_DAY_14,17.25,NO,D12450Ki,26011208A2i,JACKSON_LABORATORIES,2105,,,2512-43492A
2561791019,NZO/HlLtJ,3748,,CAGE_4,230-F,2/3/26,F,LFD,279.61,278.51,39.51,7/1/26,SABLE_DAY_2_INJECT_DAY_4_15NMOL_KG,278.51,YES,D12450Ki,26011208A2i,JACKSON_LABORATORIES,2105,,,2512-43492A
2561791020,NZO/HlLtJ,3749,3B,A10,370-F,2/3/26,F,LFD,27.27,20.05,36.68,7/1/26,,20.05,NO,D12450Ki,26011208A2i,JACKSON_LABORATORIES,2105,,,2512-43492A
2561791021,NZO/HlLtJ,3750,3B,B10,370-F,2/3/26,F,LFD,28.29,19.63,48.5,7/1/26,REGAIN_DAY_15,19.63,NO,D12450Ki,26011208A2i,JACKSON_LABORATORIES,2105,,,2512-43492A
2561791022,NZO/HlLtJ,3751,3B,C10,370-F,1/27/26,F,LFD,27.48,18.63,41.08,7/1/26,REGAIN_DAY_15,18.63,NO,D12450Ki,26011208A2i,JACKSON_LABORATORIES,2105,,,2512-43492A
2561791023,NZO/HlLtJ,3752,,CORE_CAGE_11,230-F,1/27/26,F,LFD,279.66,278.61,37.86,7/1/26,INJECT_DAY_1_15NMOL_KG,278.61,NO,D12450Ki,26011208A2i,JACKSON_LABORATORIES,2105,,,2512-43492A
2561791024,NZO/HlLtJ,3753,3B,D10,370-F,1/27/26,F,LFD,27.05,17.87,46.58,7/1/26,REGAIN_DAY_10,17.87,NO,D12450Ki,26011208A2i,JACKSON_LABORATORIES,2105,,,2512-43492A
2561791002,NZO/HlLtJ,3731,,ACC_CAGE_1,230-F,1/13/26,F,LFD,285.03,284.74,,7/2/26,DAY_3_ACC_SABLE,284.74,NO,D12450Ki,26011208A2i,JACKSON_LABORATORIES,2105,,,2512-43492A
2561791003,NZO/HlLtJ,3732,,ACC_CAGE_2,230-F,1/13/26,F,LFD,284.75,282.18,,7/2/26,DAY_3_ACC_SABLE_SURGERY_RECOVERY_DAY_9,282.18,NO,D12450Ki,26011208A2i,JACKSON_LABORATORIES,2105,,,2512-43492A
2561791004,NZO/HlLtJ,3733,,ACC_CAGE_3,230-F,1/13/26,F,LFD,285.36,283.98,,7/2/26,DAY_3_ACC_SABLE,283.98,NO,D12450Ki,26011208A2i,JACKSON_LABORATORIES,2105,,,2512-43492A
2561791006,NZO/HlLtJ,3735,,ACC_CAGE_4,230-F,1/20/26,F,LFD,284.71,280.91,,7/2/26,DAY_3_ACC_SABLE,280.91,NO,D12450Ki,26011208A2i,JACKSON_LABORATORIES,2105,,,2512-43492A
2561791008,NZO/HlLtJ,3737,,ACC_CAGE_5,230-F,1/20/26,F,LFD,283.16,280.12,,7/2/26,DAY_3_ACC_SABLE_SURGERY_RECOVERY_DAY_9,280.12,NO,D12450Ki,26011208A2i,JACKSON_LABORATORIES,2105,,,2512-43492A
2561791009,NZO/HlLtJ,3738,,ACC_CAGE_6,230-F,1/20/26,F,LFD,290.57,286.12,,7/2/26,DAY_3_ACC_SABLE_SURGERY_RECOVERY_DAY_9,286.12,NO,D12450Ki,26011208A2i,JACKSON_LABORATORIES,2105,,,2512-43492A
2561791010,NZO/HlLtJ,3739,,ACC_CAGE_7,230-F,1/20/26,F,LFD,284.97,281.93,,7/2/26,DAY_3_ACC_SABLE,281.93,NO,D12450Ki,26011208A2i,JACKSON_LABORATORIES,2105,,,2512-43492A
2561791011,NZO/HlLtJ,3740,,ACC_CAGE_8,230-F,1/20/26,F,LFD,285.29,283.47,,7/2/26,DAY_3_ACC_SABLE,283.47,NO,D12450Ki,26011208A2i,JACKSON_LABORATORIES,2105,,,2512-43492A
2561791012,NZO/HlLtJ,3741,,ACC_CAGE_9,230-F,1/20/26,F,LFD,280.3,276.25,,7/2/26,DAY_3_ACC_SABLE,276.25,NO,D12450Ki,26011208A2i,JACKSON_LABORATORIES,2105,,,2512-43492A
2561791013,NZO/HlLtJ,3742,3B,B9,370-F,2/10/26,F,LFD,,,,7/2/26,REGAIN_DAY_16,,NO,D12450Ki,26011208A2i,JACKSON_LABORATORIES,2105,,,2512-43492A
2561791014,NZO/HlLtJ,3743,3B,C9,370-F,2/10/26,F,LFD,,,,7/2/26,REGAIN_DAY_16,,NO,D12450Ki,26011208A2i,JACKSON_LABORATORIES,2105,,,2512-43492A
2561791015,NZO/HlLtJ,3744,,CAGE_1,230-F,2/10/26,F,LFD,279.61,278.82,41.91,7/2/26,SABLE_DAY_3_INJECT_DAY_5_15NMOL_KG,278.82,YES,D12450Ki,26011208A2i,JACKSON_LABORATORIES,2105,,,2512-43492A
2561791016,NZO/HlLtJ,3745,,CAGE_2,230-F,2/10/26,F,LFD,279.4,277.17,38.47,7/2/26,SABLE_DAY_3_INJECT_DAY_5_15NMOL_KG,277.17,YES,D12450Ki,26011208A2i,JACKSON_LABORATORIES,2105,,,2512-43492A
2561791017,NZO/HlLtJ,3746,,CORE_CAGE_5,230-F,2/10/26,F,LFD,280,279.04,35.4,7/2/26,INJECT_DAY_2_15NMOL_KG,279.04,NO,D12450Ki,26011208A2i,JACKSON_LABORATORIES,2105,,,2512-43492A
2561791018,NZO/HlLtJ,3747,3B,D9,370-F,2/3/26,F,LFD,17.25,,,7/2/26,REGAIN_DAY_15,,NO,D12450Ki,26011208A2i,JACKSON_LABORATORIES,2105,,,2512-43492A
2561791019,NZO/HlLtJ,3748,,CAGE_4,230-F,2/3/26,F,LFD,278.51,277.42,39.13,7/2/26,SABLE_DAY_3_INJECT_DAY_5_15NMOL_KG,277.42,YES,D12450Ki,26011208A2i,JACKSON_LABORATORIES,2105,,,2512-43492A
2561791020,NZO/HlLtJ,3749,3B,A10,370-F,2/3/26,F,LFD,,,,7/2/26,,,NO,D12450Ki,26011208A2i,JACKSON_LABORATORIES,2105,,,2512-43492A
2561791021,NZO/HlLtJ,3750,3B,B10,370-F,2/3/26,F,LFD,,,,7/2/26,REGAIN_DAY_16,,NO,D12450Ki,26011208A2i,JACKSON_LABORATORIES,2105,,,2512-43492A
2561791022,NZO/HlLtJ,3751,3B,C10,370-F,1/27/26,F,LFD,,,,7/2/26,REGAIN_DAY_16,,NO,D12450Ki,26011208A2i,JACKSON_LABORATORIES,2105,,,2512-43492A
2561791023,NZO/HlLtJ,3752,,CORE_CAGE_11,230-F,1/27/26,F,LFD,278.61,277.61,37.23,7/2/26,INJECT_DAY_2_15NMOL_KG,277.61,NO,D12450Ki,26011208A2i,JACKSON_LABORATORIES,2105,,,2512-43492A
2561791024,NZO/HlLtJ,3753,3B,D10,370-F,1/27/26,F,LFD,,,,7/2/26,REGAIN_DAY_11,,NO,D12450Ki,26011208A2i,JACKSON_LABORATORIES,2105,,,2512-43492A
2561791002,NZO/HlLtJ,3731,,ACC_CAGE_1,230-F,1/13/26,F,LFD,284.74,281.84,47.11,7/3/26,DAY_4_ACC_SABLE,281.84,NO,D12450Ki,26011208A2i,JACKSON_LABORATORIES,2105,,,2512-43492A
2561791003,NZO/HlLtJ,3732,,ACC_CAGE_2,230-F,1/13/26,F,LFD,282.18,279.57,37.05,7/3/26,DAY_4_ACC_SABLE_SURGERY_RECOVERY_DAY_10,279.57,NO,D12450Ki,26011208A2i,JACKSON_LABORATORIES,2105,,,2512-43492A
2561791004,NZO/HlLtJ,3733,,ACC_CAGE_3,230-F,1/13/26,F,LFD,283.98,282.31,43.64,7/3/26,DAY_4_ACC_SABLE,282.31,NO,D12450Ki,26011208A2i,JACKSON_LABORATORIES,2105,,,2512-43492A
2561791006,NZO/HlLtJ,3735,,ACC_CAGE_4,230-F,1/20/26,F,LFD,280.91,278.26,49.5,7/3/26,DAY_4_ACC_SABLE,278.26,NO,D12450Ki,26011208A2i,JACKSON_LABORATORIES,2105,,,2512-43492A
2561791008,NZO/HlLtJ,3737,,ACC_CAGE_5,230-F,1/20/26,F,LFD,280.12,276.98,50.45,7/3/26,DAY_4_ACC_SABLE_SURGERY_RECOVERY_DAY_10,276.98,NO,D12450Ki,26011208A2i,JACKSON_LABORATORIES,2105,,,2512-43492A
2561791009,NZO/HlLtJ,3738,,ACC_CAGE_6,230-F,1/20/26,F,LFD,286.12,282.28,54.32,7/3/26,DAY_4_ACC_SABLE_SURGERY_RECOVERY_DAY_10,282.28,NO,D12450Ki,26011208A2i,JACKSON_LABORATORIES,2105,,,2512-43492A
2561791010,NZO/HlLtJ,3739,,ACC_CAGE_7,230-F,1/20/26,F,LFD,281.93,278.48,54.01,7/3/26,DAY_4_ACC_SABLE,278.48,NO,D12450Ki,26011208A2i,JACKSON_LABORATORIES,2105,,,2512-43492A
2561791011,NZO/HlLtJ,3740,,ACC_CAGE_8,230-F,1/20/26,F,LFD,283.47,281.3,53.82,7/3/26,DAY_4_ACC_SABLE,281.3,NO,D12450Ki,26011208A2i,JACKSON_LABORATORIES,2105,,,2512-43492A
2561791012,NZO/HlLtJ,3741,,ACC_CAGE_9,230-F,1/20/26,F,LFD,276.25,272.26,56.18,7/3/26,DAY_4_ACC_SABLE,272.26,NO,D12450Ki,26011208A2i,JACKSON_LABORATORIES,2105,,,2512-43492A
2561791013,NZO/HlLtJ,3742,3B,B9,370-F,2/10/26,F,LFD,17.92,9.77,43.5,7/3/26,REGAIN_DAY_17,23.66,NO,D12450Ki,26011208A2i,JACKSON_LABORATORIES,2105,,,2512-43492A
2561791014,NZO/HlLtJ,3743,3B,C9,370-F,2/10/26,F,LFD,17.74,8.63,43.75,7/3/26,REGAIN_DAY_17,25.56,NO,D12450Ki,26011208A2i,JACKSON_LABORATORIES,2105,,,2512-43492A
2561791015,NZO/HlLtJ,3744,,CAGE_1,230-F,2/10/26,F,LFD,278.82,276.89,41.98,7/3/26,SABLE_DAY_4_INJECT_DAY_6_15NMOL_KG,276.89,YES,D12450Ki,26011208A2i,JACKSON_LABORATORIES,2105,,,2512-43492A
2561791016,NZO/HlLtJ,3745,,CAGE_2,230-F,2/10/26,F,LFD,277.17,273.55,39.22,7/3/26,SABLE_DAY_4_INJECT_DAY_6_15NMOL_KG,273.55,YES,D12450Ki,26011208A2i,JACKSON_LABORATORIES,2105,,,2512-43492A
2561791017,NZO/HlLtJ,3746,,CAGE_3,230-F,2/10/26,F,LFD,279.04,277.84,34.59,7/3/26,SABLE_DAY_1_INJECT_DAY_3_15NMOL_KG,277.84,YES,D12450Ki,26011208A2i,JACKSON_LABORATORIES,2105,,,2512-43492A
2561791018,NZO/HlLtJ,3747,3B,D9,370-F,2/3/26,F,LFD,17.25,13.12,42.69,7/3/26,REGAIN_DAY_16,24.69,NO,D12450Ki,26011208A2i,JACKSON_LABORATORIES,2105,,,2512-43492A
2561791019,NZO/HlLtJ,3748,,CAGE_4,230-F,2/3/26,F,LFD,277.42,275.04,38.86,7/3/26,SABLE_DAY_4_INJECT_DAY_6_15NMOL_KG,275.04,YES,D12450Ki,26011208A2i,JACKSON_LABORATORIES,2105,,,2512-43492A
2561791020,NZO/HlLtJ,3749,3B,A10,370-F,2/3/26,F,LFD,20.05,11.98,37.97,7/3/26,,26.23,NO,D12450Ki,26011208A2i,JACKSON_LABORATORIES,2105,,,2512-43492A
2561791021,NZO/HlLtJ,3750,3B,B10,370-F,2/3/26,F,LFD,19.63,9.47,49.69,7/3/26,REGAIN_DAY_17,23.49,NO,D12450Ki,26011208A2i,JACKSON_LABORATORIES,2105,,,2512-43492A
2561791022,NZO/HlLtJ,3751,3B,C10,370-F,1/27/26,F,LFD,18.63,9.31,42.42,7/3/26,REGAIN_DAY_17,22.76,NO,D12450Ki,26011208A2i,JACKSON_LABORATORIES,2105,,,2512-43492A
2561791023,NZO/HlLtJ,3752,,CAGE_5,230-F,1/27/26,F,LFD,277.61,275.66,36.45,7/3/26,SABLE_DAY_1_INJECT_DAY_3_15NMOL_KG,275.66,YES,D12450Ki,26011208A2i,JACKSON_LABORATORIES,2105,,,2512-43492A
2561791024,NZO/HlLtJ,3753,3B,D10,370-F,1/27/26,F,LFD,17.87,7.04,48.43,7/3/26,REGAIN_DAY_12,23.68,NO,D12450Ki,26011208A2i,JACKSON_LABORATORIES,2105,,,2512-43492A
2561791002,NZO/HlLtJ,3731,,ACC_CAGE_1,230-F,1/13/26,F,LFD,,,,7/4/26,DAY_5_ACC_SABLE,,NO,D12450Ki,26011208A2i,JACKSON_LABORATORIES,2105,,,2512-43492A
2561791003,NZO/HlLtJ,3732,,ACC_CAGE_2,230-F,1/13/26,F,LFD,,,,7/4/26,DAY_5_ACC_SABLE,,NO,D12450Ki,26011208A2i,JACKSON_LABORATORIES,2105,,,2512-43492A
2561791004,NZO/HlLtJ,3733,,ACC_CAGE_3,230-F,1/13/26,F,LFD,,,,7/4/26,DAY_5_ACC_SABLE,,NO,D12450Ki,26011208A2i,JACKSON_LABORATORIES,2105,,,2512-43492A
2561791006,NZO/HlLtJ,3735,,ACC_CAGE_4,230-F,1/20/26,F,LFD,,,,7/4/26,DAY_4_ACC_SABLE,,NO,D12450Ki,26011208A2i,JACKSON_LABORATORIES,2105,,,2512-43492A
2561791008,NZO/HlLtJ,3737,,ACC_CAGE_5,230-F,1/20/26,F,LFD,,,,7/4/26,DAY_5_ACC_SABLE,,NO,D12450Ki,26011208A2i,JACKSON_LABORATORIES,2105,,,2512-43492A
2561791009,NZO/HlLtJ,3738,,ACC_CAGE_6,230-F,1/20/26,F,LFD,,,,7/4/26,DAY_5_ACC_SABLE,,NO,D12450Ki,26011208A2i,JACKSON_LABORATORIES,2105,,,2512-43492A
2561791010,NZO/HlLtJ,3739,,ACC_CAGE_7,230-F,1/20/26,F,LFD,,,,7/4/26,DAY_5_ACC_SABLE,,NO,D12450Ki,26011208A2i,JACKSON_LABORATORIES,2105,,,2512-43492A
2561791011,NZO/HlLtJ,3740,,ACC_CAGE_8,230-F,1/20/26,F,LFD,,,,7/4/26,DAY_5_ACC_SABLE,,NO,D12450Ki,26011208A2i,JACKSON_LABORATORIES,2105,,,2512-43492A
2561791012,NZO/HlLtJ,3741,,ACC_CAGE_9,230-F,1/20/26,F,LFD,,,,7/4/26,DAY_5_ACC_SABLE,,NO,D12450Ki,26011208A2i,JACKSON_LABORATORIES,2105,,,2512-43492A
2561791013,NZO/HlLtJ,3742,3B,B9,370-F,2/10/26,F,LFD,,,,7/4/26,REGAIN_DAY_18,,NO,D12450Ki,26011208A2i,JACKSON_LABORATORIES,2105,,,2512-43492A
2561791014,NZO/HlLtJ,3743,3B,C9,370-F,2/10/26,F,LFD,,,,7/4/26,REGAIN_DAY_18,,NO,D12450Ki,26011208A2i,JACKSON_LABORATORIES,2105,,,2512-43492A
2561791015,NZO/HlLtJ,3744,,CAGE_1,230-F,2/10/26,F,LFD,276.89,274.35,41.95,7/4/26,SABLE_DAY_5_INJECT_DAY_7_15NMOL_KG,274.35,YES,D12450Ki,26011208A2i,JACKSON_LABORATORIES,2105,,,2512-43492A
2561791016,NZO/HlLtJ,3745,,CAGE_2,230-F,2/10/26,F,LFD,273.55,270.29,38.82,7/4/26,SABLE_DAY_5_INJECT_DAY_7_15NMOL_KG,270.29,YES,D12450Ki,26011208A2i,JACKSON_LABORATORIES,2105,,,2512-43492A
2561791017,NZO/HlLtJ,3746,,CAGE_3,230-F,2/10/26,F,LFD,277.84,276.3,34.2,7/4/26,SABLE_DAY_2_INJECT_DAY_4_15NMOL_KG,276.3,YES,D12450Ki,26011208A2i,JACKSON_LABORATORIES,2105,,,2512-43492A
2561791018,NZO/HlLtJ,3747,3B,D9,370-F,2/3/26,F,LFD,,,,7/4/26,REGAIN_DAY_17,,NO,D12450Ki,26011208A2i,JACKSON_LABORATORIES,2105,,,2512-43492A
2561791019,NZO/HlLtJ,3748,,CAGE_4,230-F,2/3/26,F,LFD,275.04,273.27,37.84,7/4/26,SABLE_DAY_5_INJECT_DAY_7_15NMOL_KG,273.27,YES,D12450Ki,26011208A2i,JACKSON_LABORATORIES,2105,,,2512-43492A
2561791020,NZO/HlLtJ,3749,3B,A10,370-F,2/3/26,F,LFD,,,,7/4/26,,,NO,D12450Ki,26011208A2i,JACKSON_LABORATORIES,2105,,,2512-43492A
2561791021,NZO/HlLtJ,3750,3B,B10,370-F,2/3/26,F,LFD,,,,7/4/26,REGAIN_DAY_18,,NO,D12450Ki,26011208A2i,JACKSON_LABORATORIES,2105,,,2512-43492A
2561791022,NZO/HlLtJ,3751,3B,C10,370-F,1/27/26,F,LFD,,,,7/4/26,REGAIN_DAY_18,,NO,D12450Ki,26011208A2i,JACKSON_LABORATORIES,2105,,,2512-43492A
2561791023,NZO/HlLtJ,3752,,CAGE_5,230-F,1/27/26,F,LFD,275.66,274.12,35.85,7/4/26,SABLE_DAY_2_INJECT_DAY_4_15NMOL_KG,274.12,YES,D12450Ki,26011208A2i,JACKSON_LABORATORIES,2105,,,2512-43492A
2561791024,NZO/HlLtJ,3753,3B,D10,370-F,1/27/26,F,LFD,,,,7/4/26,REGAIN_DAY_13,,NO,D12450Ki,26011208A2i,JACKSON_LABORATORIES,2105,,,2512-43492A
2561791002,NZO/HlLtJ,3731,,ACC_CAGE_1,230-F,1/13/26,F,LFD,,,,7/5/26,DAY_6_ACC_SABLE,,NO,D12450Ki,26011208A2i,JACKSON_LABORATORIES,2105,,,2512-43492A
2561791003,NZO/HlLtJ,3732,,ACC_CAGE_2,230-F,1/13/26,F,LFD,,,,7/5/26,DAY_6_ACC_SABLE,,NO,D12450Ki,26011208A2i,JACKSON_LABORATORIES,2105,,,2512-43492A
2561791004,NZO/HlLtJ,3733,,ACC_CAGE_3,230-F,1/13/26,F,LFD,,,,7/5/26,DAY_6_ACC_SABLE,,NO,D12450Ki,26011208A2i,JACKSON_LABORATORIES,2105,,,2512-43492A
2561791006,NZO/HlLtJ,3735,,ACC_CAGE_4,230-F,1/20/26,F,LFD,,,,7/5/26,DAY_6_ACC_SABLE,,NO,D12450Ki,26011208A2i,JACKSON_LABORATORIES,2105,,,2512-43492A
2561791008,NZO/HlLtJ,3737,,ACC_CAGE_5,230-F,1/20/26,F,LFD,,,,7/5/26,DAY_6_ACC_SABLE,,NO,D12450Ki,26011208A2i,JACKSON_LABORATORIES,2105,,,2512-43492A
2561791009,NZO/HlLtJ,3738,,ACC_CAGE_6,230-F,1/20/26,F,LFD,,,,7/5/26,DAY_6_ACC_SABLE,,NO,D12450Ki,26011208A2i,JACKSON_LABORATORIES,2105,,,2512-43492A
2561791010,NZO/HlLtJ,3739,,ACC_CAGE_7,230-F,1/20/26,F,LFD,,,,7/5/26,DAY_6_ACC_SABLE,,NO,D12450Ki,26011208A2i,JACKSON_LABORATORIES,2105,,,2512-43492A
2561791011,NZO/HlLtJ,3740,,ACC_CAGE_8,230-F,1/20/26,F,LFD,,,,7/5/26,DAY_6_ACC_SABLE,,NO,D12450Ki,26011208A2i,JACKSON_LABORATORIES,2105,,,2512-43492A
2561791012,NZO/HlLtJ,3741,,ACC_CAGE_9,230-F,1/20/26,F,LFD,,,,7/5/26,DAY_6_ACC_SABLE,,NO,D12450Ki,26011208A2i,JACKSON_LABORATORIES,2105,,,2512-43492A
2561791013,NZO/HlLtJ,3742,3B,B9,370-F,2/10/26,F,LFD,,,,7/5/26,REGAIN_DAY_19,,NO,D12450Ki,26011208A2i,JACKSON_LABORATORIES,2105,,,2512-43492A
2561791014,NZO/HlLtJ,3743,3B,C9,370-F,2/10/26,F,LFD,,,,7/5/26,REGAIN_DAY_19,,NO,D12450Ki,26011208A2i,JACKSON_LABORATORIES,2105,,,2512-43492A
2561791015,NZO/HlLtJ,3744,,CAGE_1,230-F,2/10/26,F,LFD,274.35,271.66,41.88,7/5/26,SABLE_DAY_6_REGAIN_DAY_1,91.96,YES,D12450Ki,26011208A2i,JACKSON_LABORATORIES,2105,,,2512-43492A
2561791016,NZO/HlLtJ,3745,,CAGE_2,230-F,2/10/26,F,LFD,270.29,267.18,38.78,7/5/26,SABLE_DAY_6_REGAIN_DAY_1,86,YES,D12450Ki,26011208A2i,JACKSON_LABORATORIES,2105,,,2512-43492A
2561791017,NZO/HlLtJ,3746,,CAGE_3,230-F,2/10/26,F,LFD,276.3,273.51,35.09,7/5/26,SABLE_DAY_3_INJECT_DAY_5_15NMOL_KG,273.51,YES,D12450Ki,26011208A2i,JACKSON_LABORATORIES,2105,,,2512-43492A
2561791018,NZO/HlLtJ,3747,3B,D9,370-F,2/3/26,F,LFD,,,,7/5/26,REGAIN_DAY_18,,NO,D12450Ki,26011208A2i,JACKSON_LABORATORIES,2105,,,2512-43492A
2561791019,NZO/HlLtJ,3748,,CAGE_4,230-F,2/3/26,F,LFD,273.27,269.84,39.03,7/5/26,SABLE_DAY_6_REGAIN_DAY_1,89.86,YES,D12450Ki,26011208A2i,JACKSON_LABORATORIES,2105,,,2512-43492A
2561791020,NZO/HlLtJ,3749,3B,A10,370-F,2/3/26,F,LFD,,,,7/5/26,,,NO,D12450Ki,26011208A2i,JACKSON_LABORATORIES,2105,,,2512-43492A
2561791021,NZO/HlLtJ,3750,3B,B10,370-F,2/3/26,F,LFD,,,,7/5/26,REGAIN_DAY_19,,NO,D12450Ki,26011208A2i,JACKSON_LABORATORIES,2105,,,2512-43492A
2561791022,NZO/HlLtJ,3751,3B,C10,370-F,1/27/26,F,LFD,,,,7/5/26,REGAIN_DAY_19,,NO,D12450Ki,26011208A2i,JACKSON_LABORATORIES,2105,,,2512-43492A
2561791023,NZO/HlLtJ,3752,,CAGE_5,230-F,1/27/26,F,LFD,274.12,271.68,35.83,7/5/26,SABLE_DAY_3_INJECT_DAY_5_15NMOL_KG,271.68,YES,D12450Ki,26011208A2i,JACKSON_LABORATORIES,2105,,,2512-43492A
2561791024,NZO/HlLtJ,3753,3B,D10,370-F,1/27/26,F,LFD,,,,7/5/26,REGAIN_DAY_14,,NO,D12450Ki,26011208A2i,JACKSON_LABORATORIES,2105,,,2512-43492A
2561791002,NZO/HlLtJ,3731,,ACC_CAGE_1,230-F,1/13/26,F,LFD,281.84,268.25,49.71,7/6/26,DAY_7_ACC_SABLE_DAY_1_MOCK_INJECTIONS,280.98,NO,D12450Ki,26011208A2i,JACKSON_LABORATORIES,2105,,,2512-43492A
2561791003,NZO/HlLtJ,3732,,ACC_CAGE_2,230-F,1/13/26,F,LFD,279.57,271.96,35.82,7/6/26,DAY_7_ACC_SABLE_DAY_1_MOCK_INJECTIONS,284.02,NO,D12450Ki,26011208A2i,JACKSON_LABORATORIES,2105,,,2512-43492A
2561791004,NZO/HlLtJ,3733,,ACC_CAGE_3,230-F,1/13/26,F,LFD,282.31,272.55,44.62,7/6/26,DAY_7_ACC_SABLE_DAY_1_MOCK_INJECTIONS,272.55,NO,D12450Ki,26011208A2i,JACKSON_LABORATORIES,2105,,,2512-43492A
2561791006,NZO/HlLtJ,3735,,ACC_CAGE_4,230-F,1/20/26,F,LFD,278.26,266.74,49.96,7/6/26,DAY_7_ACC_SABLE_DAY_1_MOCK_INJECTIONS,282.3,NO,D12450Ki,26011208A2i,JACKSON_LABORATORIES,2105,,,2512-43492A
2561791008,NZO/HlLtJ,3737,,ACC_CAGE_5,230-F,1/20/26,F,LFD,276.98,262.86,51.49,7/6/26,DAY_7_ACC_SABLE_DAY_1_MOCK_INJECTIONS,282.01,NO,D12450Ki,26011208A2i,JACKSON_LABORATORIES,2105,,,2512-43492A
2561791009,NZO/HlLtJ,3738,,ACC_CAGE_6,230-F,1/20/26,F,LFD,282.28,268.55,54.9,7/6/26,DAY_7_ACC_SABLE_DAY_1_MOCK_INJECTIONS,281.07,NO,D12450Ki,26011208A2i,JACKSON_LABORATORIES,2105,,,2512-43492A
2561791010,NZO/HlLtJ,3739,,ACC_CAGE_7,230-F,1/20/26,F,LFD,278.48,266.45,54.08,7/6/26,DAY_7_ACC_SABLE_DAY_1_MOCK_INJECTIONS,282.02,NO,D12450Ki,26011208A2i,JACKSON_LABORATORIES,2105,,,2512-43492A
2561791011,NZO/HlLtJ,3740,,ACC_CAGE_8,230-F,1/20/26,F,LFD,281.3,269.79,54.64,7/6/26,DAY_7_ACC_SABLE_DAY_1_MOCK_INJECTIONS,283.05,NO,D12450Ki,26011208A2i,JACKSON_LABORATORIES,2105,,,2512-43492A
2561791012,NZO/HlLtJ,3741,,ACC_CAGE_9,230-F,1/20/26,F,LFD,272.26,258.78,56.26,7/6/26,DAY_7_ACC_SABLE_DAY_1_MOCK_INJECTIONS,280.52,NO,D12450Ki,26011208A2i,JACKSON_LABORATORIES,2105,,,2512-43492A
2561791013,NZO/HlLtJ,3742,3B,A8,370-F,2/10/26,F,LFD,23.66,13.19,43.25,7/6/26,REGAIN_DAY_20,26.44,NO,D12450Ki,26011208A2i,JACKSON_LABORATORIES,2105,,,2512-43492A
2561791014,NZO/HlLtJ,3743,3B,B8,370-F,2/10/26,F,LFD,25.56,14.31,43.21,7/6/26,REGAIN_DAY_20,28.11,NO,D12450Ki,26011208A2i,JACKSON_LABORATORIES,2105,,,2512-43492A
2561791015,NZO/HlLtJ,3744,3B,C8,370-F,2/10/26,F,LFD,91.96,89.65,41.68,7/6/26,REGAIN_DAY_2,29.53,NO,D12450Ki,26011208A2i,JACKSON_LABORATORIES,2105,,,2512-43492A
2561791016,NZO/HlLtJ,3745,3B,D8,370-F,2/10/26,F,LFD,86,84.54,38.06,7/6/26,REGAIN_DAY_2,30.09,NO,D12450Ki,26011208A2i,JACKSON_LABORATORIES,2105,,,2512-43492A
2561791017,NZO/HlLtJ,3746,,CAGE_3,230-F,2/10/26,F,LFD,273.51,270.6,35.51,7/6/26,SABLE_DAY_4_INJECT_DAY_6_15NMOL_KG,270.6,YES,D12450Ki,26011208A2i,JACKSON_LABORATORIES,2105,,,2512-43492A
2561791018,NZO/HlLtJ,3747,3B,B9,370-F,2/3/26,F,LFD,24.69,13.35,42.93,7/6/26,REGAIN_DAY_19,29.03,NO,D12450Ki,26011208A2i,JACKSON_LABORATORIES,2105,,,2512-43492A
2561791019,NZO/HlLtJ,3748,3B,C9,370-F,2/3/26,F,LFD,89.86,88.19,38.39,7/6/26,REGAIN_DAY_2,29.93,NO,D12450Ki,26011208A2i,JACKSON_LABORATORIES,2105,,,2512-43492A
2561791020,NZO/HlLtJ,3749,3B,D9,370-F,2/3/26,F,LFD,26.23,18.16,36.14,7/6/26,,25.93,NO,D12450Ki,26011208A2i,JACKSON_LABORATORIES,2105,,,2512-43492A
2561791021,NZO/HlLtJ,3750,3B,A10,370-F,2/3/26,F,LFD,23.49,10.46,49.81,7/6/26,REGAIN_DAY_20,29.42,NO,D12450Ki,26011208A2i,JACKSON_LABORATORIES,2105,,,2512-43492A
2561791022,NZO/HlLtJ,3751,3B,B10,370-F,1/27/26,F,LFD,22.76,10.81,42.37,7/6/26,REGAIN_DAY_20,29.54,NO,D12450Ki,26011208A2i,JACKSON_LABORATORIES,2105,,,2512-43492A
2561791023,NZO/HlLtJ,3752,,CAGE_5,230-F,1/27/26,F,LFD,271.68,268.55,36.28,7/6/26,SABLE_DAY_4_INJECT_DAY_6_15NMOL_KG,268.55,YES,D12450Ki,26011208A2i,JACKSON_LABORATORIES,2105,,,2512-43492A
2561791024,NZO/HlLtJ,3753,3B,D10,370-F,1/27/26,F,LFD,23.68,10.62,48.3,7/6/26,REGAIN_DAY_15,28.16,NO,D12450Ki,26011208A2i,JACKSON_LABORATORIES,2105,,,2512-43492A
2561791002,NZO/HlLtJ,3731,,ACC_CAGE_1,230-F,1/13/26,F,LFD,,,,7/7/26,DAY_8_ACC_SABLE,,NO,D12450Ki,26011208A2i,JACKSON_LABORATORIES,2105,,,2512-43492A
2561791003,NZO/HlLtJ,3732,,ACC_CAGE_2,230-F,1/13/26,F,LFD,,,,7/7/26,DAY_8_ACC_SABLE,,NO,D12450Ki,26011208A2i,JACKSON_LABORATORIES,2105,,,2512-43492A
2561791004,NZO/HlLtJ,3733,,ACC_CAGE_3,230-F,1/13/26,F,LFD,,,,7/7/26,DAY_8_ACC_SABLE,,NO,D12450Ki,26011208A2i,JACKSON_LABORATORIES,2105,,,2512-43492A
2561791006,NZO/HlLtJ,3735,,ACC_CAGE_4,230-F,1/20/26,F,LFD,,,,7/7/26,DAY_8_ACC_SABLE,,NO,D12450Ki,26011208A2i,JACKSON_LABORATORIES,2105,,,2512-43492A
2561791008,NZO/HlLtJ,3737,,ACC_CAGE_5,230-F,1/20/26,F,LFD,,,,7/7/26,DAY_8_ACC_SABLE,,NO,D12450Ki,26011208A2i,JACKSON_LABORATORIES,2105,,,2512-43492A
2561791009,NZO/HlLtJ,3738,,ACC_CAGE_6,230-F,1/20/26,F,LFD,,,,7/7/26,DAY_8_ACC_SABLE,,NO,D12450Ki,26011208A2i,JACKSON_LABORATORIES,2105,,,2512-43492A
2561791010,NZO/HlLtJ,3739,,ACC_CAGE_7,230-F,1/20/26,F,LFD,,,,7/7/26,DAY_8_ACC_SABLE,,NO,D12450Ki,26011208A2i,JACKSON_LABORATORIES,2105,,,2512-43492A
2561791011,NZO/HlLtJ,3740,,ACC_CAGE_8,230-F,1/20/26,F,LFD,,,,7/7/26,DAY_8_ACC_SABLE,,NO,D12450Ki,26011208A2i,JACKSON_LABORATORIES,2105,,,2512-43492A
2561791012,NZO/HlLtJ,3741,,ACC_CAGE_9,230-F,1/20/26,F,LFD,,,,7/7/26,DAY_8_ACC_SABLE,,NO,D12450Ki,26011208A2i,JACKSON_LABORATORIES,2105,,,2512-43492A
2561791013,NZO/HlLtJ,3742,3B,A8,370-F,2/10/26,F,LFD,,,,7/7/26,REGAIN_DAY_21,,NO,D12450Ki,26011208A2i,JACKSON_LABORATORIES,2105,,,2512-43492A
2561791014,NZO/HlLtJ,3743,3B,B8,370-F,2/10/26,F,LFD,,,,7/7/26,REGAIN_DAY_21,,NO,D12450Ki,26011208A2i,JACKSON_LABORATORIES,2105,,,2512-43492A
2561791015,NZO/HlLtJ,3744,3B,C8,370-F,2/10/26,F,LFD,29.53,25.92,41.93,7/7/26,REGAIN_DAY_3,25.92,NO,D12450Ki,26011208A2i,JACKSON_LABORATORIES,2105,,,2512-43492A
2561791016,NZO/HlLtJ,3745,3B,D8,370-F,2/10/26,F,LFD,30.09,27.2,37.59,7/7/26,REGAIN_DAY_3,27.2,NO,D12450Ki,26011208A2i,JACKSON_LABORATORIES,2105,,,2512-43492A
2561791017,NZO/HlLtJ,3746,,CAGE_3,230-F,2/10/26,F,LFD,270.6,267.96,34.5,7/7/26,SABLE_DAY_5_INJECT_DAY_7_15NMOL_KG,267.96,YES,D12450Ki,26011208A2i,JACKSON_LABORATORIES,2105,,,2512-43492A
2561791018,NZO/HlLtJ,3747,3B,B9,370-F,2/3/26,F,LFD,,,,7/7/26,REGAIN_DAY_20,,NO,D12450Ki,26011208A2i,JACKSON_LABORATORIES,2105,,,2512-43492A
2561791019,NZO/HlLtJ,3748,3B,C9,370-F,2/3/26,F,LFD,29.93,26.63,38.43,7/7/26,REGAIN_DAY_3,26.63,NO,D12450Ki,26011208A2i,JACKSON_LABORATORIES,2105,,,2512-43492A
2561791020,NZO/HlLtJ,3749,3B,D9,370-F,2/3/26,F,LFD,,,,7/7/26,,,NO,D12450Ki,26011208A2i,JACKSON_LABORATORIES,2105,,,2512-43492A
2561791021,NZO/HlLtJ,3750,3B,A10,370-F,2/3/26,F,LFD,,,,7/7/26,REGAIN_DAY_21,,NO,D12450Ki,26011208A2i,JACKSON_LABORATORIES,2105,,,2512-43492A
2561791022,NZO/HlLtJ,3751,3B,B10,370-F,1/27/26,F,LFD,,,,7/7/26,REGAIN_DAY_21,,NO,D12450Ki,26011208A2i,JACKSON_LABORATORIES,2105,,,2512-43492A
2561791023,NZO/HlLtJ,3752,,CAGE_5,230-F,1/27/26,F,LFD,268.16,266.01,35.73,7/7/26,SABLE_DAY_5_INJECT_DAY_7_15NMOL_KG,266.01,YES,D12450Ki,26011208A2i,JACKSON_LABORATORIES,2105,,,2512-43492A
2561791024,NZO/HlLtJ,3753,3B,D10,370-F,1/27/26,F,LFD,,,,7/7/26,REGAIN_DAY_16,,NO,D12450Ki,26011208A2i,JACKSON_LABORATORIES,2105,,,2512-43492A
2561791002,NZO/HlLtJ,3731,,ACC_CAGE_1,230-F,1/13/26,F,LFD,280.98,271.74,49.02,7/8/26,DAY_9_ACC_SABLE,271.74,NO,D12450Ki,26011208A2i,JACKSON_LABORATORIES,2105,,,2512-43492A
2561791003,NZO/HlLtJ,3732,,ACC_CAGE_2,230-F,1/13/26,F,LFD,284.02,277.39,36,7/8/26,DAY_9_ACC_SABLE,277.39,NO,D12450Ki,26011208A2i,JACKSON_LABORATORIES,2105,,,2512-43492A
2561791004,NZO/HlLtJ,3733,,ACC_CAGE_3,230-F,1/13/26,F,LFD,272.55,266.13,44.08,7/8/26,DAY_9_ACC_SABLE,266.13,NO,D12450Ki,26011208A2i,JACKSON_LABORATORIES,2105,,,2512-43492A
2561791006,NZO/HlLtJ,3735,,ACC_CAGE_4,230-F,1/20/26,F,LFD,282.3,273.99,49.23,7/8/26,DAY_9_ACC_SABLE,273.99,NO,D12450Ki,26011208A2i,JACKSON_LABORATORIES,2105,,,2512-43492A
2561791008,NZO/HlLtJ,3737,,ACC_CAGE_5,230-F,1/20/26,F,LFD,282.01,272.4,51.49,7/8/26,DAY_9_ACC_SABLE,272.4,NO,D12450Ki,26011208A2i,JACKSON_LABORATORIES,2105,,,2512-43492A
2561791009,NZO/HlLtJ,3738,,ACC_CAGE_6,230-F,1/20/26,F,LFD,281.07,272.55,53.7,7/8/26,DAY_9_ACC_SABLE,272.55,NO,D12450Ki,26011208A2i,JACKSON_LABORATORIES,2105,,,2512-43492A
2561791010,NZO/HlLtJ,3739,,ACC_CAGE_7,230-F,1/20/26,F,LFD,282.02,271.6,54.23,7/8/26,DAY_9_ACC_SABLE,271.6,NO,D12450Ki,26011208A2i,JACKSON_LABORATORIES,2105,,,2512-43492A
2561791011,NZO/HlLtJ,3740,,ACC_CAGE_8,230-F,1/20/26,F,LFD,283.05,273.17,53.77,7/8/26,DAY_9_ACC_SABLE,273.17,NO,D12450Ki,26011208A2i,JACKSON_LABORATORIES,2105,,,2512-43492A
2561791012,NZO/HlLtJ,3741,,ACC_CAGE_9,230-F,1/20/26,F,LFD,280.52,271.11,55.69,7/8/26,DAY_9_ACC_SABLE,271.11,NO,D12450Ki,26011208A2i,JACKSON_LABORATORIES,2105,,,2512-43492A
2561791013,NZO/HlLtJ,3742,3B,A8,370-F,2/10/26,F,LFD,26.44,21.04,42.17,7/8/26,REGAIN_DAY_22,21.04,NO,D12450Ki,26011208A2i,JACKSON_LABORATORIES,2105,,,2512-43492A
2561791014,NZO/HlLtJ,3743,3B,B8,370-F,2/10/26,F,LFD,28.11,21.95,42.44,7/8/26, REGAIN_DAY_22,21.95,NO,D12450Ki,26011208A2i,JACKSON_LABORATORIES,2105,,,2512-43492A
2561791015,NZO/HlLtJ,3744,3B,C8,370-F,2/10/26,F,LFD,25.92,20.01,43.68,7/8/26,REGAIN_DAY_4,20.01,NO,D12450Ki,26011208A2i,JACKSON_LABORATORIES,2105,,,2512-43492A
2561791016,NZO/HlLtJ,3745,3B,D8,370-F,2/10/26,F,LFD,27.2,22.48,39.38,7/8/26,REGAIN_DAY_4,22.48,NO,D12450Ki,26011208A2i,JACKSON_LABORATORIES,2105,,,2512-43492A
2561791017,NZO/HlLtJ,3746,,CAGE_3,230-F,2/10/26,F,LFD,267.96,265.77,34.77,7/8/26,SABLE_DAY_6_REGAIN_DAY_1,84.69,YES,D12450Ki,26011208A2i,JACKSON_LABORATORIES,2105,,,2512-43492A
2561791018,NZO/HlLtJ,3747,3B,B9,370-F,2/3/26,F,LFD,29.03,21.86,43.17,7/8/26,REGAIN_DAY_21,21.86,NO,D12450Ki,26011208A2i,JACKSON_LABORATORIES,2105,,,2512-43492A
2561791019,NZO/HlLtJ,3748,3B,C9,370-F,2/3/26,F,LFD,26.63,20.81,40.39,7/8/26,REGAIN_DAY_4,20.81,NO,D12450Ki,26011208A2i,JACKSON_LABORATORIES,2105,,,2512-43492A
2561791020,NZO/HlLtJ,3749,3B,D9,370-F,2/3/26,F,LFD,25.93,20.34,36.11,7/8/26,,20.34,NO,D12450Ki,26011208A2i,JACKSON_LABORATORIES,2105,,,2512-43492A
2561791021,NZO/HlLtJ,3750,3B,A10,370-F,2/3/26,F,LFD,29.42,22.17,49.78,7/8/26,REGAIN_DAY_22,22.17,NO,D12450Ki,26011208A2i,JACKSON_LABORATORIES,2105,,,2512-43492A
2561791022,NZO/HlLtJ,3751,3B,B10,370-F,1/27/26,F,LFD,29.54,22.66,42.38,7/8/26,REGAIN_DAY_22,22.66,NO,D12450Ki,26011208A2i,JACKSON_LABORATORIES,2105,,,2512-43492A
2561791023,NZO/HlLtJ,3752,,CAGE_5,230-F,1/27/26,F,LFD,266.01,263.94,36.52,7/8/26,SABLE_DAY_6_REGAIN_DAY_1,86.06,YES,D12450Ki,26011208A2i,JACKSON_LABORATORIES,2105,,,2512-43492A
2561791024,NZO/HlLtJ,3753,3B,D10,370-F,1/27/26,F,LFD,28.16,20.58,48.75,7/8/26,REGAIN_DAY_17,20.58,NO,D12450Ki,26011208A2i,JACKSON_LABORATORIES,2105,,,2512-43492A
2561791002,NZO/HlLtJ,3731,,ACC_CAGE_1,230-F,1/13/26,F,LFD,,,,7/9/26,DAY_10_ACC_SABLE_DAY_2_MOCK_INJECTIONS,,NO,D12450Ki,26011208A2i,JACKSON_LABORATORIES,2105,,,2512-43492A
2561791003,NZO/HlLtJ,3732,,ACC_CAGE_2,230-F,1/13/26,F,LFD,,,,7/9/26,DAY_10_ACC_SABLE_DAY_2_MOCK_INJECTIONS,,NO,D12450Ki,26011208A2i,JACKSON_LABORATORIES,2105,,,2512-43492A
2561791004,NZO/HlLtJ,3733,,ACC_CAGE_3,230-F,1/13/26,F,LFD,,,,7/9/26,DAY_10_ACC_SABLE_DAY_2_MOCK_INJECTIONS,,NO,D12450Ki,26011208A2i,JACKSON_LABORATORIES,2105,,,2512-43492A
2561791006,NZO/HlLtJ,3735,,ACC_CAGE_4,230-F,1/20/26,F,LFD,,,,7/9/26,DAY_10_ACC_SABLE_DAY_2_MOCK_INJECTIONS,,NO,D12450Ki,26011208A2i,JACKSON_LABORATORIES,2105,,,2512-43492A
2561791008,NZO/HlLtJ,3737,,ACC_CAGE_5,230-F,1/20/26,F,LFD,,,,7/9/26,DAY_10_ACC_SABLE_DAY_2_MOCK_INJECTIONS,,NO,D12450Ki,26011208A2i,JACKSON_LABORATORIES,2105,,,2512-43492A
2561791009,NZO/HlLtJ,3738,,ACC_CAGE_6,230-F,1/20/26,F,LFD,,,,7/9/26,DAY_10_ACC_SABLE_DAY_2_MOCK_INJECTIONS,,NO,D12450Ki,26011208A2i,JACKSON_LABORATORIES,2105,,,2512-43492A
2561791010,NZO/HlLtJ,3739,,ACC_CAGE_7,230-F,1/20/26,F,LFD,,,,7/9/26,DAY_10_ACC_SABLE_DAY_2_MOCK_INJECTIONS,,NO,D12450Ki,26011208A2i,JACKSON_LABORATORIES,2105,,,2512-43492A
2561791011,NZO/HlLtJ,3740,,ACC_CAGE_8,230-F,1/20/26,F,LFD,,,,7/9/26,DAY_10_ACC_SABLE_DAY_2_MOCK_INJECTIONS,,NO,D12450Ki,26011208A2i,JACKSON_LABORATORIES,2105,,,2512-43492A
2561791012,NZO/HlLtJ,3741,,ACC_CAGE_9,230-F,1/20/26,F,LFD,,,,7/9/26,DAY_10_ACC_SABLE_DAY_2_MOCK_INJECTIONS,,NO,D12450Ki,26011208A2i,JACKSON_LABORATORIES,2105,,,2512-43492A
2561791013,NZO/HlLtJ,3742,3B,A8,370-F,2/10/26,F,LFD,,,,7/9/26,REGAIN_DAY_23,,NO,D12450Ki,26011208A2i,JACKSON_LABORATORIES,2105,,,2512-43492A
2561791014,NZO/HlLtJ,3743,3B,B8,370-F,2/10/26,F,LFD,,,,7/9/26,REGAIN_DAY_23,,NO,D12450Ki,26011208A2i,JACKSON_LABORATORIES,2105,,,2512-43492A
2561791015,NZO/HlLtJ,3744,3B,C8,370-F,2/10/26,F,LFD,20.01,13.13,45.44,7/9/26,REGAIN_DAY_5,13.13,NO,D12450Ki,26011208A2i,JACKSON_LABORATORIES,2105,,,2512-43492A
2561791016,NZO/HlLtJ,3745,3B,D8,370-F,2/10/26,F,LFD,22.48,15.26,42.03,7/9/26,REGAIN_DAY_5,15.26,NO,D12450Ki,26011208A2i,JACKSON_LABORATORIES,2105,,,2512-43492A
2561791017,NZO/HlLtJ,3746,3B,A9,370-F,2/10/26,F,LFD,84.69,80.42,36.23,7/9/26,REGAIN_DAY_2,80.42,NO,D12450Ki,26011208A2i,JACKSON_LABORATORIES,2105,,,2512-43492A
2561791018,NZO/HlLtJ,3747,3B,B9,370-F,2/3/26,F,LFD,,,,7/9/26,REGAIN_DAY_22,,NO,D12450Ki,26011208A2i,JACKSON_LABORATORIES,2105,,,2512-43492A
2561791019,NZO/HlLtJ,3748,3B,C9,370-F,2/3/26,F,LFD,20.81,13.9,42.15,7/9/26,REGAIN_DAY_5,13.9,NO,D12450Ki,26011208A2i,JACKSON_LABORATORIES,2105,,,2512-43492A
2561791020,NZO/HlLtJ,3749,3B,D9,370-F,2/3/26,F,LFD,,,,7/9/26,,,NO,D12450Ki,26011208A2i,JACKSON_LABORATORIES,2105,,,2512-43492A
2561791021,NZO/HlLtJ,3750,3B,A10,370-F,2/3/26,F,LFD,,,,7/9/26,REGAIN_DAY_23,,NO,D12450Ki,26011208A2i,JACKSON_LABORATORIES,2105,,,2512-43492A
2561791022,NZO/HlLtJ,3751,3B,B10,370-F,1/27/26,F,LFD,,,,7/9/26,REGAIN_DAY_23,,NO,D12450Ki,26011208A2i,JACKSON_LABORATORIES,2105,,,2512-43492A
2561791023,NZO/HlLtJ,3752,3B,C10,370-F,1/27/26,F,LFD,86.06,83.48,35.43,7/9/26,REGAIN_DAY_2,83.48,NO,D12450Ki,26011208A2i,JACKSON_LABORATORIES,2105,,,2512-43492A
2561791024,NZO/HlLtJ,3753,3B,D10,370-F,1/27/26,F,LFD,,,,7/9/26,REGAIN_DAY_18,,NO,D12450Ki,26011208A2i,JACKSON_LABORATORIES,2105,,,2512-43492A
2561791002,NZO/HlLtJ,3731,,ACC_CAGE_1,230-F,1/13/26,F,LFD,271.74,262.21,49.37,7/10/26,DAY_11_ACC_SABLE,282.83,NO,D12450Ki,26011208A2i,JACKSON_LABORATORIES,2105,,,2512-43492A
2561791003,NZO/HlLtJ,3732,,ACC_CAGE_2,230-F,1/13/26,F,LFD,277.39,268.76,37,7/10/26,DAY_11_ACC_SABLE,279.05,NO,D12450Ki,26011208A2i,JACKSON_LABORATORIES,2105,,,2512-43492A
2561791004,NZO/HlLtJ,3733,,ACC_CAGE_3,230-F,1/13/26,F,LFD,266.13,255.18,45.68,7/10/26,DAY_11_ACC_SABLE,283.09,NO,D12450Ki,26011208A2i,JACKSON_LABORATORIES,2105,,,2512-43492A
2561791006,NZO/HlLtJ,3735,,ACC_CAGE_4,230-F,1/20/26,F,LFD,273.99,262.62,50.62,7/10/26,DAY_11_ACC_SABLE,282.69,NO,D12450Ki,26011208A2i,JACKSON_LABORATORIES,2105,,,2512-43492A
2561791008,NZO/HlLtJ,3737,,ACC_CAGE_5,230-F,1/20/26,F,LFD,272.4,262.69,51.54,7/10/26,DAY_11_ACC_SABLE,281.62,NO,D12450Ki,26011208A2i,JACKSON_LABORATORIES,2105,,,2512-43492A
2561791009,NZO/HlLtJ,3738,,ACC_CAGE_6,230-F,1/20/26,F,LFD,272.55,263.02,54.11,7/10/26,DAY_11_ACC_SABLE,282,NO,D12450Ki,26011208A2i,JACKSON_LABORATORIES,2105,,,2512-43492A
2561791010,NZO/HlLtJ,3739,,ACC_CAGE_7,230-F,1/20/26,F,LFD,271.6,261.55,54,7/10/26,DAY_11_ACC_SABLE,281.3,NO,D12450Ki,26011208A2i,JACKSON_LABORATORIES,2105,,,2512-43492A
2561791011,NZO/HlLtJ,3740,,ACC_CAGE_8,230-F,1/20/26,F,LFD,273.17,263.45,54.26,7/10/26,DAY_11_ACC_SABLE,278.71,NO,D12450Ki,26011208A2i,JACKSON_LABORATORIES,2105,,,2512-43492A
2561791012,NZO/HlLtJ,3741,,ACC_CAGE_9,230-F,1/20/26,F,LFD,271.11,261.01,56.6,7/10/26,DAY_11_ACC_SABLE,279.54,NO,D12450Ki,26011208A2i,JACKSON_LABORATORIES,2105,,,2512-43492A
2561791013,NZO/HlLtJ,3742,3B,A8,370-F,2/10/26,F,LFD,21.04,13.83,42.58,7/10/26,REGAIN_DAY_24,24.14,NO,D12450Ki,26011208A2i,JACKSON_LABORATORIES,2105,,,2512-43492A
2561791014,NZO/HlLtJ,3743,3B,B8,370-F,2/10/26,F,LFD,21.95,13.9,43.19,7/10/26,REGAIN_DAY_24,24.41,NO,D12450Ki,26011208A2i,JACKSON_LABORATORIES,2105,,,2512-43492A
2561791015,NZO/HlLtJ,3744,3B,C8,370-F,2/10/26,F,LFD,13.13,5.48,47.41,7/10/26,REGAIN_DAY_6,25.94,NO,D12450Ki,26011208A2i,JACKSON_LABORATORIES,2105,,,2512-43492A
2561791016,NZO/HlLtJ,3745,3B,D8,370-F,2/10/26,F,LFD,15.26,7.45,43.22,7/10/26,REGAIN_DAY_6,25.1,NO,D12450Ki,26011208A2i,JACKSON_LABORATORIES,2105,,,2512-43492A
2561791017,NZO/HlLtJ,3746,3B,A9,370-F,2/10/26,F,LFD,80.42,75.47,36.31,7/10/26,REGAIN_DAY_3,25.77,NO,D12450Ki,26011208A2i,JACKSON_LABORATORIES,2105,,,2512-43492A
2561791018,NZO/HlLtJ,3747,3B,B9,370-F,2/3/26,F,LFD,21.86,14.3,43.03,7/10/26,,25.12,NO,D12450Ki,26011208A2i,JACKSON_LABORATORIES,2105,,,2512-43492A
2561791019,NZO/HlLtJ,3748,3B,C9,370-F,2/3/26,F,LFD,13.9,5.97,43.87,7/10/26,REGAIN_DAY_6,25.41,NO,D12450Ki,26011208A2i,JACKSON_LABORATORIES,2105,,,2512-43492A
2561791020,NZO/HlLtJ,3749,3B,D9,370-F,2/3/26,F,LFD,20.34,11.57,37.32,7/10/26,,24,NO,D12450Ki,26011208A2i,JACKSON_LABORATORIES,2105,,,2512-43492A
2561791021,NZO/HlLtJ,3750,3B,A10,370-F,2/3/26,F,LFD,22.17,13.28,50.36,7/10/26,REGAIN_DAY_24,23.72,NO,D12450Ki,26011208A2i,JACKSON_LABORATORIES,2105,,,2512-43492A
2561791022,NZO/HlLtJ,3751,3B,B10,370-F,1/27/26,F,LFD,22.66,13.17,43.43,7/10/26,REGAIN_DAY_24,25.56,NO,D12450Ki,26011208A2i,JACKSON_LABORATORIES,2105,,,2512-43492A
2561791023,NZO/HlLtJ,3752,3B,C10,370-F,1/27/26,F,LFD,83.48,78.84,36.69,7/10/26,REGAIN_DAY_3,25.17,NO,D12450Ki,26011208A2i,JACKSON_LABORATORIES,2105,,,2512-43492A
2561791024,NZO/HlLtJ,3753,3B,D10,370-F,1/27/26,F,LFD,20.58,10.57,49.34,7/10/26,REGAIN_DAY_19,23.8,NO,D12450Ki,26011208A2i,JACKSON_LABORATORIES,2105,,,2512-43492A
2561791002,NZO/HlLtJ,3731,,ACC_CAGE_1,230-F,1/13/26,F,LFD,,,,7/11/26,DAY_12_ACC_SABLE,,NO,D12450Ki,26011208A2i,JACKSON_LABORATORIES,2105,,,2512-43492A
2561791003,NZO/HlLtJ,3732,,ACC_CAGE_2,230-F,1/13/26,F,LFD,,,,7/11/26,DAY_12_ACC_SABLE,,NO,D12450Ki,26011208A2i,JACKSON_LABORATORIES,2105,,,2512-43492A
2561791004,NZO/HlLtJ,3733,,ACC_CAGE_3,230-F,1/13/26,F,LFD,,,,7/11/26,DAY_12_ACC_SABLE,,NO,D12450Ki,26011208A2i,JACKSON_LABORATORIES,2105,,,2512-43492A
2561791006,NZO/HlLtJ,3735,,ACC_CAGE_4,230-F,1/20/26,F,LFD,,,,7/11/26,DAY_12_ACC_SABLE,,NO,D12450Ki,26011208A2i,JACKSON_LABORATORIES,2105,,,2512-43492A
2561791008,NZO/HlLtJ,3737,,ACC_CAGE_5,230-F,1/20/26,F,LFD,,,,7/11/26,DAY_12_ACC_SABLE,,NO,D12450Ki,26011208A2i,JACKSON_LABORATORIES,2105,,,2512-43492A
2561791009,NZO/HlLtJ,3738,,ACC_CAGE_6,230-F,1/20/26,F,LFD,,,,7/11/26,DAY_12_ACC_SABLE,,NO,D12450Ki,26011208A2i,JACKSON_LABORATORIES,2105,,,2512-43492A
2561791010,NZO/HlLtJ,3739,,ACC_CAGE_7,230-F,1/20/26,F,LFD,,,,7/11/26,DAY_12_ACC_SABLE,,NO,D12450Ki,26011208A2i,JACKSON_LABORATORIES,2105,,,2512-43492A
2561791011,NZO/HlLtJ,3740,,ACC_CAGE_8,230-F,1/20/26,F,LFD,,,,7/11/26,DAY_12_ACC_SABLE,,NO,D12450Ki,26011208A2i,JACKSON_LABORATORIES,2105,,,2512-43492A
2561791012,NZO/HlLtJ,3741,,ACC_CAGE_9,230-F,1/20/26,F,LFD,,,,7/11/26,DAY_12_ACC_SABLE,,NO,D12450Ki,26011208A2i,JACKSON_LABORATORIES,2105,,,2512-43492A
2561791013,NZO/HlLtJ,3742,3B,A8,370-F,2/10/26,F,LFD,,,,7/11/26,REGAIN_DAY_25,,NO,D12450Ki,26011208A2i,JACKSON_LABORATORIES,2105,,,2512-43492A
2561791014,NZO/HlLtJ,3743,3B,B8,370-F,2/10/26,F,LFD,,,,7/11/26,REGAIN_DAY_25,,NO,D12450Ki,26011208A2i,JACKSON_LABORATORIES,2105,,,2512-43492A
2561791015,NZO/HlLtJ,3744,3B,C8,370-F,2/10/26,F,LFD,,,,7/11/26,REGAIN_DAY_7,,NO,D12450Ki,26011208A2i,JACKSON_LABORATORIES,2105,,,2512-43492A
2561791016,NZO/HlLtJ,3745,3B,D8,370-F,2/10/26,F,LFD,,,,7/11/26,REGAIN_DAY_7,,NO,D12450Ki,26011208A2i,JACKSON_LABORATORIES,2105,,,2512-43492A
2561791017,NZO/HlLtJ,3746,3B,A9,370-F,2/10/26,F,LFD,,,,7/11/26,REGAIN_DAY_4,,NO,D12450Ki,26011208A2i,JACKSON_LABORATORIES,2105,,,2512-43492A
2561791018,NZO/HlLtJ,3747,3B,B9,370-F,2/3/26,F,LFD,,,,7/11/26,,,NO,D12450Ki,26011208A2i,JACKSON_LABORATORIES,2105,,,2512-43492A
2561791019,NZO/HlLtJ,3748,3B,C9,370-F,2/3/26,F,LFD,,,,7/11/26,REGAIN_DAY_7,,NO,D12450Ki,26011208A2i,JACKSON_LABORATORIES,2105,,,2512-43492A
2561791020,NZO/HlLtJ,3749,3B,D9,370-F,2/3/26,F,LFD,,,,7/11/26,,,NO,D12450Ki,26011208A2i,JACKSON_LABORATORIES,2105,,,2512-43492A
2561791021,NZO/HlLtJ,3750,3B,A10,370-F,2/3/26,F,LFD,,,,7/11/26,REGAIN_DAY_25,,NO,D12450Ki,26011208A2i,JACKSON_LABORATORIES,2105,,,2512-43492A
2561791022,NZO/HlLtJ,3751,3B,B10,370-F,1/27/26,F,LFD,,,,7/11/26,REGAIN_DAY_25,,NO,D12450Ki,26011208A2i,JACKSON_LABORATORIES,2105,,,2512-43492A
2561791023,NZO/HlLtJ,3752,3B,C10,370-F,1/27/26,F,LFD,,,,7/11/26,REGAIN_DAY_4,,NO,D12450Ki,26011208A2i,JACKSON_LABORATORIES,2105,,,2512-43492A
2561791024,NZO/HlLtJ,3753,3B,D10,370-F,1/27/26,F,LFD,,,,7/11/26,REGAIN_DAY_20,,NO,D12450Ki,26011208A2i,JACKSON_LABORATORIES,2105,,,2512-43492A
2561791002,NZO/HlLtJ,3731,,ACC_CAGE_1,230-F,1/13/26,F,LFD,,,,7/12/26,DAY_13_ACC_SABLE_DAY_3_MOCK_INJECTIONS,,NO,D12450Ki,26011208A2i,JACKSON_LABORATORIES,2105,,,2512-43492A
2561791003,NZO/HlLtJ,3732,,ACC_CAGE_2,230-F,1/13/26,F,LFD,,,,7/12/26,DAY_13_ACC_SABLE_DAY_3_MOCK_INJECTIONS,,NO,D12450Ki,26011208A2i,JACKSON_LABORATORIES,2105,,,2512-43492A
2561791004,NZO/HlLtJ,3733,,ACC_CAGE_3,230-F,1/13/26,F,LFD,,,,7/12/26,DAY_13_ACC_SABLE_DAY_3_MOCK_INJECTIONS,,NO,D12450Ki,26011208A2i,JACKSON_LABORATORIES,2105,,,2512-43492A
2561791006,NZO/HlLtJ,3735,,ACC_CAGE_4,230-F,1/20/26,F,LFD,,,,7/12/26,DAY_13_ACC_SABLE_DAY_3_MOCK_INJECTIONS,,NO,D12450Ki,26011208A2i,JACKSON_LABORATORIES,2105,,,2512-43492A
2561791008,NZO/HlLtJ,3737,,ACC_CAGE_5,230-F,1/20/26,F,LFD,,,,7/12/26,DAY_13_ACC_SABLE_DAY_3_MOCK_INJECTIONS,,NO,D12450Ki,26011208A2i,JACKSON_LABORATORIES,2105,,,2512-43492A
2561791009,NZO/HlLtJ,3738,,ACC_CAGE_6,230-F,1/20/26,F,LFD,,,,7/12/26,DAY_13_ACC_SABLE_DAY_3_MOCK_INJECTIONS,,NO,D12450Ki,26011208A2i,JACKSON_LABORATORIES,2105,,,2512-43492A
2561791010,NZO/HlLtJ,3739,,ACC_CAGE_7,230-F,1/20/26,F,LFD,,,,7/12/26,DAY_13_ACC_SABLE_DAY_3_MOCK_INJECTIONS,,NO,D12450Ki,26011208A2i,JACKSON_LABORATORIES,2105,,,2512-43492A
2561791011,NZO/HlLtJ,3740,,ACC_CAGE_8,230-F,1/20/26,F,LFD,,,,7/12/26,DAY_13_ACC_SABLE_DAY_3_MOCK_INJECTIONS,,NO,D12450Ki,26011208A2i,JACKSON_LABORATORIES,2105,,,2512-43492A
2561791012,NZO/HlLtJ,3741,,ACC_CAGE_9,230-F,1/20/26,F,LFD,,,,7/12/26,DAY_13_ACC_SABLE_DAY_3_MOCK_INJECTIONS,,NO,D12450Ki,26011208A2i,JACKSON_LABORATORIES,2105,,,2512-43492A
2561791013,NZO/HlLtJ,3742,3B,A8,370-F,2/10/26,F,LFD,,,,7/12/26,REGAIN_DAY_26,,NO,D12450Ki,26011208A2i,JACKSON_LABORATORIES,2105,,,2512-43492A
2561791014,NZO/HlLtJ,3743,3B,B8,370-F,2/10/26,F,LFD,,,,7/12/26,REGAIN_DAY_26,,NO,D12450Ki,26011208A2i,JACKSON_LABORATORIES,2105,,,2512-43492A
2561791015,NZO/HlLtJ,3744,3B,C8,370-F,2/10/26,F,LFD,,,,7/12/26,REGAIN_DAY_8,,NO,D12450Ki,26011208A2i,JACKSON_LABORATORIES,2105,,,2512-43492A
2561791016,NZO/HlLtJ,3745,3B,D8,370-F,2/10/26,F,LFD,,,,7/12/26,REGAIN_DAY_8,,NO,D12450Ki,26011208A2i,JACKSON_LABORATORIES,2105,,,2512-43492A
2561791017,NZO/HlLtJ,3746,3B,A9,370-F,2/10/26,F,LFD,,,,7/12/26,REGAIN_DAY_5,,NO,D12450Ki,26011208A2i,JACKSON_LABORATORIES,2105,,,2512-43492A
2561791018,NZO/HlLtJ,3747,3B,B9,370-F,2/3/26,F,LFD,,,,7/12/26,,,NO,D12450Ki,26011208A2i,JACKSON_LABORATORIES,2105,,,2512-43492A
2561791019,NZO/HlLtJ,3748,3B,C9,370-F,2/3/26,F,LFD,,,,7/12/26,REGAIN_DAY_8,,NO,D12450Ki,26011208A2i,JACKSON_LABORATORIES,2105,,,2512-43492A
2561791020,NZO/HlLtJ,3749,3B,D9,370-F,2/3/26,F,LFD,,,,7/12/26,,,NO,D12450Ki,26011208A2i,JACKSON_LABORATORIES,2105,,,2512-43492A
2561791021,NZO/HlLtJ,3750,3B,A10,370-F,2/3/26,F,LFD,,,,7/12/26,REGAIN_DAY_26,,NO,D12450Ki,26011208A2i,JACKSON_LABORATORIES,2105,,,2512-43492A
2561791022,NZO/HlLtJ,3751,3B,B10,370-F,1/27/26,F,LFD,,,,7/12/26,REGAIN_DAY_26,,NO,D12450Ki,26011208A2i,JACKSON_LABORATORIES,2105,,,2512-43492A
2561791023,NZO/HlLtJ,3752,3B,C10,370-F,1/27/26,F,LFD,,,,7/12/26,REGAIN_DAY_5,,NO,D12450Ki,26011208A2i,JACKSON_LABORATORIES,2105,,,2512-43492A
2561791024,NZO/HlLtJ,3753,3B,D10,370-F,1/27/26,F,LFD,,,,7/12/26,REGAIN_DAY_21,,NO,D12450Ki,26011208A2i,JACKSON_LABORATORIES,2105,,,2512-43492A
2561791002,NZO/HlLtJ,3731,,ACC_CAGE_1,230-F,1/13/26,F,LFD,282.83,266.68,50.8,7/13/26,DAY_14_ACC_SABLE,266.68,NO,D12450Ki,26011208A2i,JACKSON_LABORATORIES,2105,,,2512-43492A
2561791003,NZO/HlLtJ,3732,,ACC_CAGE_2,230-F,1/13/26,F,LFD,279.05,262.06,38.86,7/13/26,DAY_14_ACC_SABLE,262.06,NO,D12450Ki,26011208A2i,JACKSON_LABORATORIES,2105,,,2512-43492A
2561791004,NZO/HlLtJ,3733,,ACC_CAGE_3,230-F,1/13/26,F,LFD,283.09,271.3,45.94,7/13/26,DAY_14_ACC_SABLE,271.3,NO,D12450Ki,26011208A2i,JACKSON_LABORATORIES,2105,,,2512-43492A
2561791006,NZO/HlLtJ,3735,,ACC_CAGE_4,230-F,1/20/26,F,LFD,282.69,265.55,52.22,7/13/26,DAY_14_ACC_SABLE,265.55,NO,D12450Ki,26011208A2i,JACKSON_LABORATORIES,2105,,,2512-43492A
2561791008,NZO/HlLtJ,3737,,ACC_CAGE_5,230-F,1/20/26,F,LFD,281.62,268.28,50.95,7/13/26,DAY_14_ACC_SABLE,268.28,NO,D12450Ki,26011208A2i,JACKSON_LABORATORIES,2105,,,2512-43492A
2561791009,NZO/HlLtJ,3738,,ACC_CAGE_6,230-F,1/20/26,F,LFD,282,266.52,54.36,7/13/26,DAY_14_ACC_SABLE,266.52,NO,D12450Ki,26011208A2i,JACKSON_LABORATORIES,2105,,,2512-43492A
2561791010,NZO/HlLtJ,3739,,ACC_CAGE_7,230-F,1/20/26,F,LFD,281.3,266.54,54.61,7/13/26,DAY_14_ACC_SABLE,266.54,NO,D12450Ki,26011208A2i,JACKSON_LABORATORIES,2105,,,2512-43492A
2561791011,NZO/HlLtJ,3740,,ACC_CAGE_8,230-F,1/20/26,F,LFD,278.71,265.01,54.52,7/13/26,DAY_14_ACC_SABLE,265.01,NO,D12450Ki,26011208A2i,JACKSON_LABORATORIES,2105,,,2512-43492A
2561791012,NZO/HlLtJ,3741,,ACC_CAGE_9,230-F,1/20/26,F,LFD,279.54,264.89,57.28,7/13/26,DAY_14_ACC_SABLE,264.89,NO,D12450Ki,26011208A2i,JACKSON_LABORATORIES,2105,,,2512-43492A
2561791013,NZO/HlLtJ,3742,3B,A8,370-F,2/10/26,F,LFD,24.14,13.17,43.11,7/13/26,REGAIN_DAY_27,25.29,NO,D12450Ki,26011208A2i,JACKSON_LABORATORIES,2105,,,2512-43492A
2561791014,NZO/HlLtJ,3743,3B,B8,370-F,2/10/26,F,LFD,24.41,13.04,43.57,7/13/26,REGAIN_DAY_27,26.07,NO,D12450Ki,26011208A2i,JACKSON_LABORATORIES,2105,,,2512-43492A
2561791015,NZO/HlLtJ,3744,3B,C8,370-F,2/10/26,F,LFD,25.94,4.6,51.33,7/13/26,REGAIN_DAY_9,25.9,NO,D12450Ki,26011208A2i,JACKSON_LABORATORIES,2105,,,2512-43492A
2561791016,NZO/HlLtJ,3745,3B,D8,370-F,2/10/26,F,LFD,25.1,1.58,48.8,7/13/26,REGAIN_DAY_9,27.11,NO,D12450Ki,26011208A2i,JACKSON_LABORATORIES,2105,,,2512-43492A
2561791017,NZO/HlLtJ,3746,3B,A9,370-F,2/10/26,F,LFD,25.77,7.75,40.94,7/13/26,REGAIN_DAY_6,26.45,NO,D12450Ki,26011208A2i,JACKSON_LABORATORIES,2105,,,2512-43492A
2561791018,NZO/HlLtJ,3747,3B,B9,370-F,2/3/26,F,LFD,25.12,14.82,43.02,7/13/26,,26.89,NO,D12450Ki,26011208A2i,JACKSON_LABORATORIES,2105,,,2512-43492A
2561791019,NZO/HlLtJ,3748,3B,C9,370-F,2/3/26,F,LFD,25.41,3.84,48.02,7/13/26,REGAIN_DAY_9,28.48,NO,D12450Ki,26011208A2i,JACKSON_LABORATORIES,2105,,,2512-43492A
2561791020,NZO/HlLtJ,3749,3B,D9,370-F,2/3/26,F,LFD,24,12.95,37.78,7/13/26,,25.68,NO,D12450Ki,26011208A2i,JACKSON_LABORATORIES,2105,,,2512-43492A
2561791021,NZO/HlLtJ,3750,3B,A10,370-F,2/3/26,F,LFD,23.72,10.76,51.09,7/13/26,REGAIN_DAY_27,26.48,NO,D12450Ki,26011208A2i,JACKSON_LABORATORIES,2105,,,2512-43492A
2561791022,NZO/HlLtJ,3751,3B,B10,370-F,1/27/26,F,LFD,25.56,14.03,43.82,7/13/26,REGAIN_DAY_27,24.7,NO,D12450Ki,26011208A2i,JACKSON_LABORATORIES,2105,,,2512-43492A
2561791023,NZO/HlLtJ,3752,3B,C10,370-F,1/27/26,F,LFD,25.17,7.44,40.46,7/13/26,REGAIN_DAY_6,28.37,NO,D12450Ki,26011208A2i,JACKSON_LABORATORIES,2105,,,2512-43492A
2561791024,NZO/HlLtJ,3753,3B,D10,370-F,1/27/26,F,LFD,23.8,9.83,50.93,7/13/26,REGAIN_DAY_22,28.18,NO,D12450Ki,26011208A2i,JACKSON_LABORATORIES,2105,,,2512-43492A
2561791002,NZO/HlLtJ,3731,,ACC_CAGE_1,230-F,1/13/26,F,LFD,,,,7/14/26,DAY_15_ACC_SABLE,,NO,D12450Ki,26011208A2i,JACKSON_LABORATORIES,2105,,,2512-43492A
2561791003,NZO/HlLtJ,3732,,ACC_CAGE_2,230-F,1/13/26,F,LFD,,,,7/14/26,DAY_15_ACC_SABLE,,NO,D12450Ki,26011208A2i,JACKSON_LABORATORIES,2105,,,2512-43492A
2561791004,NZO/HlLtJ,3733,,ACC_CAGE_3,230-F,1/13/26,F,LFD,,,,7/14/26,DAY_15_ACC_SABLE,,NO,D12450Ki,26011208A2i,JACKSON_LABORATORIES,2105,,,2512-43492A
2561791006,NZO/HlLtJ,3735,,ACC_CAGE_4,230-F,1/20/26,F,LFD,,,,7/14/26,DAY_15_ACC_SABLE,,NO,D12450Ki,26011208A2i,JACKSON_LABORATORIES,2105,,,2512-43492A
2561791008,NZO/HlLtJ,3737,,ACC_CAGE_5,230-F,1/20/26,F,LFD,,,,7/14/26,DAY_15_ACC_SABLE,,NO,D12450Ki,26011208A2i,JACKSON_LABORATORIES,2105,,,2512-43492A
2561791009,NZO/HlLtJ,3738,,ACC_CAGE_6,230-F,1/20/26,F,LFD,,,,7/14/26,DAY_15_ACC_SABLE,,NO,D12450Ki,26011208A2i,JACKSON_LABORATORIES,2105,,,2512-43492A
2561791010,NZO/HlLtJ,3739,,ACC_CAGE_7,230-F,1/20/26,F,LFD,,,,7/14/26,DAY_15_ACC_SABLE,,NO,D12450Ki,26011208A2i,JACKSON_LABORATORIES,2105,,,2512-43492A
2561791011,NZO/HlLtJ,3740,,ACC_CAGE_8,230-F,1/20/26,F,LFD,,,,7/14/26,DAY_15_ACC_SABLE,,NO,D12450Ki,26011208A2i,JACKSON_LABORATORIES,2105,,,2512-43492A
2561791012,NZO/HlLtJ,3741,,ACC_CAGE_9,230-F,1/20/26,F,LFD,,,,7/14/26,DAY_15_ACC_SABLE,,NO,D12450Ki,26011208A2i,JACKSON_LABORATORIES,2105,,,2512-43492A
2561791013,NZO/HlLtJ,3742,3B,A8,370-F,2/10/26,F,LFD,,,,7/14/26,REGAIN_DAY_28,,NO,D12450Ki,26011208A2i,JACKSON_LABORATORIES,2105,,,2512-43492A
2561791014,NZO/HlLtJ,3743,3B,B8,370-F,2/10/26,F,LFD,,,,7/14/26,REGAIN_DAY_28,,NO,D12450Ki,26011208A2i,JACKSON_LABORATORIES,2105,,,2512-43492A
2561791015,NZO/HlLtJ,3744,3B,C8,370-F,2/10/26,F,LFD,,,,7/14/26,REGAIN_DAY_10,,NO,D12450Ki,26011208A2i,JACKSON_LABORATORIES,2105,,,2512-43492A
2561791016,NZO/HlLtJ,3745,3B,D8,370-F,2/10/26,F,LFD,,,,7/14/26,REGAIN_DAY_10,,NO,D12450Ki,26011208A2i,JACKSON_LABORATORIES,2105,,,2512-43492A
2561791017,NZO/HlLtJ,3746,3B,A9,370-F,2/10/26,F,LFD,,,,7/14/26,REGAIN_DAY_7,,NO,D12450Ki,26011208A2i,JACKSON_LABORATORIES,2105,,,2512-43492A
2561791018,NZO/HlLtJ,3747,3B,B9,370-F,2/3/26,F,LFD,,,,7/14/26,,,NO,D12450Ki,26011208A2i,JACKSON_LABORATORIES,2105,,,2512-43492A
2561791019,NZO/HlLtJ,3748,3B,C9,370-F,2/3/26,F,LFD,,,,7/14/26,REGAIN_DAY_10,,NO,D12450Ki,26011208A2i,JACKSON_LABORATORIES,2105,,,2512-43492A
2561791020,NZO/HlLtJ,3749,3B,D9,370-F,2/3/26,F,LFD,,,,7/14/26,,,NO,D12450Ki,26011208A2i,JACKSON_LABORATORIES,2105,,,2512-43492A
2561791021,NZO/HlLtJ,3750,3B,A10,370-F,2/3/26,F,LFD,,,,7/14/26,REGAIN_DAY_28,,NO,D12450Ki,26011208A2i,JACKSON_LABORATORIES,2105,,,2512-43492A
2561791022,NZO/HlLtJ,3751,3B,B10,370-F,1/27/26,F,LFD,,,,7/14/26,REGAIN_DAY_28,,NO,D12450Ki,26011208A2i,JACKSON_LABORATORIES,2105,,,2512-43492A
2561791023,NZO/HlLtJ,3752,3B,C10,370-F,1/27/26,F,LFD,,,,7/14/26,REGAIN_DAY_7,,NO,D12450Ki,26011208A2i,JACKSON_LABORATORIES,2105,,,2512-43492A
2561791024,NZO/HlLtJ,3753,3B,D10,370-F,1/27/26,F,LFD,,,,7/14/26,REGAIN_DAY_23,,NO,D12450Ki,26011208A2i,JACKSON_LABORATORIES,2105,,,2512-43492A
2561791002,NZO/HlLtJ,3731,,ACC_CAGE_1,230-F,1/13/26,F,LFD,266.68,255.94,51.91,7/15/26,DAY_16_ACC_SABLE_DAY_4_MOCK_INJECTIONS,289.16,NO,D12450Ki,26011208A2i,JACKSON_LABORATORIES,2105,,,2512-43492A
2561791003,NZO/HlLtJ,3732,,ACC_CAGE_2,230-F,1/13/26,F,LFD,262.06,251.45,39.92,7/15/26,DAY_16_ACC_SABLE_DAY_4_MOCK_INJECTIONS,287.17,NO,D12450Ki,26011208A2i,JACKSON_LABORATORIES,2105,,,2512-43492A
2561791004,NZO/HlLtJ,3733,,ACC_CAGE_3,230-F,1/13/26,F,LFD,271.3,260.73,47.41,7/15/26,DAY_16_ACC_SABLE_DAY_4_MOCK_INJECTIONS,288.35,NO,D12450Ki,26011208A2i,JACKSON_LABORATORIES,2105,,,2512-43492A
2561791006,NZO/HlLtJ,3735,,ACC_CAGE_4,230-F,1/20/26,F,LFD,265.55,254.78,52.91,7/15/26,DAY_16_ACC_SABLE_DAY_4_MOCK_INJECTIONS,285.62,NO,D12450Ki,26011208A2i,JACKSON_LABORATORIES,2105,,,2512-43492A
2561791008,NZO/HlLtJ,3737,,ACC_CAGE_5,230-F,1/20/26,F,LFD,268.28,258.6,51.76,7/15/26,DAY_16_ACC_SABLE_DAY_4_MOCK_INJECTIONS,286.72,NO,D12450Ki,26011208A2i,JACKSON_LABORATORIES,2105,,,2512-43492A
2561791009,NZO/HlLtJ,3738,,ACC_CAGE_6,230-F,1/20/26,F,LFD,266.52,257.1,54.55,7/15/26,DAY_16_ACC_SABLE_DAY_4_MOCK_INJECTIONS,289.22,NO,D12450Ki,26011208A2i,JACKSON_LABORATORIES,2105,,,2512-43492A
2561791010,NZO/HlLtJ,3739,,ACC_CAGE_7,230-F,1/20/26,F,LFD,266.54,256.43,55.35,7/15/26,DAY_16_ACC_SABLE_DAY_4_MOCK_INJECTIONS,284.76,NO,D12450Ki,26011208A2i,JACKSON_LABORATORIES,2105,,,2512-43492A
2561791011,NZO/HlLtJ,3740,,ACC_CAGE_8,230-F,1/20/26,F,LFD,265.01,255.06,56.05,7/15/26,DAY_16_ACC_SABLE_DAY_4_MOCK_INJECTIONS,285.16,NO,D12450Ki,26011208A2i,JACKSON_LABORATORIES,2105,,,2512-43492A
2561791012,NZO/HlLtJ,3741,,ACC_CAGE_9,230-F,1/20/26,F,LFD,264.89,252.93,58.32,7/15/26,DAY_16_ACC_SABLE_DAY_4_MOCK_INJECTIONS,287.39,NO,D12450Ki,26011208A2i,JACKSON_LABORATORIES,2105,,,2512-43492A
2561791013,NZO/HlLtJ,3742,3B,A8,370-F,2/10/26,F,LFD,25.29,18.31,43.25,7/15/26,REGAIN_DAY_29,18.31,NO,D12450Ki,26011208A2i,JACKSON_LABORATORIES,2105,,,2512-43492A
2561791014,NZO/HlLtJ,3743,3B,B8,370-F,2/10/26,F,LFD,26.07,19.02,43.29,7/15/26,REGAIN_DAY_29,19.02,NO,D12450Ki,26011208A2i,JACKSON_LABORATORIES,2105,,,2512-43492A
2561791015,NZO/HlLtJ,3744,3B,C8,370-F,2/10/26,F,LFD,25.9,15.91,50.83,7/15/26,REGAIN_DAY_11,15.91,NO,D12450Ki,26011208A2i,JACKSON_LABORATORIES,2105,,,2512-43492A
2561791016,NZO/HlLtJ,3745,3B,D8,370-F,2/10/26,F,LFD,27.11,14.34,49.8,7/15/26,REGAIN_DAY_11,14.34,NO,D12450Ki,26011208A2i,JACKSON_LABORATORIES,2105,,,2512-43492A
2561791017,NZO/HlLtJ,3746,3B,A9,370-F,2/10/26,F,LFD,26.45,15.2,42.04,7/15/26,REGAIN_DAY_8,15.2,NO,D12450Ki,26011208A2i,JACKSON_LABORATORIES,2105,,,2512-43492A
2561791018,NZO/HlLtJ,3747,3B,B9,370-F,2/3/26,F,LFD,26.89,20.93,42.77,7/15/26,,20.93,NO,D12450Ki,26011208A2i,JACKSON_LABORATORIES,2105,,,2512-43492A
2561791019,NZO/HlLtJ,3748,3B,C9,370-F,2/3/26,F,LFD,28.48,18.35,49.05,7/15/26,REGAIN_DAY_11,18.35,NO,D12450Ki,26011208A2i,JACKSON_LABORATORIES,2105,,,2512-43492A
2561791020,NZO/HlLtJ,3749,3B,D9,370-F,2/3/26,F,LFD,25.68,18.32,38.53,7/15/26,,18.32,NO,D12450Ki,26011208A2i,JACKSON_LABORATORIES,2105,,,2512-43492A
2561791021,NZO/HlLtJ,3750,3B,A10,370-F,2/3/26,F,LFD,26.48,19.93,50.95,7/15/26,REGAIN_DAY_29,19.93,NO,D12450Ki,26011208A2i,JACKSON_LABORATORIES,2105,,,2512-43492A
2561791022,NZO/HlLtJ,3751,3B,B10,370-F,1/27/26,F,LFD,24.7,17.99,43.73,7/15/26,REGAIN_DAY_29,17.99,NO,D12450Ki,26011208A2i,JACKSON_LABORATORIES,2105,,,2512-43492A
2561791023,NZO/HlLtJ,3752,3B,C10,370-F,1/27/26,F,LFD,28.37,16.53,43.12,7/15/26,REGAIN_DAY_8,16.53,NO,D12450Ki,26011208A2i,JACKSON_LABORATORIES,2105,,,2512-43492A
2561791024,NZO/HlLtJ,3753,3B,D10,370-F,1/27/26,F,LFD,28.18,20.77,50.12,7/15/26,REGAIN_DAY_24,20.77,NO,D12450Ki,26011208A2i,JACKSON_LABORATORIES,2105,,,2512-43492A
2561791002,NZO/HlLtJ,3731,,CAGE_1,230-F,1/13/26,F,LFD,,,,7/16/26,SABLE_DAY_1,,YES,D12450Ki,26011208A2i,JACKSON_LABORATORIES,2105,,,2512-43492A
2561791003,NZO/HlLtJ,3732,,CAGE_2,230-F,1/13/26,F,LFD,,,,7/16/26,SABLE_DAY_1,,YES,D12450Ki,26011208A2i,JACKSON_LABORATORIES,2105,,,2512-43492A
2561791004,NZO/HlLtJ,3733,,CAGE_3,230-F,1/13/26,F,LFD,,,,7/16/26,SABLE_DAY_1,,YES,D12450Ki,26011208A2i,JACKSON_LABORATORIES,2105,,,2512-43492A
2561791006,NZO/HlLtJ,3735,,CAGE_4,230-F,1/20/26,F,LFD,,,,7/16/26,SABLE_DAY_1,,YES,D12450Ki,26011208A2i,JACKSON_LABORATORIES,2105,,,2512-43492A
2561791008,NZO/HlLtJ,3737,,CAGE_5,230-F,1/20/26,F,LFD,,,,7/16/26,SABLE_DAY_1,,YES,D12450Ki,26011208A2i,JACKSON_LABORATORIES,2105,,,2512-43492A
2561791009,NZO/HlLtJ,3738,,ACC_CAGE_6,230-F,1/20/26,F,LFD,,,,7/16/26,,,NO,D12450Ki,26011208A2i,JACKSON_LABORATORIES,2105,,,2512-43492A
2561791010,NZO/HlLtJ,3739,,CAGE_6,230-F,1/20/26,F,LFD,,,,7/16/26,SABLE_DAY_1,,YES,D12450Ki,26011208A2i,JACKSON_LABORATORIES,2105,,,2512-43492A
2561791011,NZO/HlLtJ,3740,,CAGE_7,230-F,1/20/26,F,LFD,,,,7/16/26,SABLE_DAY_1,,YES,D12450Ki,26011208A2i,JACKSON_LABORATORIES,2105,,,2512-43492A
2561791012,NZO/HlLtJ,3741,,CAGE_8,230-F,1/20/26,F,LFD,,,,7/16/26,SABLE_DAY_1,,YES,D12450Ki,26011208A2i,JACKSON_LABORATORIES,2105,,,2512-43492A
2561791013,NZO/HlLtJ,3742,3B,A8,370-F,2/10/26,F,LFD,,,,7/16/26,,,NO,D12450Ki,26011208A2i,JACKSON_LABORATORIES,2105,,,2512-43492A
2561791014,NZO/HlLtJ,3743,3B,B8,370-F,2/10/26,F,LFD,,,,7/16/26,,,NO,D12450Ki,26011208A2i,JACKSON_LABORATORIES,2105,,,2512-43492A
2561791015,NZO/HlLtJ,3744,3B,C8,370-F,2/10/26,F,LFD,,,,7/16/26,REGAIN_DAY_12,,NO,D12450Ki,26011208A2i,JACKSON_LABORATORIES,2105,,,2512-43492A
2561791016,NZO/HlLtJ,3745,3B,D8,370-F,2/10/26,F,LFD,,,,7/16/26,REGAIN_DAY_12,,NO,D12450Ki,26011208A2i,JACKSON_LABORATORIES,2105,,,2512-43492A
2561791017,NZO/HlLtJ,3746,3B,A9,370-F,2/10/26,F,LFD,,,,7/16/26,REGAIN_DAY_9,,NO,D12450Ki,26011208A2i,JACKSON_LABORATORIES,2105,,,2512-43492A
2561791018,NZO/HlLtJ,3747,3B,B9,370-F,2/3/26,F,LFD,,,,7/16/26,,,NO,D12450Ki,26011208A2i,JACKSON_LABORATORIES,2105,,,2512-43492A
2561791019,NZO/HlLtJ,3748,3B,C9,370-F,2/3/26,F,LFD,,,,7/16/26,REGAIN_DAY_12,,NO,D12450Ki,26011208A2i,JACKSON_LABORATORIES,2105,,,2512-43492A
2561791020,NZO/HlLtJ,3749,3B,D9,370-F,2/3/26,F,LFD,,,,7/16/26,,,NO,D12450Ki,26011208A2i,JACKSON_LABORATORIES,2105,,,2512-43492A
2561791021,NZO/HlLtJ,3750,3B,A10,370-F,2/3/26,F,LFD,,,,7/16/26,,,NO,D12450Ki,26011208A2i,JACKSON_LABORATORIES,2105,,,2512-43492A
2561791022,NZO/HlLtJ,3751,3B,B10,370-F,1/27/26,F,LFD,,,,7/16/26,,,NO,D12450Ki,26011208A2i,JACKSON_LABORATORIES,2105,,,2512-43492A
2561791023,NZO/HlLtJ,3752,3B,C10,370-F,1/27/26,F,LFD,,,,7/16/26,REGAIN_DAY_9,,NO,D12450Ki,26011208A2i,JACKSON_LABORATORIES,2105,,,2512-43492A
2561791024,NZO/HlLtJ,3753,3B,D10,370-F,1/27/26,F,LFD,,,,7/16/26,REGAIN_DAY_25,,NO,D12450Ki,26011208A2i,JACKSON_LABORATORIES,2105,,,2512-43492A
2561791002,NZO/HlLtJ,3731,,CAGE_1,230-F,1/13/26,F,LFD,289.16,282.49,51.7,7/17/26,SABLE_DAY_2,282.49,YES,D12450Ki,26011208A2i,JACKSON_LABORATORIES,2105,,,2512-43492A
2561791003,NZO/HlLtJ,3732,,CAGE_2,230-F,1/13/26,F,LFD,287.17,281.43,39.55,7/17/26,SABLE_DAY_2,281.43,YES,D12450Ki,26011208A2i,JACKSON_LABORATORIES,2105,,,2512-43492A
2561791004,NZO/HlLtJ,3733,,CAGE_3,230-F,1/13/26,F,LFD,288.35,284.11,46,7/17/26,SABLE_DAY_2,284.11,YES,D12450Ki,26011208A2i,JACKSON_LABORATORIES,2105,,,2512-43492A
2561791006,NZO/HlLtJ,3735,,CAGE_4,230-F,1/20/26,F,LFD,285.62,277.86,53.66,7/17/26,SABLE_DAY_2,277.86,YES,D12450Ki,26011208A2i,JACKSON_LABORATORIES,2105,,,2512-43492A
2561791008,NZO/HlLtJ,3737,,CAGE_5,230-F,1/20/26,F,LFD,286.72,281.18,51.26,7/17/26,SABLE_DAY_2,281.18,YES,D12450Ki,26011208A2i,JACKSON_LABORATORIES,2105,,,2512-43492A
2561791009,NZO/HlLtJ,3738,,ACC_CAGE_6,230-F,1/20/26,F,LFD,289.22,283.88,53.11,7/17/26,,283.88,NO,D12450Ki,26011208A2i,JACKSON_LABORATORIES,2105,,,2512-43492A
2561791010,NZO/HlLtJ,3739,,CAGE_6,230-F,1/20/26,F,LFD,284.76,277.29,56.18,7/17/26,SABLE_DAY_2,277.29,YES,D12450Ki,26011208A2i,JACKSON_LABORATORIES,2105,,,2512-43492A
2561791011,NZO/HlLtJ,3740,,CAGE_7,230-F,1/20/26,F,LFD,285.16,278.49,55.77,7/17/26,SABLE_DAY_2,278.49,YES,D12450Ki,26011208A2i,JACKSON_LABORATORIES,2105,,,2512-43492A
2561791012,NZO/HlLtJ,3741,,CAGE_8,230-F,1/20/26,F,LFD,287.39,279.32,58.21,7/17/26,SABLE_DAY_2,279.32,YES,D12450Ki,26011208A2i,JACKSON_LABORATORIES,2105,,,2512-43492A
2561791013,NZO/HlLtJ,3742,3B,A8,370-F,2/10/26,F,LFD,18.31,12.1,43.04,7/17/26,,23.87,NO,D12450Ki,26011208A2i,JACKSON_LABORATORIES,2105,,,2512-43492A
2561791014,NZO/HlLtJ,3743,3B,B8,370-F,2/10/26,F,LFD,19.02,10.64,43.82,7/17/26,,26.12,NO,D12450Ki,26011208A2i,JACKSON_LABORATORIES,2105,,,2512-43492A
2561791015,NZO/HlLtJ,3744,3B,C8,370-F,2/10/26,F,LFD,15.91,5.65,51.5,7/17/26,REGAIN_DAY_13,23.86,NO,D12450Ki,26011208A2i,JACKSON_LABORATORIES,2105,,,2512-43492A
2561791016,NZO/HlLtJ,3745,3B,D8,370-F,2/10/26,F,LFD,14.34,2.49,50.71,7/17/26,REGAIN_DAY_13,24.9,NO,D12450Ki,26011208A2i,JACKSON_LABORATORIES,2105,,,2512-43492A
2561791017,NZO/HlLtJ,3746,3B,A9,370-F,2/10/26,F,LFD,15.2,2.85,44.41,7/17/26,REGAIN_DAY_10,25.9,NO,D12450Ki,26011208A2i,JACKSON_LABORATORIES,2105,,,2512-43492A
2561791018,NZO/HlLtJ,3747,3B,B9,370-F,2/3/26,F,LFD,20.93,12.1,43.93,7/17/26,,25.47,NO,D12450Ki,26011208A2i,JACKSON_LABORATORIES,2105,,,2512-43492A
2561791019,NZO/HlLtJ,3748,3B,C9,370-F,2/3/26,F,LFD,18.35,7.02,50.07,7/17/26,REGAIN_DAY_13,26.26,NO,D12450Ki,26011208A2i,JACKSON_LABORATORIES,2105,,,2512-43492A
2561791020,NZO/HlLtJ,3749,3B,D9,370-F,2/3/26,F,LFD,18.32,10.86,38.86,7/17/26,,24.72,NO,D12450Ki,26011208A2i,JACKSON_LABORATORIES,2105,,,2512-43492A
2561791021,NZO/HlLtJ,3750,3B,A10,370-F,2/3/26,F,LFD,19.93,12.8,50.51,7/17/26,,24.62,NO,D12450Ki,26011208A2i,JACKSON_LABORATORIES,2105,,,2512-43492A
2561791022,NZO/HlLtJ,3751,3B,B10,370-F,1/27/26,F,LFD,17.99,9.26,43.74,7/17/26,,23.08,NO,D12450Ki,26011208A2i,JACKSON_LABORATORIES,2105,,,2512-43492A
2561791023,NZO/HlLtJ,3752,3B,C10,370-F,1/27/26,F,LFD,16.53,2.44,45.12,7/17/26,REGAIN_DAY_10,22.9,NO,D12450Ki,26011208A2i,JACKSON_LABORATORIES,2105,,,2512-43492A
2561791024,NZO/HlLtJ,3753,3B,D10,370-F,1/27/26,F,LFD,20.77,11.38,50.72,7/17/26,REGAIN_DAY_26,24.15,NO,D12450Ki,26011208A2i,JACKSON_LABORATORIES,2105,,,2512-43492A
2561791002,NZO/HlLtJ,3731,,CAGE_1,230-F,1/13/26,F,LFD,,,,7/18/26,SABLE_DAY_3_OXA_1,,YES,D12450Ki,26011208A2i,JACKSON_LABORATORIES,2105,,,2512-43492A
2561791003,NZO/HlLtJ,3732,,CAGE_2,230-F,1/13/26,F,LFD,,,,7/18/26,SABLE_DAY_3_OXA_1,,YES,D12450Ki,26011208A2i,JACKSON_LABORATORIES,2105,,,2512-43492A
2561791004,NZO/HlLtJ,3733,,CAGE_3,230-F,1/13/26,F,LFD,,,,7/18/26,SABLE_DAY_3_OXA_1,,YES,D12450Ki,26011208A2i,JACKSON_LABORATORIES,2105,,,2512-43492A
2561791006,NZO/HlLtJ,3735,,CAGE_4,230-F,1/20/26,F,LFD,,,,7/18/26,SABLE_DAY_3_OXA_1,,YES,D12450Ki,26011208A2i,JACKSON_LABORATORIES,2105,,,2512-43492A
2561791008,NZO/HlLtJ,3737,,CAGE_5,230-F,1/20/26,F,LFD,,,,7/18/26,SABLE_DAY_3_OXA_1,,YES,D12450Ki,26011208A2i,JACKSON_LABORATORIES,2105,,,2512-43492A
2561791009,NZO/HlLtJ,3738,,ACC_CAGE_6,230-F,1/20/26,F,LFD,,,,7/18/26,,,NO,D12450Ki,26011208A2i,JACKSON_LABORATORIES,2105,,,2512-43492A
2561791010,NZO/HlLtJ,3739,,CAGE_6,230-F,1/20/26,F,LFD,,,,7/18/26,SABLE_DAY_3_OXA_1,,YES,D12450Ki,26011208A2i,JACKSON_LABORATORIES,2105,,,2512-43492A
2561791011,NZO/HlLtJ,3740,,CAGE_7,230-F,1/20/26,F,LFD,,,,7/18/26,SABLE_DAY_3_OXA_1,,YES,D12450Ki,26011208A2i,JACKSON_LABORATORIES,2105,,,2512-43492A
2561791012,NZO/HlLtJ,3741,,CAGE_8,230-F,1/20/26,F,LFD,,,,7/18/26,SABLE_DAY_3_OXA_1,,YES,D12450Ki,26011208A2i,JACKSON_LABORATORIES,2105,,,2512-43492A
2561791013,NZO/HlLtJ,3742,3B,A8,370-F,2/10/26,F,LFD,,,,7/18/26,,,NO,D12450Ki,26011208A2i,JACKSON_LABORATORIES,2105,,,2512-43492A
2561791014,NZO/HlLtJ,3743,3B,B8,370-F,2/10/26,F,LFD,,,,7/18/26,,,NO,D12450Ki,26011208A2i,JACKSON_LABORATORIES,2105,,,2512-43492A
2561791015,NZO/HlLtJ,3744,3B,C8,370-F,2/10/26,F,LFD,,,,7/18/26,REGAIN_DAY_14,,NO,D12450Ki,26011208A2i,JACKSON_LABORATORIES,2105,,,2512-43492A
2561791016,NZO/HlLtJ,3745,3B,D8,370-F,2/10/26,F,LFD,,,,7/18/26,REGAIN_DAY_14,,NO,D12450Ki,26011208A2i,JACKSON_LABORATORIES,2105,,,2512-43492A
2561791017,NZO/HlLtJ,3746,3B,A9,370-F,2/10/26,F,LFD,,,,7/18/26,REGAIN_DAY_11,,NO,D12450Ki,26011208A2i,JACKSON_LABORATORIES,2105,,,2512-43492A
2561791018,NZO/HlLtJ,3747,3B,B9,370-F,2/3/26,F,LFD,,,,7/18/26,,,NO,D12450Ki,26011208A2i,JACKSON_LABORATORIES,2105,,,2512-43492A
2561791019,NZO/HlLtJ,3748,3B,C9,370-F,2/3/26,F,LFD,,,,7/18/26,REGAIN_DAY_14,,NO,D12450Ki,26011208A2i,JACKSON_LABORATORIES,2105,,,2512-43492A
2561791020,NZO/HlLtJ,3749,3B,D9,370-F,2/3/26,F,LFD,,,,7/18/26,,,NO,D12450Ki,26011208A2i,JACKSON_LABORATORIES,2105,,,2512-43492A
2561791021,NZO/HlLtJ,3750,3B,A10,370-F,2/3/26,F,LFD,,,,7/18/26,,,NO,D12450Ki,26011208A2i,JACKSON_LABORATORIES,2105,,,2512-43492A
2561791022,NZO/HlLtJ,3751,3B,B10,370-F,1/27/26,F,LFD,,,,7/18/26,,,NO,D12450Ki,26011208A2i,JACKSON_LABORATORIES,2105,,,2512-43492A
2561791023,NZO/HlLtJ,3752,3B,C10,370-F,1/27/26,F,LFD,,,,7/18/26,REGAIN_DAY_11,,NO,D12450Ki,26011208A2i,JACKSON_LABORATORIES,2105,,,2512-43492A
2561791024,NZO/HlLtJ,3753,3B,D10,370-F,1/27/26,F,LFD,,,,7/18/26,REGAIN_DAY_27,,NO,D12450Ki,26011208A2i,JACKSON_LABORATORIES,2105,,,2512-43492A
2561791002,NZO/HlLtJ,3731,,CAGE_1,230-F,1/13/26,F,LFD,,,,7/19/26,SABLE_DAY_4,,YES,D12450Ki,26011208A2i,JACKSON_LABORATORIES,2105,,,2512-43492A
2561791003,NZO/HlLtJ,3732,,CAGE_2,230-F,1/13/26,F,LFD,,,,7/19/26,SABLE_DAY_4,,YES,D12450Ki,26011208A2i,JACKSON_LABORATORIES,2105,,,2512-43492A
2561791004,NZO/HlLtJ,3733,,CAGE_3,230-F,1/13/26,F,LFD,,,,7/19/26,SABLE_DAY_4,,YES,D12450Ki,26011208A2i,JACKSON_LABORATORIES,2105,,,2512-43492A
2561791006,NZO/HlLtJ,3735,,CAGE_4,230-F,1/20/26,F,LFD,,,,7/19/26,SABLE_DAY_4,,YES,D12450Ki,26011208A2i,JACKSON_LABORATORIES,2105,,,2512-43492A
2561791008,NZO/HlLtJ,3737,,CAGE_5,230-F,1/20/26,F,LFD,,,,7/19/26,SABLE_DAY_4,,YES,D12450Ki,26011208A2i,JACKSON_LABORATORIES,2105,,,2512-43492A
2561791009,NZO/HlLtJ,3738,,ACC_CAGE_6,230-F,1/20/26,F,LFD,,,,7/19/26,,,NO,D12450Ki,26011208A2i,JACKSON_LABORATORIES,2105,,,2512-43492A
2561791010,NZO/HlLtJ,3739,,CAGE_6,230-F,1/20/26,F,LFD,,,,7/19/26,SABLE_DAY_4,,YES,D12450Ki,26011208A2i,JACKSON_LABORATORIES,2105,,,2512-43492A
2561791011,NZO/HlLtJ,3740,,CAGE_7,230-F,1/20/26,F,LFD,,,,7/19/26,SABLE_DAY_4,,YES,D12450Ki,26011208A2i,JACKSON_LABORATORIES,2105,,,2512-43492A
2561791012,NZO/HlLtJ,3741,,CAGE_8,230-F,1/20/26,F,LFD,,,,7/19/26,SABLE_DAY_4,,YES,D12450Ki,26011208A2i,JACKSON_LABORATORIES,2105,,,2512-43492A
2561791013,NZO/HlLtJ,3742,3B,A8,370-F,2/10/26,F,LFD,,,,7/19/26,,,NO,D12450Ki,26011208A2i,JACKSON_LABORATORIES,2105,,,2512-43492A
2561791014,NZO/HlLtJ,3743,3B,B8,370-F,2/10/26,F,LFD,,,,7/19/26,,,NO,D12450Ki,26011208A2i,JACKSON_LABORATORIES,2105,,,2512-43492A
2561791015,NZO/HlLtJ,3744,3B,C8,370-F,2/10/26,F,LFD,,,,7/19/26,REGAIN_DAY_15,,NO,D12450Ki,26011208A2i,JACKSON_LABORATORIES,2105,,,2512-43492A
2561791016,NZO/HlLtJ,3745,3B,D8,370-F,2/10/26,F,LFD,,,,7/19/26,REGAIN_DAY_15,,NO,D12450Ki,26011208A2i,JACKSON_LABORATORIES,2105,,,2512-43492A
2561791017,NZO/HlLtJ,3746,3B,A9,370-F,2/10/26,F,LFD,,,,7/19/26,REGAIN_DAY_12,,NO,D12450Ki,26011208A2i,JACKSON_LABORATORIES,2105,,,2512-43492A
2561791018,NZO/HlLtJ,3747,3B,B9,370-F,2/3/26,F,LFD,,,,7/19/26,,,NO,D12450Ki,26011208A2i,JACKSON_LABORATORIES,2105,,,2512-43492A
2561791019,NZO/HlLtJ,3748,3B,C9,370-F,2/3/26,F,LFD,,,,7/19/26,REGAIN_DAY_15,,NO,D12450Ki,26011208A2i,JACKSON_LABORATORIES,2105,,,2512-43492A
2561791020,NZO/HlLtJ,3749,3B,D9,370-F,2/3/26,F,LFD,,,,7/19/26,,,NO,D12450Ki,26011208A2i,JACKSON_LABORATORIES,2105,,,2512-43492A
2561791021,NZO/HlLtJ,3750,3B,A10,370-F,2/3/26,F,LFD,,,,7/19/26,,,NO,D12450Ki,26011208A2i,JACKSON_LABORATORIES,2105,,,2512-43492A
2561791022,NZO/HlLtJ,3751,3B,B10,370-F,1/27/26,F,LFD,,,,7/19/26,,,NO,D12450Ki,26011208A2i,JACKSON_LABORATORIES,2105,,,2512-43492A
2561791023,NZO/HlLtJ,3752,3B,C10,370-F,1/27/26,F,LFD,,,,7/19/26,REGAIN_DAY_12,,NO,D12450Ki,26011208A2i,JACKSON_LABORATORIES,2105,,,2512-43492A
2561791024,NZO/HlLtJ,3753,3B,D10,370-F,1/27/26,F,LFD,,,,7/19/26,REGAIN_DAY_28,,NO,D12450Ki,26011208A2i,JACKSON_LABORATORIES,2105,,,2512-43492A
2561791002,NZO/HlLtJ,3731,,CAGE_1,230-F,1/13/26,F,LFD,282.49,267.92,52.02,7/20/26,SABLE_DAY_5,267.92,YES,D12450Ki,26011208A2i,JACKSON_LABORATORIES,2105,,,2512-43492A
2561791003,NZO/HlLtJ,3732,,CAGE_2,230-F,1/13/26,F,LFD,281.43,268.08,40.27,7/20/26,SABLE_DAY_5,268.08,YES,D12450Ki,26011208A2i,JACKSON_LABORATORIES,2105,,,2512-43492A
2561791004,NZO/HlLtJ,3733,,CAGE_3,230-F,1/13/26,F,LFD,284.11,272.28,46.58,7/20/26,SABLE_DAY_5,272.28,YES,D12450Ki,26011208A2i,JACKSON_LABORATORIES,2105,,,2512-43492A
2561791006,NZO/HlLtJ,3735,,CAGE_4,230-F,1/20/26,F,LFD,277.86,263.13,54.26,7/20/26,SABLE_DAY_5,263.13,YES,D12450Ki,26011208A2i,JACKSON_LABORATORIES,2105,,,2512-43492A
2561791008,NZO/HlLtJ,3737,,CAGE_5,230-F,1/20/26,F,LFD,281.18,267.35,51.9,7/20/26,SABLE_DAY_5,267.35,YES,D12450Ki,26011208A2i,JACKSON_LABORATORIES,2105,,,2512-43492A
2561791009,NZO/HlLtJ,3738,,ACC_CAGE_6,230-F,1/20/26,F,LFD,283.88,274.32,51.88,7/20/26,,274.32,NO,D12450Ki,26011208A2i,JACKSON_LABORATORIES,2105,,,2512-43492A
2561791010,NZO/HlLtJ,3739,,CAGE_6,230-F,1/20/26,F,LFD,277.29,264.51,55.57,7/20/26,SABLE_DAY_5,264.51,YES,D12450Ki,26011208A2i,JACKSON_LABORATORIES,2105,,,2512-43492A
2561791011,NZO/HlLtJ,3740,,CAGE_7,230-F,1/20/26,F,LFD,278.49,266.43,55.54,7/20/26,SABLE_DAY_5,266.43,YES,D12450Ki,26011208A2i,JACKSON_LABORATORIES,2105,,,2512-43492A
2561791012,NZO/HlLtJ,3741,,CAGE_8,230-F,1/20/26,F,LFD,279.32,264.97,58.59,7/20/26,SABLE_DAY_5,264.97,YES,D12450Ki,26011208A2i,JACKSON_LABORATORIES,2105,,,2512-43492A
2561791013,NZO/HlLtJ,3742,3B,A8,370-F,2/10/26,F,LFD,23.87,13.44,43.17,7/20/26,,29.23,NO,D12450Ki,26011208A2i,JACKSON_LABORATORIES,2105,,,2512-43492A
2561791014,NZO/HlLtJ,3743,3B,B8,370-F,2/10/26,F,LFD,26.12,14.63,44.46,7/20/26,,26.27,NO,D12450Ki,26011208A2i,JACKSON_LABORATORIES,2105,,,2512-43492A
2561791015,NZO/HlLtJ,3744,3B,C8,370-F,2/10/26,F,LFD,23.86,8.74,52.93,7/20/26,REGAIN_DAY_16,28.64,NO,D12450Ki,26011208A2i,JACKSON_LABORATORIES,2105,,,2512-43492A
2561791016,NZO/HlLtJ,3745,3B,D8,370-F,2/10/26,F,LFD,24.9,6.34,53.18,7/20/26,REGAIN_DAY_16,26.56,NO,D12450Ki,26011208A2i,JACKSON_LABORATORIES,2105,,,2512-43492A
2561791017,NZO/HlLtJ,3746,3B,A9,370-F,2/10/26,F,LFD,25.9,11.44,44.67,7/20/26,REGAIN_DAY_13,26.03,NO,D12450Ki,26011208A2i,JACKSON_LABORATORIES,2105,,,2512-43492A
2561791018,NZO/HlLtJ,3747,3B,B9,370-F,2/3/26,F,LFD,25.47,13.66,44.37,7/20/26,,23.87,NO,D12450Ki,26011208A2i,JACKSON_LABORATORIES,2105,,,2512-43492A
2561791019,NZO/HlLtJ,3748,3B,C9,370-F,2/3/26,F,LFD,26.26,13.23,50.72,7/20/26,REGAIN_DAY_16,26.05,NO,D12450Ki,26011208A2i,JACKSON_LABORATORIES,2105,,,2512-43492A
2561791020,NZO/HlLtJ,3749,3B,D9,370-F,2/3/26,F,LFD,24.72,12.01,40.54,7/20/26,,26.76,NO,D12450Ki,26011208A2i,JACKSON_LABORATORIES,2105,,,2512-43492A
2561791021,NZO/HlLtJ,3750,3B,A10,370-F,2/3/26,F,LFD,24.62,14.19,50.65,7/20/26,,24.24,NO,D12450Ki,26011208A2i,JACKSON_LABORATORIES,2105,,,2512-43492A
2561791022,NZO/HlLtJ,3751,3B,B10,370-F,1/27/26,F,LFD,23.08,12.86,43.59,7/20/26,,26.29,NO,D12450Ki,26011208A2i,JACKSON_LABORATORIES,2105,,,2512-43492A
2561791023,NZO/HlLtJ,3752,3B,C10,370-F,1/27/26,F,LFD,22.9,7.32,46.24,7/20/26,REGAIN_DAY_13,26.91,NO,D12450Ki,26011208A2i,JACKSON_LABORATORIES,2105,,,2512-43492A
2561791024,NZO/HlLtJ,3753,3B,D10,370-F,1/27/26,F,LFD,24.15,12.04,51.12,7/20/26,REGAIN_DAY_29,24.25,NO,D12450Ki,26011208A2i,JACKSON_LABORATORIES,2105,,,2512-43492A
2561791002,NZO/HlLtJ,3731,,CAGE_1,230-F,1/13/26,F,LFD,,,,7/21/26,SABLE_DAY_6_OXA_2,,YES,D12450Ki,26011208A2i,JACKSON_LABORATORIES,2105,,,2512-43492A
2561791003,NZO/HlLtJ,3732,,CAGE_2,230-F,1/13/26,F,LFD,,,,7/21/26,SABLE_DAY_6_OXA_2,,YES,D12450Ki,26011208A2i,JACKSON_LABORATORIES,2105,,,2512-43492A
2561791004,NZO/HlLtJ,3733,,CAGE_3,230-F,1/13/26,F,LFD,,,,7/21/26,SABLE_DAY_6_OXA_2,,YES,D12450Ki,26011208A2i,JACKSON_LABORATORIES,2105,,,2512-43492A
2561791006,NZO/HlLtJ,3735,,CAGE_4,230-F,1/20/26,F,LFD,,,,7/21/26,SABLE_DAY_6_OXA_2,,YES,D12450Ki,26011208A2i,JACKSON_LABORATORIES,2105,,,2512-43492A
2561791008,NZO/HlLtJ,3737,,CAGE_5,230-F,1/20/26,F,LFD,,,,7/21/26,SABLE_DAY_6_OXA_2,,YES,D12450Ki,26011208A2i,JACKSON_LABORATORIES,2105,,,2512-43492A
2561791009,NZO/HlLtJ,3738,,ACC_CAGE_6,230-F,1/20/26,F,LFD,,,,7/21/26,,,NO,D12450Ki,26011208A2i,JACKSON_LABORATORIES,2105,,,2512-43492A
2561791010,NZO/HlLtJ,3739,,CAGE_6,230-F,1/20/26,F,LFD,,,,7/21/26,SABLE_DAY_6_OXA_2,,YES,D12450Ki,26011208A2i,JACKSON_LABORATORIES,2105,,,2512-43492A
2561791011,NZO/HlLtJ,3740,,CAGE_7,230-F,1/20/26,F,LFD,,,,7/21/26,SABLE_DAY_6_OXA_2,,YES,D12450Ki,26011208A2i,JACKSON_LABORATORIES,2105,,,2512-43492A
2561791012,NZO/HlLtJ,3741,,CAGE_8,230-F,1/20/26,F,LFD,,,,7/21/26,SABLE_DAY_6_OXA_2,,YES,D12450Ki,26011208A2i,JACKSON_LABORATORIES,2105,,,2512-43492A
2561791013,NZO/HlLtJ,3742,3B,A8,370-F,2/10/26,F,LFD,,,,7/21/26,,,NO,D12450Ki,26011208A2i,JACKSON_LABORATORIES,2105,,,2512-43492A
2561791014,NZO/HlLtJ,3743,3B,B8,370-F,2/10/26,F,LFD,,,,7/21/26,,,NO,D12450Ki,26011208A2i,JACKSON_LABORATORIES,2105,,,2512-43492A
2561791015,NZO/HlLtJ,3744,3B,C8,370-F,2/10/26,F,LFD,,,,7/21/26,REGAIN_DAY_17,,NO,D12450Ki,26011208A2i,JACKSON_LABORATORIES,2105,,,2512-43492A
2561791016,NZO/HlLtJ,3745,3B,D8,370-F,2/10/26,F,LFD,,,,7/21/26,REGAIN_DAY_17,,NO,D12450Ki,26011208A2i,JACKSON_LABORATORIES,2105,,,2512-43492A
2561791017,NZO/HlLtJ,3746,3B,A9,370-F,2/10/26,F,LFD,,,,7/21/26,REGAIN_DAY_14,,NO,D12450Ki,26011208A2i,JACKSON_LABORATORIES,2105,,,2512-43492A
2561791018,NZO/HlLtJ,3747,3B,B9,370-F,2/3/26,F,LFD,,,,7/21/26,,,NO,D12450Ki,26011208A2i,JACKSON_LABORATORIES,2105,,,2512-43492A
2561791019,NZO/HlLtJ,3748,3B,C9,370-F,2/3/26,F,LFD,,,,7/21/26,REGAIN_DAY_17,,NO,D12450Ki,26011208A2i,JACKSON_LABORATORIES,2105,,,2512-43492A
2561791020,NZO/HlLtJ,3749,3B,D9,370-F,2/3/26,F,LFD,,,,7/21/26,,,NO,D12450Ki,26011208A2i,JACKSON_LABORATORIES,2105,,,2512-43492A
2561791021,NZO/HlLtJ,3750,3B,A10,370-F,2/3/26,F,LFD,,,,7/21/26,,,NO,D12450Ki,26011208A2i,JACKSON_LABORATORIES,2105,,,2512-43492A
2561791022,NZO/HlLtJ,3751,3B,B10,370-F,1/27/26,F,LFD,,,,7/21/26,,,NO,D12450Ki,26011208A2i,JACKSON_LABORATORIES,2105,,,2512-43492A
2561791023,NZO/HlLtJ,3752,3B,C10,370-F,1/27/26,F,LFD,,,,7/21/26,REGAIN_DAY_14,,NO,D12450Ki,26011208A2i,JACKSON_LABORATORIES,2105,,,2512-43492A
2561791024,NZO/HlLtJ,3753,3B,D10,370-F,1/27/26,F,LFD,,,,7/21/26,,,NO,D12450Ki,26011208A2i,JACKSON_LABORATORIES,2105,,,2512-43492A
2561791002,NZO/HlLtJ,3731,,CAGE_1,230-F,1/13/26,F,LFD,,,,7/22/26,SABLE_DAY_7,,YES,D12450Ki,26011208A2i,JACKSON_LABORATORIES,2105,,,2512-43492A
2561791003,NZO/HlLtJ,3732,,CAGE_2,230-F,1/13/26,F,LFD,,,,7/22/26,SABLE_DAY_7,,YES,D12450Ki,26011208A2i,JACKSON_LABORATORIES,2105,,,2512-43492A
2561791004,NZO/HlLtJ,3733,,CAGE_3,230-F,1/13/26,F,LFD,,,,7/22/26,SABLE_DAY_7,,YES,D12450Ki,26011208A2i,JACKSON_LABORATORIES,2105,,,2512-43492A
2561791006,NZO/HlLtJ,3735,,CAGE_4,230-F,1/20/26,F,LFD,,,,7/22/26,SABLE_DAY_7,,YES,D12450Ki,26011208A2i,JACKSON_LABORATORIES,2105,,,2512-43492A
2561791008,NZO/HlLtJ,3737,,CAGE_5,230-F,1/20/26,F,LFD,,,,7/22/26,SABLE_DAY_7,,YES,D12450Ki,26011208A2i,JACKSON_LABORATORIES,2105,,,2512-43492A
2561791009,NZO/HlLtJ,3738,,ACC_CAGE_6,230-F,1/20/26,F,LFD,,,,7/22/26,,,NO,D12450Ki,26011208A2i,JACKSON_LABORATORIES,2105,,,2512-43492A
2561791010,NZO/HlLtJ,3739,,CAGE_6,230-F,1/20/26,F,LFD,,,,7/22/26,SABLE_DAY_7,,YES,D12450Ki,26011208A2i,JACKSON_LABORATORIES,2105,,,2512-43492A
2561791011,NZO/HlLtJ,3740,,CAGE_7,230-F,1/20/26,F,LFD,,,,7/22/26,SABLE_DAY_7,,YES,D12450Ki,26011208A2i,JACKSON_LABORATORIES,2105,,,2512-43492A
2561791012,NZO/HlLtJ,3741,,CAGE_8,230-F,1/20/26,F,LFD,,,,7/22/26,SABLE_DAY_7,,YES,D12450Ki,26011208A2i,JACKSON_LABORATORIES,2105,,,2512-43492A
2561791013,NZO/HlLtJ,3742,3B,A8,370-F,2/10/26,F,LFD,29.23,22,43.6,7/22/26,,22,NO,D12450Ki,26011208A2i,JACKSON_LABORATORIES,2105,,,2512-43492A
2561791014,NZO/HlLtJ,3743,3B,B8,370-F,2/10/26,F,LFD,26.27,19.87,44.08,7/22/26,,19.87,NO,D12450Ki,26011208A2i,JACKSON_LABORATORIES,2105,,,2512-43492A
2561791015,NZO/HlLtJ,3744,3B,C8,370-F,2/10/26,F,LFD,28.64,19.64,53.53,7/22/26,REGAIN_DAY_18,19.64,NO,D12450Ki,26011208A2i,JACKSON_LABORATORIES,2105,,,2512-43492A
2561791016,NZO/HlLtJ,3745,3B,D8,370-F,2/10/26,F,LFD,26.56,19.03,52.27,7/22/26,REGAIN_DAY_18,19.03,NO,D12450Ki,26011208A2i,JACKSON_LABORATORIES,2105,,,2512-43492A
2561791017,NZO/HlLtJ,3746,3B,A9,370-F,2/10/26,F,LFD,26.03,18.03,44.63,7/22/26,REGAIN_DAY_15,18.03,NO,D12450Ki,26011208A2i,JACKSON_LABORATORIES,2105,,,2512-43492A
2561791018,NZO/HlLtJ,3747,3B,B9,370-F,2/3/26,F,LFD,23.87,16.74,44.34,7/22/26,,16.74,NO,D12450Ki,26011208A2i,JACKSON_LABORATORIES,2105,,,2512-43492A
2561791019,NZO/HlLtJ,3748,3B,C9,370-F,2/3/26,F,LFD,26.05,18.87,50.44,7/22/26,REGAIN_DAY_18,18.87,NO,D12450Ki,26011208A2i,JACKSON_LABORATORIES,2105,,,2512-43492A
2561791020,NZO/HlLtJ,3749,3B,D9,370-F,2/3/26,F,LFD,26.76,19.31,40.68,7/22/26,,19.31,NO,D12450Ki,26011208A2i,JACKSON_LABORATORIES,2105,,,2512-43492A
2561791021,NZO/HlLtJ,3750,3B,A10,370-F,2/3/26,F,LFD,24.24,17.01,49.96,7/22/26,,17.01,NO,D12450Ki,26011208A2i,JACKSON_LABORATORIES,2105,,,2512-43492A
2561791022,NZO/HlLtJ,3751,3B,B10,370-F,1/27/26,F,LFD,26.29,18.46,44.13,7/22/26,,18.46,NO,D12450Ki,26011208A2i,JACKSON_LABORATORIES,2105,,,2512-43492A
2561791023,NZO/HlLtJ,3752,3B,C10,370-F,1/27/26,F,LFD,26.91,16.62,47.78,7/22/26,REGAIN_DAY_15,16.62,NO,D12450Ki,26011208A2i,JACKSON_LABORATORIES,2105,,,2512-43492A
2561791024,NZO/HlLtJ,3753,3B,D10,370-F,1/27/26,F,LFD,24.25,15.96,51.58,7/22/26,,15.96,NO,D12450Ki,26011208A2i,JACKSON_LABORATORIES,2105,,,2512-43492A
2561791002,NZO/HlLtJ,3731,,CAGE_1,230-F,1/13/26,F,LFD,267.92,250.98,54.58,7/23/26,SABLE_DAY_8,250.98,YES,D12450Ki,26011208A2i,JACKSON_LABORATORIES,2105,,,2512-43492A
2561791003,NZO/HlLtJ,3732,,CAGE_2,230-F,1/13/26,F,LFD,268.08,253.78,41.25,7/23/26,SABLE_DAY_8,253.78,YES,D12450Ki,26011208A2i,JACKSON_LABORATORIES,2105,,,2512-43492A
2561791004,NZO/HlLtJ,3733,,CAGE_3,230-F,1/13/26,F,LFD,272.28,258.84,47.26,7/23/26,SABLE_DAY_8,258.84,YES,D12450Ki,26011208A2i,JACKSON_LABORATORIES,2105,,,2512-43492A
2561791006,NZO/HlLtJ,3735,,CAGE_4,230-F,1/20/26,F,LFD,263.13,250.34,53.02,7/23/26,SABLE_DAY_8,250.34,YES,D12450Ki,26011208A2i,JACKSON_LABORATORIES,2105,,,2512-43492A
2561791008,NZO/HlLtJ,3737,,CAGE_5,230-F,1/20/26,F,LFD,267.35,252.13,52.6,7/23/26,SABLE_DAY_8,252.13,YES,D12450Ki,26011208A2i,JACKSON_LABORATORIES,2105,,,2512-43492A
2561791009,NZO/HlLtJ,3738,,ACC_CAGE_6,230-F,1/20/26,F,LFD,274.32,260.41,51.95,7/23/26,,260.41,NO,D12450Ki,26011208A2i,JACKSON_LABORATORIES,2105,,,2512-43492A
2561791010,NZO/HlLtJ,3739,,CAGE_6,230-F,1/20/26,F,LFD,264.51,250.99,55.38,7/23/26,SABLE_DAY_8,250.99,YES,D12450Ki,26011208A2i,JACKSON_LABORATORIES,2105,,,2512-43492A
2561791011,NZO/HlLtJ,3740,,CAGE_7,230-F,1/20/26,F,LFD,266.43,251.33,57.6,7/23/26,SABLE_DAY_8,251.33,YES,D12450Ki,26011208A2i,JACKSON_LABORATORIES,2105,,,2512-43492A
2561791012,NZO/HlLtJ,3741,,CAGE_8,230-F,1/20/26,F,LFD,264.97,250.12,59.14,7/23/26,SABLE_DAY_8,250.12,YES,D12450Ki,26011208A2i,JACKSON_LABORATORIES,2105,,,2512-43492A
2561791013,NZO/HlLtJ,3742,3B,A8,370-F,2/10/26,F,LFD,,,,7/23/26,,,NO,D12450Ki,26011208A2i,JACKSON_LABORATORIES,2105,,,2512-43492A
2561791014,NZO/HlLtJ,3743,3B,B8,370-F,2/10/26,F,LFD,,,,7/23/26,,,NO,D12450Ki,26011208A2i,JACKSON_LABORATORIES,2105,,,2512-43492A
2561791015,NZO/HlLtJ,3744,3B,C8,370-F,2/10/26,F,LFD,,,,7/23/26,REGAIN_DAY_19,,NO,D12450Ki,26011208A2i,JACKSON_LABORATORIES,2105,,,2512-43492A
2561791016,NZO/HlLtJ,3745,3B,D8,370-F,2/10/26,F,LFD,,,,7/23/26,REGAIN_DAY_19,,NO,D12450Ki,26011208A2i,JACKSON_LABORATORIES,2105,,,2512-43492A
2561791017,NZO/HlLtJ,3746,3B,A9,370-F,2/10/26,F,LFD,,,,7/23/26,REGAIN_DAY_16,,NO,D12450Ki,26011208A2i,JACKSON_LABORATORIES,2105,,,2512-43492A
2561791018,NZO/HlLtJ,3747,3B,B9,370-F,2/3/26,F,LFD,,,,7/23/26,,,NO,D12450Ki,26011208A2i,JACKSON_LABORATORIES,2105,,,2512-43492A
2561791019,NZO/HlLtJ,3748,3B,C9,370-F,2/3/26,F,LFD,,,,7/23/26,REGAIN_DAY_19,,NO,D12450Ki,26011208A2i,JACKSON_LABORATORIES,2105,,,2512-43492A
2561791020,NZO/HlLtJ,3749,3B,D9,370-F,2/3/26,F,LFD,,,,7/23/26,,,NO,D12450Ki,26011208A2i,JACKSON_LABORATORIES,2105,,,2512-43492A
2561791021,NZO/HlLtJ,3750,3B,A10,370-F,2/3/26,F,LFD,,,,7/23/26,,,NO,D12450Ki,26011208A2i,JACKSON_LABORATORIES,2105,,,2512-43492A
2561791022,NZO/HlLtJ,3751,3B,B10,370-F,1/27/26,F,LFD,,,,7/23/26,,,NO,D12450Ki,26011208A2i,JACKSON_LABORATORIES,2105,,,2512-43492A
2561791023,NZO/HlLtJ,3752,3B,C10,370-F,1/27/26,F,LFD,,,,7/23/26,REGAIN_DAY_16,,NO,D12450Ki,26011208A2i,JACKSON_LABORATORIES,2105,,,2512-43492A
2561791024,NZO/HlLtJ,3753,3B,D10,370-F,1/27/26,F,LFD,,,,7/23/26,,,NO,D12450Ki,26011208A2i,JACKSON_LABORATORIES,2105,,,2512-43492A
2561791002,NZO/HlLtJ,3731,,CAGE_1,230-F,1/13/26,F,LFD,250.98,246.08,54.5,7/24/26,SABLE_DAY_9_OXA_3,291.62,YES,D12450Ki,26011208A2i,JACKSON_LABORATORIES,2105,,,2512-43492A
2561791003,NZO/HlLtJ,3732,,CAGE_2,230-F,1/13/26,F,LFD,253.78,248.68,41.63,7/24/26,SABLE_DAY_9_OXA_3,295.46,YES,D12450Ki,26011208A2i,JACKSON_LABORATORIES,2105,,,2512-43492A
2561791004,NZO/HlLtJ,3733,,CAGE_3,230-F,1/13/26,F,LFD,258.84,254.65,47.61,7/24/26,SABLE_DAY_9_OXA_3,291.35,YES,D12450Ki,26011208A2i,JACKSON_LABORATORIES,2105,,,2512-43492A
2561791006,NZO/HlLtJ,3735,,CAGE_4,230-F,1/20/26,F,LFD,250.34,244.87,54.27,7/24/26,SABLE_DAY_9_OXA_3,293.38,YES,D12450Ki,26011208A2i,JACKSON_LABORATORIES,2105,,,2512-43492A
2561791008,NZO/HlLtJ,3737,,CAGE_5,230-F,1/20/26,F,LFD,252.13,246.88,53.48,7/24/26,SABLE_DAY_9_OXA_3,291.73,YES,D12450Ki,26011208A2i,JACKSON_LABORATORIES,2105,,,2512-43492A
2561791009,NZO/HlLtJ,3738,,ACC_CAGE_6,230-F,1/20/26,F,LFD,260.41,255.74,52.94,7/24/26,,286.22,NO,D12450Ki,26011208A2i,JACKSON_LABORATORIES,2105,,,2512-43492A
2561791010,NZO/HlLtJ,3739,,CAGE_6,230-F,1/20/26,F,LFD,250.99,246.92,55.09,7/24/26,SABLE_DAY_9_OXA_3,292.3,YES,D12450Ki,26011208A2i,JACKSON_LABORATORIES,2105,,,2512-43492A
2561791011,NZO/HlLtJ,3740,,CAGE_7,230-F,1/20/26,F,LFD,251.33,246.85,56.7,7/24/26,SABLE_DAY_9_OXA_3,292.61,YES,D12450Ki,26011208A2i,JACKSON_LABORATORIES,2105,,,2512-43492A
2561791012,NZO/HlLtJ,3741,,CAGE_8,230-F,1/20/26,F,LFD,250.12,244.87,59.89,7/24/26,SABLE_DAY_9_OXA_3,295.51,YES,D12450Ki,26011208A2i,JACKSON_LABORATORIES,2105,,,2512-43492A
2561791013,NZO/HlLtJ,3742,3B,A8,370-F,2/10/26,F,LFD,22,14.38,44.15,7/24/26,,17.52,NO,D12450Ki,26011208A2i,JACKSON_LABORATORIES,2105,,,2512-43492A
2561791014,NZO/HlLtJ,3743,3B,B8,370-F,2/10/26,F,LFD,19.87,13.98,43.64,7/24/26,,16.76,NO,D12450Ki,26011208A2i,JACKSON_LABORATORIES,2105,,,2512-43492A
2561791015,NZO/HlLtJ,3744,3B,C8,370-F,2/10/26,F,LFD,19.64,11.26,54,7/24/26,REGAIN_DAY_20,18.78,NO,D12450Ki,26011208A2i,JACKSON_LABORATORIES,2105,,,2512-43492A
2561791016,NZO/HlLtJ,3745,3B,D8,370-F,2/10/26,F,LFD,19.03,10.55,52.78,7/24/26,REGAIN_DAY_20,19.46,NO,D12450Ki,26011208A2i,JACKSON_LABORATORIES,2105,,,2512-43492A
2561791017,NZO/HlLtJ,3746,3B,A9,370-F,2/10/26,F,LFD,18.03,11.26,44.57,7/24/26,REGAIN_DAY_17,17.69,NO,D12450Ki,26011208A2i,JACKSON_LABORATORIES,2105,,,2512-43492A
2561791018,NZO/HlLtJ,3747,3B,B9,370-F,2/3/26,F,LFD,16.74,8.81,44.96,7/24/26,,18.73,NO,D12450Ki,26011208A2i,JACKSON_LABORATORIES,2105,,,2512-43492A
2561791019,NZO/HlLtJ,3748,3B,C9,370-F,2/3/26,F,LFD,18.87,10.37,51.14,7/24/26,REGAIN_DAY_20,19.98,NO,D12450Ki,26011208A2i,JACKSON_LABORATORIES,2105,,,2512-43492A
2561791020,NZO/HlLtJ,3749,3B,D9,370-F,2/3/26,F,LFD,19.31,10.98,41.84,7/24/26,,17.98,NO,D12450Ki,26011208A2i,JACKSON_LABORATORIES,2105,,,2512-43492A
2561791021,NZO/HlLtJ,3750,3B,A10,370-F,2/3/26,F,LFD,17.01,8.09,50.95,7/24/26,,19.61,NO,D12450Ki,26011208A2i,JACKSON_LABORATORIES,2105,,,2512-43492A
2561791022,NZO/HlLtJ,3751,3B,B10,370-F,1/27/26,F,LFD,18.46,10.1,44.78,7/24/26,,18.5,NO,D12450Ki,26011208A2i,JACKSON_LABORATORIES,2105,,,2512-43492A
2561791023,NZO/HlLtJ,3752,3B,C10,370-F,1/27/26,F,LFD,16.62,6.46,48.76,7/24/26,REGAIN_DAY_17,19.74,NO,D12450Ki,26011208A2i,JACKSON_LABORATORIES,2105,,,2512-43492A
2561791024,NZO/HlLtJ,3753,3B,D10,370-F,1/27/26,F,LFD,15.96,6.65,52.84,7/24/26,,18.3,NO,D12450Ki,26011208A2i,JACKSON_LABORATORIES,2105,,,2512-43492A
2561791002,NZO/HlLtJ,3731,,CAGE_1,230-F,1/13/26,F,LFD,,,,7/25/26,SABLE_DAY_10,,YES,D12450Ki,26011208A2i,JACKSON_LABORATORIES,2105,,,2512-43492A
2561791003,NZO/HlLtJ,3732,,CAGE_2,230-F,1/13/26,F,LFD,,,,7/25/26,SABLE_DAY_10,,YES,D12450Ki,26011208A2i,JACKSON_LABORATORIES,2105,,,2512-43492A
2561791004,NZO/HlLtJ,3733,,CAGE_3,230-F,1/13/26,F,LFD,,,,7/25/26,SABLE_DAY_10,,YES,D12450Ki,26011208A2i,JACKSON_LABORATORIES,2105,,,2512-43492A
2561791006,NZO/HlLtJ,3735,,CAGE_4,230-F,1/20/26,F,LFD,,,,7/25/26,SABLE_DAY_10,,YES,D12450Ki,26011208A2i,JACKSON_LABORATORIES,2105,,,2512-43492A
2561791008,NZO/HlLtJ,3737,,CAGE_5,230-F,1/20/26,F,LFD,,,,7/25/26,SABLE_DAY_10,,YES,D12450Ki,26011208A2i,JACKSON_LABORATORIES,2105,,,2512-43492A
2561791009,NZO/HlLtJ,3738,,ACC_CAGE_6,230-F,1/20/26,F,LFD,,,,7/25/26,,,NO,D12450Ki,26011208A2i,JACKSON_LABORATORIES,2105,,,2512-43492A
2561791010,NZO/HlLtJ,3739,,CAGE_6,230-F,1/20/26,F,LFD,,,,7/25/26,SABLE_DAY_10,,YES,D12450Ki,26011208A2i,JACKSON_LABORATORIES,2105,,,2512-43492A
2561791011,NZO/HlLtJ,3740,,CAGE_7,230-F,1/20/26,F,LFD,,,,7/25/26,SABLE_DAY_10,,YES,D12450Ki,26011208A2i,JACKSON_LABORATORIES,2105,,,2512-43492A
2561791012,NZO/HlLtJ,3741,,CAGE_8,230-F,1/20/26,F,LFD,,,,7/25/26,SABLE_DAY_10,,YES,D12450Ki,26011208A2i,JACKSON_LABORATORIES,2105,,,2512-43492A
2561791013,NZO/HlLtJ,3742,3B,A8,370-F,2/10/26,F,LFD,,,,7/25/26,,,NO,D12450Ki,26011208A2i,JACKSON_LABORATORIES,2105,,,2512-43492A
2561791014,NZO/HlLtJ,3743,3B,B8,370-F,2/10/26,F,LFD,,,,7/25/26,,,NO,D12450Ki,26011208A2i,JACKSON_LABORATORIES,2105,,,2512-43492A
2561791015,NZO/HlLtJ,3744,3B,C8,370-F,2/10/26,F,LFD,,,,7/25/26,REGAIN_DAY_21,,NO,D12450Ki,26011208A2i,JACKSON_LABORATORIES,2105,,,2512-43492A
2561791016,NZO/HlLtJ,3745,3B,D8,370-F,2/10/26,F,LFD,,,,7/25/26,REGAIN_DAY_21,,NO,D12450Ki,26011208A2i,JACKSON_LABORATORIES,2105,,,2512-43492A
2561791017,NZO/HlLtJ,3746,3B,A9,370-F,2/10/26,F,LFD,,,,7/25/26,REGAIN_DAY_18,,NO,D12450Ki,26011208A2i,JACKSON_LABORATORIES,2105,,,2512-43492A
2561791018,NZO/HlLtJ,3747,3B,B9,370-F,2/3/26,F,LFD,,,,7/25/26,,,NO,D12450Ki,26011208A2i,JACKSON_LABORATORIES,2105,,,2512-43492A
2561791019,NZO/HlLtJ,3748,3B,C9,370-F,2/3/26,F,LFD,,,,7/25/26,REGAIN_DAY_21,,NO,D12450Ki,26011208A2i,JACKSON_LABORATORIES,2105,,,2512-43492A
2561791020,NZO/HlLtJ,3749,3B,D9,370-F,2/3/26,F,LFD,,,,7/25/26,,,NO,D12450Ki,26011208A2i,JACKSON_LABORATORIES,2105,,,2512-43492A
2561791021,NZO/HlLtJ,3750,3B,A10,370-F,2/3/26,F,LFD,,,,7/25/26,,,NO,D12450Ki,26011208A2i,JACKSON_LABORATORIES,2105,,,2512-43492A
2561791022,NZO/HlLtJ,3751,3B,B10,370-F,1/27/26,F,LFD,,,,7/25/26,,,NO,D12450Ki,26011208A2i,JACKSON_LABORATORIES,2105,,,2512-43492A
2561791023,NZO/HlLtJ,3752,3B,C10,370-F,1/27/26,F,LFD,,,,7/25/26,REGAIN_DAY_18,,NO,D12450Ki,26011208A2i,JACKSON_LABORATORIES,2105,,,2512-43492A
2561791024,NZO/HlLtJ,3753,3B,D10,370-F,1/27/26,F,LFD,,,,7/25/26,,,NO,D12450Ki,26011208A2i,JACKSON_LABORATORIES,2105,,,2512-43492A
2561791002,NZO/HlLtJ,3731,,CAGE_1,230-F,1/13/26,F,LFD,,,,7/26/26,SABLE_DAY_11,,YES,D12450Ki,26011208A2i,JACKSON_LABORATORIES,2105,,,2512-43492A
2561791003,NZO/HlLtJ,3732,,CAGE_2,230-F,1/13/26,F,LFD,,,,7/26/26,SABLE_DAY_11,,YES,D12450Ki,26011208A2i,JACKSON_LABORATORIES,2105,,,2512-43492A
2561791004,NZO/HlLtJ,3733,,CAGE_3,230-F,1/13/26,F,LFD,,,,7/26/26,SABLE_DAY_11,,YES,D12450Ki,26011208A2i,JACKSON_LABORATORIES,2105,,,2512-43492A
2561791006,NZO/HlLtJ,3735,,CAGE_4,230-F,1/20/26,F,LFD,,,,7/26/26,SABLE_DAY_11,,YES,D12450Ki,26011208A2i,JACKSON_LABORATORIES,2105,,,2512-43492A
2561791008,NZO/HlLtJ,3737,,CAGE_5,230-F,1/20/26,F,LFD,,,,7/26/26,SABLE_DAY_11,,YES,D12450Ki,26011208A2i,JACKSON_LABORATORIES,2105,,,2512-43492A
2561791009,NZO/HlLtJ,3738,,ACC_CAGE_6,230-F,1/20/26,F,LFD,,,,7/26/26,,,NO,D12450Ki,26011208A2i,JACKSON_LABORATORIES,2105,,,2512-43492A
2561791010,NZO/HlLtJ,3739,,CAGE_6,230-F,1/20/26,F,LFD,,,,7/26/26,SABLE_DAY_11,,YES,D12450Ki,26011208A2i,JACKSON_LABORATORIES,2105,,,2512-43492A
2561791011,NZO/HlLtJ,3740,,CAGE_7,230-F,1/20/26,F,LFD,,,,7/26/26,SABLE_DAY_11,,YES,D12450Ki,26011208A2i,JACKSON_LABORATORIES,2105,,,2512-43492A
2561791012,NZO/HlLtJ,3741,,CAGE_8,230-F,1/20/26,F,LFD,,,,7/26/26,SABLE_DAY_11,,YES,D12450Ki,26011208A2i,JACKSON_LABORATORIES,2105,,,2512-43492A
2561791013,NZO/HlLtJ,3742,3B,A8,370-F,2/10/26,F,LFD,,,,7/26/26,,,NO,D12450Ki,26011208A2i,JACKSON_LABORATORIES,2105,,,2512-43492A
2561791014,NZO/HlLtJ,3743,3B,B8,370-F,2/10/26,F,LFD,,,,7/26/26,,,NO,D12450Ki,26011208A2i,JACKSON_LABORATORIES,2105,,,2512-43492A
2561791015,NZO/HlLtJ,3744,3B,C8,370-F,2/10/26,F,LFD,,,,7/26/26,REGAIN_DAY_22,,NO,D12450Ki,26011208A2i,JACKSON_LABORATORIES,2105,,,2512-43492A
2561791016,NZO/HlLtJ,3745,3B,D8,370-F,2/10/26,F,LFD,,,,7/26/26,REGAIN_DAY_22,,NO,D12450Ki,26011208A2i,JACKSON_LABORATORIES,2105,,,2512-43492A
2561791017,NZO/HlLtJ,3746,3B,A9,370-F,2/10/26,F,LFD,,,,7/26/26,REGAIN_DAY_19,,NO,D12450Ki,26011208A2i,JACKSON_LABORATORIES,2105,,,2512-43492A
2561791018,NZO/HlLtJ,3747,3B,B9,370-F,2/3/26,F,LFD,,,,7/26/26,,,NO,D12450Ki,26011208A2i,JACKSON_LABORATORIES,2105,,,2512-43492A
2561791019,NZO/HlLtJ,3748,3B,C9,370-F,2/3/26,F,LFD,,,,7/26/26,REGAIN_DAY_22,,NO,D12450Ki,26011208A2i,JACKSON_LABORATORIES,2105,,,2512-43492A
2561791020,NZO/HlLtJ,3749,3B,D9,370-F,2/3/26,F,LFD,,,,7/26/26,,,NO,D12450Ki,26011208A2i,JACKSON_LABORATORIES,2105,,,2512-43492A
2561791021,NZO/HlLtJ,3750,3B,A10,370-F,2/3/26,F,LFD,,,,7/26/26,,,NO,D12450Ki,26011208A2i,JACKSON_LABORATORIES,2105,,,2512-43492A
2561791022,NZO/HlLtJ,3751,3B,B10,370-F,1/27/26,F,LFD,,,,7/26/26,,,NO,D12450Ki,26011208A2i,JACKSON_LABORATORIES,2105,,,2512-43492A
2561791023,NZO/HlLtJ,3752,3B,C10,370-F,1/27/26,F,LFD,,,,7/26/26,REGAIN_DAY_19,,NO,D12450Ki,26011208A2i,JACKSON_LABORATORIES,2105,,,2512-43492A
2561791024,NZO/HlLtJ,3753,3B,D10,370-F,1/27/26,F,LFD,,,,7/26/26,,,NO,D12450Ki,26011208A2i,JACKSON_LABORATORIES,2105,,,2512-43492A
2561791002,NZO/HlLtJ,3731,,CAGE_1,230-F,1/13/26,F,LFD,291.62,277.25,55.42,7/27/26,SABLE_DAY_12_OXA_4,277.25,YES,D12450Ki,26011208A2i,JACKSON_LABORATORIES,2105,,,2512-43492A
2561791003,NZO/HlLtJ,3732,,CAGE_2,230-F,1/13/26,F,LFD,295.46,283.53,42.58,7/27/26,SABLE_DAY_12_OXA_4,283.53,YES,D12450Ki,26011208A2i,JACKSON_LABORATORIES,2105,,,2512-43492A
2561791004,NZO/HlLtJ,3733,,CAGE_3,230-F,1/13/26,F,LFD,291.35,280.33,47.67,7/27/26,SABLE_DAY_12_OXA_4,280.33,YES,D12450Ki,26011208A2i,JACKSON_LABORATORIES,2105,,,2512-43492A
2561791006,NZO/HlLtJ,3735,,CAGE_4,230-F,1/20/26,F,LFD,293.38,278.26,56.01,7/27/26,SABLE_DAY_12_OXA_4,278.26,YES,D12450Ki,26011208A2i,JACKSON_LABORATORIES,2105,,,2512-43492A
2561791008,NZO/HlLtJ,3737,,CAGE_5,230-F,1/20/26,F,LFD,291.73,278.33,53.58,7/27/26,SABLE_DAY_12_OXA_4,278.33,YES,D12450Ki,26011208A2i,JACKSON_LABORATORIES,2105,,,2512-43492A
2561791009,NZO/HlLtJ,3738,,ACC_CAGE_6,230-F,1/20/26,F,LFD,286.22,271.9,53.38,7/27/26,,271.9,NO,D12450Ki,26011208A2i,JACKSON_LABORATORIES,2105,,,2512-43492A
2561791010,NZO/HlLtJ,3739,,CAGE_6,230-F,1/20/26,F,LFD,292.3,279.15,55.89,7/27/26,SABLE_DAY_12_OXA_4,279.15,YES,D12450Ki,26011208A2i,JACKSON_LABORATORIES,2105,,,2512-43492A
2561791011,NZO/HlLtJ,3740,,CAGE_7,230-F,1/20/26,F,LFD,292.61,278.26,59.12,7/27/26,SABLE_DAY_12_OXA_4,278.26,YES,D12450Ki,26011208A2i,JACKSON_LABORATORIES,2105,,,2512-43492A
2561791012,NZO/HlLtJ,3741,,CAGE_8,230-F,1/20/26,F,LFD,295.51,285.77,57.64,7/27/26,SABLE_DAY_12_OXA_4,285.77,YES,D12450Ki,26011208A2i,JACKSON_LABORATORIES,2105,,,2512-43492A
2561791013,NZO/HlLtJ,3742,3B,A8,370-F,2/10/26,F,LFD,17.52,7.14,44.15,7/27/26,,27.55,NO,D12450Ki,26011208A2i,JACKSON_LABORATORIES,2105,,,2512-43492A
2561791014,NZO/HlLtJ,3743,3B,B8,370-F,2/10/26,F,LFD,16.76,6.28,44.93,7/27/26,,25.14,NO,D12450Ki,26011208A2i,JACKSON_LABORATORIES,2105,,,2512-43492A
2561791015,NZO/HlLtJ,3744,3B,C8,370-F,2/10/26,F,LFD,18.78,6.39,54.71,7/27/26,REGAIN_DAY_23,26.59,NO,D12450Ki,26011208A2i,JACKSON_LABORATORIES,2105,,,2512-43492A
2561791016,NZO/HlLtJ,3745,3B,D8,370-F,2/10/26,F,LFD,19.46,7.03,54,7/27/26,REGAIN_DAY_23,25.55,NO,D12450Ki,26011208A2i,JACKSON_LABORATORIES,2105,,,2512-43492A
2561791017,NZO/HlLtJ,3746,3B,A9,370-F,2/10/26,F,LFD,17.69,4.04,46.58,7/27/26,REGAIN_DAY_20,25.15,NO,D12450Ki,26011208A2i,JACKSON_LABORATORIES,2105,,,2512-43492A
2561791018,NZO/HlLtJ,3747,3B,B9,370-F,2/3/26,F,LFD,18.73,7.86,45.02,7/27/26,,26.55,NO,D12450Ki,26011208A2i,JACKSON_LABORATORIES,2105,,,2512-43492A
2561791019,NZO/HlLtJ,3748,3B,C9,370-F,2/3/26,F,LFD,19.98,6.32,52.32,7/27/26,REGAIN_DAY_23,26.72,NO,D12450Ki,26011208A2i,JACKSON_LABORATORIES,2105,,,2512-43492A
2561791020,NZO/HlLtJ,3749,3B,D9,370-F,2/3/26,F,LFD,17.98,7.77,41.65,7/27/26,,24.84,NO,D12450Ki,26011208A2i,JACKSON_LABORATORIES,2105,,,2512-43492A
2561791021,NZO/HlLtJ,3750,3B,A10,370-F,2/3/26,F,LFD,19.61,4.96,53.43,7/27/26,,26.94,NO,D12450Ki,26011208A2i,JACKSON_LABORATORIES,2105,,,2512-43492A
2561791022,NZO/HlLtJ,3751,3B,B10,370-F,1/27/26,F,LFD,18.5,5.91,45.34,7/27/26,,26.36,NO,D12450Ki,26011208A2i,JACKSON_LABORATORIES,2105,,,2512-43492A
2561791023,NZO/HlLtJ,3752,3B,C10,370-F,1/27/26,F,LFD,19.74,5.01,49.97,7/27/26,REGAIN_DAY_20,26.35,NO,D12450Ki,26011208A2i,JACKSON_LABORATORIES,2105,,,2512-43492A
2561791024,NZO/HlLtJ,3753,3B,D10,370-F,1/27/26,F,LFD,18.3,5.38,53.52,7/27/26,,27.04,NO,D12450Ki,26011208A2i,JACKSON_LABORATORIES,2105,,,2512-43492A
2561791002,NZO/HlLtJ,3731,,CAGE_1,230-F,1/13/26,F,LFD,,,,7/28/26,SABLE_DAY_13,,YES,D12450Ki,26011208A2i,JACKSON_LABORATORIES,2105,,,2512-43492A
2561791003,NZO/HlLtJ,3732,,CAGE_2,230-F,1/13/26,F,LFD,,,,7/28/26,SABLE_DAY_13,,YES,D12450Ki,26011208A2i,JACKSON_LABORATORIES,2105,,,2512-43492A
2561791004,NZO/HlLtJ,3733,,CAGE_3,230-F,1/13/26,F,LFD,,,,7/28/26,SABLE_DAY_13,,YES,D12450Ki,26011208A2i,JACKSON_LABORATORIES,2105,,,2512-43492A
2561791006,NZO/HlLtJ,3735,,CAGE_4,230-F,1/20/26,F,LFD,,,,7/28/26,SABLE_DAY_13,,YES,D12450Ki,26011208A2i,JACKSON_LABORATORIES,2105,,,2512-43492A
2561791008,NZO/HlLtJ,3737,,CAGE_5,230-F,1/20/26,F,LFD,,,,7/28/26,SABLE_DAY_13,,YES,D12450Ki,26011208A2i,JACKSON_LABORATORIES,2105,,,2512-43492A
2561791009,NZO/HlLtJ,3738,,ACC_CAGE_6,230-F,1/20/26,F,LFD,,,,7/28/26,,,NO,D12450Ki,26011208A2i,JACKSON_LABORATORIES,2105,,,2512-43492A
2561791010,NZO/HlLtJ,3739,,CAGE_6,230-F,1/20/26,F,LFD,,,,7/28/26,SABLE_DAY_13,,YES,D12450Ki,26011208A2i,JACKSON_LABORATORIES,2105,,,2512-43492A
2561791011,NZO/HlLtJ,3740,,CAGE_7,230-F,1/20/26,F,LFD,,,,7/28/26,SABLE_DAY_13,,YES,D12450Ki,26011208A2i,JACKSON_LABORATORIES,2105,,,2512-43492A
2561791012,NZO/HlLtJ,3741,,CAGE_8,230-F,1/20/26,F,LFD,,,,7/28/26,SABLE_DAY_13,,YES,D12450Ki,26011208A2i,JACKSON_LABORATORIES,2105,,,2512-43492A
2561791013,NZO/HlLtJ,3742,3B,A8,370-F,2/10/26,F,LFD,,,,7/28/26,,,NO,D12450Ki,26011208A2i,JACKSON_LABORATORIES,2105,,,2512-43492A
2561791014,NZO/HlLtJ,3743,3B,B8,370-F,2/10/26,F,LFD,,,,7/28/26,,,NO,D12450Ki,26011208A2i,JACKSON_LABORATORIES,2105,,,2512-43492A
2561791015,NZO/HlLtJ,3744,3B,C8,370-F,2/10/26,F,LFD,,,,7/28/26,REGAIN_DAY_24,,NO,D12450Ki,26011208A2i,JACKSON_LABORATORIES,2105,,,2512-43492A
2561791016,NZO/HlLtJ,3745,3B,D8,370-F,2/10/26,F,LFD,,,,7/28/26,REGAIN_DAY_24,,NO,D12450Ki,26011208A2i,JACKSON_LABORATORIES,2105,,,2512-43492A
2561791017,NZO/HlLtJ,3746,3B,A9,370-F,2/10/26,F,LFD,,,,7/28/26,REGAIN_DAY_21,,NO,D12450Ki,26011208A2i,JACKSON_LABORATORIES,2105,,,2512-43492A
2561791018,NZO/HlLtJ,3747,3B,B9,370-F,2/3/26,F,LFD,,,,7/28/26,,,NO,D12450Ki,26011208A2i,JACKSON_LABORATORIES,2105,,,2512-43492A
2561791019,NZO/HlLtJ,3748,3B,C9,370-F,2/3/26,F,LFD,,,,7/28/26,REGAIN_DAY_24,,NO,D12450Ki,26011208A2i,JACKSON_LABORATORIES,2105,,,2512-43492A
2561791020,NZO/HlLtJ,3749,3B,D9,370-F,2/3/26,F,LFD,,,,7/28/26,,,NO,D12450Ki,26011208A2i,JACKSON_LABORATORIES,2105,,,2512-43492A
2561791021,NZO/HlLtJ,3750,3B,A10,370-F,2/3/26,F,LFD,,,,7/28/26,,,NO,D12450Ki,26011208A2i,JACKSON_LABORATORIES,2105,,,2512-43492A
2561791022,NZO/HlLtJ,3751,3B,B10,370-F,1/27/26,F,LFD,,,,7/28/26,,,NO,D12450Ki,26011208A2i,JACKSON_LABORATORIES,2105,,,2512-43492A
2561791023,NZO/HlLtJ,3752,3B,C10,370-F,1/27/26,F,LFD,,,,7/28/26,REGAIN_DAY_21,,NO,D12450Ki,26011208A2i,JACKSON_LABORATORIES,2105,,,2512-43492A
2561791024,NZO/HlLtJ,3753,3B,D10,370-F,1/27/26,F,LFD,,,,7/28/26,,,NO,D12450Ki,26011208A2i,JACKSON_LABORATORIES,2105,,,2512-43492A
2561791002,NZO/HlLtJ,3731,,CAGE_1,230-F,1/13/26,F,LFD,277.25,265.26,56.81,7/29/26,SABLE_DAY_14,265.26,YES,D12450Ki,26011208A2i,JACKSON_LABORATORIES,2105,,,2512-43492A
2561791003,NZO/HlLtJ,3732,,CAGE_2,230-F,1/13/26,F,LFD,283.53,275.68,41.97,7/29/26,SABLE_DAY_14,275.68,YES,D12450Ki,26011208A2i,JACKSON_LABORATORIES,2105,,,2512-43492A
2561791004,NZO/HlLtJ,3733,,CAGE_3,230-F,1/13/26,F,LFD,280.33,270.86,48.88,7/29/26,SABLE_DAY_14,270.86,YES,D12450Ki,26011208A2i,JACKSON_LABORATORIES,2105,,,2512-43492A
2561791006,NZO/HlLtJ,3735,,CAGE_4,230-F,1/20/26,F,LFD,278.26,268.53,55.52,7/29/26,SABLE_DAY_14,268.53,YES,D12450Ki,26011208A2i,JACKSON_LABORATORIES,2105,,,2512-43492A
2561791008,NZO/HlLtJ,3737,,CAGE_5,230-F,1/20/26,F,LFD,278.33,268.15,54.02,7/29/26,SABLE_DAY_14,268.15,YES,D12450Ki,26011208A2i,JACKSON_LABORATORIES,2105,,,2512-43492A
2561791009,NZO/HlLtJ,3738,,ACC_CAGE_6,230-F,1/20/26,F,LFD,271.9,262.99,52.65,7/29/26,,262.99,NO,D12450Ki,26011208A2i,JACKSON_LABORATORIES,2105,,,2512-43492A
2561791010,NZO/HlLtJ,3739,,CAGE_6,230-F,1/20/26,F,LFD,279.15,269.75,55.65,7/29/26,SABLE_DAY_14,269.75,YES,D12450Ki,26011208A2i,JACKSON_LABORATORIES,2105,,,2512-43492A
2561791011,NZO/HlLtJ,3740,,CAGE_7,230-F,1/20/26,F,LFD,278.26,270.18,57.77,7/29/26,SABLE_DAY_14,270.18,YES,D12450Ki,26011208A2i,JACKSON_LABORATORIES,2105,,,2512-43492A
2561791012,NZO/HlLtJ,3741,,CAGE_8,230-F,1/20/26,F,LFD,285.77,276.71,56.93,7/29/26,SABLE_DAY_14,276.71,YES,D12450Ki,26011208A2i,JACKSON_LABORATORIES,2105,,,2512-43492A
2561791013,NZO/HlLtJ,3742,3B,A8,370-F,2/10/26,F,LFD,27.55,21.13,43.46,7/29/26,,21.13,NO,D12450Ki,26011208A2i,JACKSON_LABORATORIES,2105,,,2512-43492A
2561791014,NZO/HlLtJ,3743,3B,B8,370-F,2/10/26,F,LFD,25.14,18.42,44.53,7/29/26,,18.42,NO,D12450Ki,26011208A2i,JACKSON_LABORATORIES,2105,,,2512-43492A
2561791015,NZO/HlLtJ,3744,3B,C8,370-F,2/10/26,F,LFD,26.59,19.67,53.77,7/29/26,REGAIN_DAY_25,19.67,NO,D12450Ki,26011208A2i,JACKSON_LABORATORIES,2105,,,2512-43492A
2561791016,NZO/HlLtJ,3745,3B,D8,370-F,2/10/26,F,LFD,25.55,17.64,52.89,7/29/26,REGAIN_DAY_25,17.64,NO,D12450Ki,26011208A2i,JACKSON_LABORATORIES,2105,,,2512-43492A
2561791017,NZO/HlLtJ,3746,3B,A9,370-F,2/10/26,F,LFD,25.15,16.48,46.31,7/29/26,REGAIN_DAY_22,16.48,NO,D12450Ki,26011208A2i,JACKSON_LABORATORIES,2105,,,2512-43492A
2561791018,NZO/HlLtJ,3747,3B,B9,370-F,2/3/26,F,LFD,26.55,20.45,44.64,7/29/26,,20.45,NO,D12450Ki,26011208A2i,JACKSON_LABORATORIES,2105,,,2512-43492A
2561791019,NZO/HlLtJ,3748,3B,C9,370-F,2/3/26,F,LFD,26.72,18.51,52.33,7/29/26,REGAIN_DAY_25,18.51,NO,D12450Ki,26011208A2i,JACKSON_LABORATORIES,2105,,,2512-43492A
2561791020,NZO/HlLtJ,3749,3B,D9,370-F,2/3/26,F,LFD,24.84,18.69,41.54,7/29/26,,18.69,NO,D12450Ki,26011208A2i,JACKSON_LABORATORIES,2105,,,2512-43492A
2561791021,NZO/HlLtJ,3750,3B,A10,370-F,2/3/26,F,LFD,26.94,19.56,52.49,7/29/26,,19.56,NO,D12450Ki,26011208A2i,JACKSON_LABORATORIES,2105,,,2512-43492A
2561791022,NZO/HlLtJ,3751,3B,B10,370-F,1/27/26,F,LFD,26.36,19.47,45,7/29/26,,19.47,NO,D12450Ki,26011208A2i,JACKSON_LABORATORIES,2105,,,2512-43492A
2561791023,NZO/HlLtJ,3752,3B,C10,370-F,1/27/26,F,LFD,26.35,18.35,49.49,7/29/26,REGAIN_DAY_22,18.35,NO,D12450Ki,26011208A2i,JACKSON_LABORATORIES,2105,,,2512-43492A
2561791024,NZO/HlLtJ,3753,3B,D10,370-F,1/27/26,F,LFD,27.04,20.02,52.43,7/29/26,,20.02,NO,D12450Ki,26011208A2i,JACKSON_LABORATORIES,2105,,,2512-43492A
2561791002,NZO/HlLtJ,3731,,CAGE_1,230-F,1/13/26,F,LFD,,,,7/30/26,SABLE_DAY_15_OXA_5,,YES,D12450Ki,26011208A2i,JACKSON_LABORATORIES,2105,,,2512-43492A
2561791003,NZO/HlLtJ,3732,,CAGE_2,230-F,1/13/26,F,LFD,,,,7/30/26,SABLE_DAY_15_OXA_5,,YES,D12450Ki,26011208A2i,JACKSON_LABORATORIES,2105,,,2512-43492A
2561791004,NZO/HlLtJ,3733,,CAGE_3,230-F,1/13/26,F,LFD,,,,7/30/26,SABLE_DAY_15_OXA_5,,YES,D12450Ki,26011208A2i,JACKSON_LABORATORIES,2105,,,2512-43492A
2561791006,NZO/HlLtJ,3735,,CAGE_4,230-F,1/20/26,F,LFD,,,,7/30/26,SABLE_DAY_15_OXA_5,,YES,D12450Ki,26011208A2i,JACKSON_LABORATORIES,2105,,,2512-43492A
2561791008,NZO/HlLtJ,3737,,CAGE_5,230-F,1/20/26,F,LFD,,,,7/30/26,SABLE_DAY_15_OXA_5,,YES,D12450Ki,26011208A2i,JACKSON_LABORATORIES,2105,,,2512-43492A
2561791009,NZO/HlLtJ,3738,,ACC_CAGE_6,230-F,1/20/26,F,LFD,,,,7/30/26,DAY_5_MOCK_INJECTIONS,,NO,D12450Ki,26011208A2i,JACKSON_LABORATORIES,2105,,,2512-43492A
2561791010,NZO/HlLtJ,3739,,CAGE_6,230-F,1/20/26,F,LFD,,,,7/30/26,SABLE_DAY_15_OXA_5,,YES,D12450Ki,26011208A2i,JACKSON_LABORATORIES,2105,,,2512-43492A
2561791011,NZO/HlLtJ,3740,,CAGE_7,230-F,1/20/26,F,LFD,,,,7/30/26,SABLE_DAY_15_OXA_5,,YES,D12450Ki,26011208A2i,JACKSON_LABORATORIES,2105,,,2512-43492A
2561791012,NZO/HlLtJ,3741,,CAGE_8,230-F,1/20/26,F,LFD,,,,7/30/26,SABLE_DAY_15_OXA_5,,YES,D12450Ki,26011208A2i,JACKSON_LABORATORIES,2105,,,2512-43492A
2561791013,NZO/HlLtJ,3742,3B,A8,370-F,2/10/26,F,LFD,,,,7/30/26,,,NO,D12450Ki,26011208A2i,JACKSON_LABORATORIES,2105,,,2512-43492A
2561791014,NZO/HlLtJ,3743,3B,B8,370-F,2/10/26,F,LFD,,,,7/30/26,,,NO,D12450Ki,26011208A2i,JACKSON_LABORATORIES,2105,,,2512-43492A
2561791015,NZO/HlLtJ,3744,3B,C8,370-F,2/10/26,F,LFD,,,,7/30/26,REGAIN_DAY_26,,NO,D12450Ki,26011208A2i,JACKSON_LABORATORIES,2105,,,2512-43492A
2561791016,NZO/HlLtJ,3745,3B,D8,370-F,2/10/26,F,LFD,,,,7/30/26,REGAIN_DAY_26,,NO,D12450Ki,26011208A2i,JACKSON_LABORATORIES,2105,,,2512-43492A
2561791017,NZO/HlLtJ,3746,3B,A9,370-F,2/10/26,F,LFD,,,,7/30/26,REGAIN_DAY_23,,NO,D12450Ki,26011208A2i,JACKSON_LABORATORIES,2105,,,2512-43492A
2561791018,NZO/HlLtJ,3747,3B,B9,370-F,2/3/26,F,LFD,,,,7/30/26,,,NO,D12450Ki,26011208A2i,JACKSON_LABORATORIES,2105,,,2512-43492A
2561791019,NZO/HlLtJ,3748,3B,C9,370-F,2/3/26,F,LFD,,,,7/30/26,REGAIN_DAY_26,,NO,D12450Ki,26011208A2i,JACKSON_LABORATORIES,2105,,,2512-43492A
2561791020,NZO/HlLtJ,3749,3B,D9,370-F,2/3/26,F,LFD,,,,7/30/26,,,NO,D12450Ki,26011208A2i,JACKSON_LABORATORIES,2105,,,2512-43492A
2561791021,NZO/HlLtJ,3750,3B,A10,370-F,2/3/26,F,LFD,,,,7/30/26,,,NO,D12450Ki,26011208A2i,JACKSON_LABORATORIES,2105,,,2512-43492A
2561791022,NZO/HlLtJ,3751,3B,B10,370-F,1/27/26,F,LFD,,,,7/30/26,,,NO,D12450Ki,26011208A2i,JACKSON_LABORATORIES,2105,,,2512-43492A
2561791023,NZO/HlLtJ,3752,3B,C10,370-F,1/27/26,F,LFD,,,,7/30/26,REGAIN_DAY_23,,NO,D12450Ki,26011208A2i,JACKSON_LABORATORIES,2105,,,2512-43492A
2561791024,NZO/HlLtJ,3753,3B,D10,370-F,1/27/26,F,LFD,,,,7/30/26,,,NO,D12450Ki,26011208A2i,JACKSON_LABORATORIES,2105,,,2512-43492A
2561791002,NZO/HlLtJ,3731,,CAGE_1,230-F,1/13/26,F,LFD,,,,7/31/26,SABLE_DAY_16,,YES,D12450Ki,26011208A2i,JACKSON_LABORATORIES,2105,,,2512-43492A
2561791003,NZO/HlLtJ,3732,,CAGE_2,230-F,1/13/26,F,LFD,,,,7/31/26,SABLE_DAY_16,,YES,D12450Ki,26011208A2i,JACKSON_LABORATORIES,2105,,,2512-43492A
2561791004,NZO/HlLtJ,3733,,CAGE_3,230-F,1/13/26,F,LFD,,,,7/31/26,SABLE_DAY_16,,YES,D12450Ki,26011208A2i,JACKSON_LABORATORIES,2105,,,2512-43492A
2561791006,NZO/HlLtJ,3735,,CAGE_4,230-F,1/20/26,F,LFD,,,,7/31/26,SABLE_DAY_16,,YES,D12450Ki,26011208A2i,JACKSON_LABORATORIES,2105,,,2512-43492A
2561791008,NZO/HlLtJ,3737,,CAGE_5,230-F,1/20/26,F,LFD,,,,7/31/26,SABLE_DAY_16,,YES,D12450Ki,26011208A2i,JACKSON_LABORATORIES,2105,,,2512-43492A
2561791009,NZO/HlLtJ,3738,,ACC_CAGE_6,230-F,1/20/26,F,LFD,,,,7/31/26,,,NO,D12450Ki,26011208A2i,JACKSON_LABORATORIES,2105,,,2512-43492A
2561791010,NZO/HlLtJ,3739,,CAGE_6,230-F,1/20/26,F,LFD,,,,7/31/26,SABLE_DAY_16,,YES,D12450Ki,26011208A2i,JACKSON_LABORATORIES,2105,,,2512-43492A
2561791011,NZO/HlLtJ,3740,,CAGE_7,230-F,1/20/26,F,LFD,,,,7/31/26,SABLE_DAY_16,,YES,D12450Ki,26011208A2i,JACKSON_LABORATORIES,2105,,,2512-43492A
2561791012,NZO/HlLtJ,3741,,CAGE_8,230-F,1/20/26,F,LFD,,,,7/31/26,SABLE_DAY_16,,YES,D12450Ki,26011208A2i,JACKSON_LABORATORIES,2105,,,2512-43492A
2561791013,NZO/HlLtJ,3742,3B,A8,370-F,2/10/26,F,LFD,21.13,14.47,43.32,7/31/26,,16.08,NO,D12450Ki,26011208A2i,JACKSON_LABORATORIES,2105,,,2512-43492A
2561791014,NZO/HlLtJ,3743,3B,B8,370-F,2/10/26,F,LFD,18.42,10.38,44.61,7/31/26,,18.15,NO,D12450Ki,26011208A2i,JACKSON_LABORATORIES,2105,,,2512-43492A
2561791015,NZO/HlLtJ,3744,3B,C8,370-F,2/10/26,F,LFD,19.67,11.26,53.84,7/31/26,REGAIN_DAY_27,17,NO,D12450Ki,26011208A2i,JACKSON_LABORATORIES,2105,,,2512-43492A
2561791016,NZO/HlLtJ,3745,3B,D8,370-F,2/10/26,F,LFD,17.64,8.18,53.76,7/31/26,REGAIN_DAY_27,17.23,NO,D12450Ki,26011208A2i,JACKSON_LABORATORIES,2105,,,2512-43492A
2561791017,NZO/HlLtJ,3746,3B,A9,370-F,2/10/26,F,LFD,16.48,8.94,45.8,7/31/26,REGAIN_DAY_24,17.95,NO,D12450Ki,26011208A2i,JACKSON_LABORATORIES,2105,,,2512-43492A
2561791018,NZO/HlLtJ,3747,3B,B9,370-F,2/3/26,F,LFD,20.45,12.22,44.87,7/31/26,,19.06,NO,D12450Ki,26011208A2i,JACKSON_LABORATORIES,2105,,,2512-43492A
2561791019,NZO/HlLtJ,3748,3B,C9,370-F,2/3/26,F,LFD,18.51,6.32,54.4,7/31/26,REGAIN_DAY_27,19.47,NO,D12450Ki,26011208A2i,JACKSON_LABORATORIES,2105,,,2512-43492A
2561791020,NZO/HlLtJ,3749,3B,D9,370-F,2/3/26,F,LFD,18.69,11.44,41.27,7/31/26,,19.41,NO,D12450Ki,26011208A2i,JACKSON_LABORATORIES,2105,,,2512-43492A
2561791021,NZO/HlLtJ,3750,3B,A10,370-F,2/3/26,F,LFD,19.56,11.54,52.9,7/31/26,,18.56,NO,D12450Ki,26011208A2i,JACKSON_LABORATORIES,2105,,,2512-43492A
2561791022,NZO/HlLtJ,3751,3B,B10,370-F,1/27/26,F,LFD,19.47,11.18,45.2,7/31/26,,19.99,NO,D12450Ki,26011208A2i,JACKSON_LABORATORIES,2105,,,2512-43492A
2561791023,NZO/HlLtJ,3752,3B,C10,370-F,1/27/26,F,LFD,18.35,9.57,49.73,7/31/26,REGAIN_DAY_24,16.87,NO,D12450Ki,26011208A2i,JACKSON_LABORATORIES,2105,,,2512-43492A
2561791024,NZO/HlLtJ,3753,3B,D10,370-F,1/27/26,F,LFD,20.02,11.72,52.89,7/31/26,,19.61,NO,D12450Ki,26011208A2i,JACKSON_LABORATORIES,2105,,,2512-43492A
2561791002,NZO/HlLtJ,3731,,CAGE_1,230-F,1/13/26,F,LFD,,,,8/1/26,SABLE_DAY_18,,YES,D12450Ki,26011208A2i,JACKSON_LABORATORIES,2105,,,2512-43492A
2561791003,NZO/HlLtJ,3732,,CAGE_2,230-F,1/13/26,F,LFD,,,,8/1/26,SABLE_DAY_18,,YES,D12450Ki,26011208A2i,JACKSON_LABORATORIES,2105,,,2512-43492A
2561791004,NZO/HlLtJ,3733,,CAGE_3,230-F,1/13/26,F,LFD,,,,8/1/26,SABLE_DAY_18,,YES,D12450Ki,26011208A2i,JACKSON_LABORATORIES,2105,,,2512-43492A
2561791006,NZO/HlLtJ,3735,,CAGE_4,230-F,1/20/26,F,LFD,,,,8/1/26,SABLE_DAY_18,,YES,D12450Ki,26011208A2i,JACKSON_LABORATORIES,2105,,,2512-43492A
2561791008,NZO/HlLtJ,3737,,CAGE_5,230-F,1/20/26,F,LFD,,,,8/1/26,SABLE_DAY_18,,YES,D12450Ki,26011208A2i,JACKSON_LABORATORIES,2105,,,2512-43492A
2561791009,NZO/HlLtJ,3738,,ACC_CAGE_6,230-F,1/20/26,F,LFD,,,,8/1/26,,,NO,D12450Ki,26011208A2i,JACKSON_LABORATORIES,2105,,,2512-43492A
2561791010,NZO/HlLtJ,3739,,CAGE_6,230-F,1/20/26,F,LFD,,,,8/1/26,SABLE_DAY_18,,YES,D12450Ki,26011208A2i,JACKSON_LABORATORIES,2105,,,2512-43492A
2561791011,NZO/HlLtJ,3740,,CAGE_7,230-F,1/20/26,F,LFD,,,,8/1/26,SABLE_DAY_18,,YES,D12450Ki,26011208A2i,JACKSON_LABORATORIES,2105,,,2512-43492A
2561791012,NZO/HlLtJ,3741,,CAGE_8,230-F,1/20/26,F,LFD,,,,8/1/26,SABLE_DAY_18,,YES,D12450Ki,26011208A2i,JACKSON_LABORATORIES,2105,,,2512-43492A
2561791013,NZO/HlLtJ,3742,3B,A8,370-F,2/10/26,F,LFD,,,,8/1/26,,,NO,D12450Ki,26011208A2i,JACKSON_LABORATORIES,2105,,,2512-43492A
2561791014,NZO/HlLtJ,3743,3B,B8,370-F,2/10/26,F,LFD,,,,8/1/26,,,NO,D12450Ki,26011208A2i,JACKSON_LABORATORIES,2105,,,2512-43492A
2561791015,NZO/HlLtJ,3744,3B,C8,370-F,2/10/26,F,LFD,,,,8/1/26,REGAIN_DAY_28,,NO,D12450Ki,26011208A2i,JACKSON_LABORATORIES,2105,,,2512-43492A
2561791016,NZO/HlLtJ,3745,3B,D8,370-F,2/10/26,F,LFD,,,,8/1/26,REGAIN_DAY_28,,NO,D12450Ki,26011208A2i,JACKSON_LABORATORIES,2105,,,2512-43492A
2561791017,NZO/HlLtJ,3746,3B,A9,370-F,2/10/26,F,LFD,,,,8/1/26,REGAIN_DAY_25,,NO,D12450Ki,26011208A2i,JACKSON_LABORATORIES,2105,,,2512-43492A
2561791018,NZO/HlLtJ,3747,3B,B9,370-F,2/3/26,F,LFD,,,,8/1/26,,,NO,D12450Ki,26011208A2i,JACKSON_LABORATORIES,2105,,,2512-43492A
2561791019,NZO/HlLtJ,3748,3B,C9,370-F,2/3/26,F,LFD,,,,8/1/26,REGAIN_DAY_28,,NO,D12450Ki,26011208A2i,JACKSON_LABORATORIES,2105,,,2512-43492A
2561791020,NZO/HlLtJ,3749,3B,D9,370-F,2/3/26,F,LFD,,,,8/1/26,,,NO,D12450Ki,26011208A2i,JACKSON_LABORATORIES,2105,,,2512-43492A
2561791021,NZO/HlLtJ,3750,3B,A10,370-F,2/3/26,F,LFD,,,,8/1/26,,,NO,D12450Ki,26011208A2i,JACKSON_LABORATORIES,2105,,,2512-43492A
2561791022,NZO/HlLtJ,3751,3B,B10,370-F,1/27/26,F,LFD,,,,8/1/26,,,NO,D12450Ki,26011208A2i,JACKSON_LABORATORIES,2105,,,2512-43492A
2561791023,NZO/HlLtJ,3752,3B,C10,370-F,1/27/26,F,LFD,,,,8/1/26,REGAIN_DAY_25,,NO,D12450Ki,26011208A2i,JACKSON_LABORATORIES,2105,,,2512-43492A
2561791024,NZO/HlLtJ,3753,3B,D10,370-F,1/27/26,F,LFD,,,,8/1/26,,,NO,D12450Ki,26011208A2i,JACKSON_LABORATORIES,2105,,,2512-43492A
2561791002,NZO/HlLtJ,3731,,CAGE_1,230-F,1/13/26,F,LFD,,,,8/2/26,SABLE_DAY_19,,YES,D12450Ki,26011208A2i,JACKSON_LABORATORIES,2105,,,2512-43492A
2561791003,NZO/HlLtJ,3732,,CAGE_2,230-F,1/13/26,F,LFD,,,,8/2/26,SABLE_DAY_19,,YES,D12450Ki,26011208A2i,JACKSON_LABORATORIES,2105,,,2512-43492A
2561791004,NZO/HlLtJ,3733,,CAGE_3,230-F,1/13/26,F,LFD,,,,8/2/26,SABLE_DAY_19,,YES,D12450Ki,26011208A2i,JACKSON_LABORATORIES,2105,,,2512-43492A
2561791006,NZO/HlLtJ,3735,,CAGE_4,230-F,1/20/26,F,LFD,,,,8/2/26,SABLE_DAY_19,,YES,D12450Ki,26011208A2i,JACKSON_LABORATORIES,2105,,,2512-43492A
2561791008,NZO/HlLtJ,3737,,CAGE_5,230-F,1/20/26,F,LFD,,,,8/2/26,SABLE_DAY_19,,YES,D12450Ki,26011208A2i,JACKSON_LABORATORIES,2105,,,2512-43492A
2561791009,NZO/HlLtJ,3738,,ACC_CAGE_6,230-F,1/20/26,F,LFD,,,,8/2/26,,,NO,D12450Ki,26011208A2i,JACKSON_LABORATORIES,2105,,,2512-43492A
2561791010,NZO/HlLtJ,3739,,CAGE_6,230-F,1/20/26,F,LFD,,,,8/2/26,SABLE_DAY_19,,YES,D12450Ki,26011208A2i,JACKSON_LABORATORIES,2105,,,2512-43492A
2561791011,NZO/HlLtJ,3740,,CAGE_7,230-F,1/20/26,F,LFD,,,,8/2/26,SABLE_DAY_19,,YES,D12450Ki,26011208A2i,JACKSON_LABORATORIES,2105,,,2512-43492A
2561791012,NZO/HlLtJ,3741,,CAGE_8,230-F,1/20/26,F,LFD,,,,8/2/26,SABLE_DAY_19,,YES,D12450Ki,26011208A2i,JACKSON_LABORATORIES,2105,,,2512-43492A
2561791013,NZO/HlLtJ,3742,3B,A8,370-F,2/10/26,F,LFD,,,,8/2/26,,,NO,D12450Ki,26011208A2i,JACKSON_LABORATORIES,2105,,,2512-43492A
2561791014,NZO/HlLtJ,3743,3B,B8,370-F,2/10/26,F,LFD,,,,8/2/26,,,NO,D12450Ki,26011208A2i,JACKSON_LABORATORIES,2105,,,2512-43492A
2561791015,NZO/HlLtJ,3744,3B,C8,370-F,2/10/26,F,LFD,,,,8/2/26,REGAIN_DAY_29,,NO,D12450Ki,26011208A2i,JACKSON_LABORATORIES,2105,,,2512-43492A
2561791016,NZO/HlLtJ,3745,3B,D8,370-F,2/10/26,F,LFD,,,,8/2/26,REGAIN_DAY_29,,NO,D12450Ki,26011208A2i,JACKSON_LABORATORIES,2105,,,2512-43492A
2561791017,NZO/HlLtJ,3746,3B,A9,370-F,2/10/26,F,LFD,,,,8/2/26,REGAIN_DAY_26,,NO,D12450Ki,26011208A2i,JACKSON_LABORATORIES,2105,,,2512-43492A
2561791018,NZO/HlLtJ,3747,3B,B9,370-F,2/3/26,F,LFD,,,,8/2/26,,,NO,D12450Ki,26011208A2i,JACKSON_LABORATORIES,2105,,,2512-43492A
2561791019,NZO/HlLtJ,3748,3B,C9,370-F,2/3/26,F,LFD,,,,8/2/26,REGAIN_DAY_29,,NO,D12450Ki,26011208A2i,JACKSON_LABORATORIES,2105,,,2512-43492A
2561791020,NZO/HlLtJ,3749,3B,D9,370-F,2/3/26,F,LFD,,,,8/2/26,,,NO,D12450Ki,26011208A2i,JACKSON_LABORATORIES,2105,,,2512-43492A
2561791021,NZO/HlLtJ,3750,3B,A10,370-F,2/3/26,F,LFD,,,,8/2/26,,,NO,D12450Ki,26011208A2i,JACKSON_LABORATORIES,2105,,,2512-43492A
2561791022,NZO/HlLtJ,3751,3B,B10,370-F,1/27/26,F,LFD,,,,8/2/26,,,NO,D12450Ki,26011208A2i,JACKSON_LABORATORIES,2105,,,2512-43492A
2561791023,NZO/HlLtJ,3752,3B,C10,370-F,1/27/26,F,LFD,,,,8/2/26,REGAIN_DAY_26,,NO,D12450Ki,26011208A2i,JACKSON_LABORATORIES,2105,,,2512-43492A
2561791024,NZO/HlLtJ,3753,3B,D10,370-F,1/27/26,F,LFD,,,,8/2/26,,,NO,D12450Ki,26011208A2i,JACKSON_LABORATORIES,2105,,,2512-43492A
2561791002,NZO/HlLtJ,3731,,CAGE_1,230-F,1/13/26,F,LFD,265.26,239.91,58.28,8/3/26,SABLE_DAY_20_OXA_6,269.32,YES,D12450Ki,26011208A2i,JACKSON_LABORATORIES,2105,,,2512-43492A
2561791003,NZO/HlLtJ,3732,,CAGE_2,230-F,1/13/26,F,LFD,275.68,251.46,45.71,8/3/26,SABLE_DAY_20,283.05,YES,D12450Ki,26011208A2i,JACKSON_LABORATORIES,2105,,,2512-43492A
2561791004,NZO/HlLtJ,3733,,CAGE_3,230-F,1/13/26,F,LFD,270.86,250.37,48.22,8/3/26,SABLE_DAY_20,283.01,YES,D12450Ki,26011208A2i,JACKSON_LABORATORIES,2105,,,2512-43492A
2561791006,NZO/HlLtJ,3735,,CAGE_4,230-F,1/20/26,F,LFD,268.53,244.37,56.07,8/3/26,SABLE_DAY_20,282.94,YES,D12450Ki,26011208A2i,JACKSON_LABORATORIES,2105,,,2512-43492A
2561791008,NZO/HlLtJ,3737,,CAGE_5,230-F,1/20/26,F,LFD,268.15,241.89,56.96,8/3/26,SABLE_DAY_20,281.32,YES,D12450Ki,26011208A2i,JACKSON_LABORATORIES,2105,,,2512-43492A
2561791009,NZO/HlLtJ,3738,,CAGE_6,230-F,1/20/26,F,LFD,262.99,239.63,53.58,8/3/26,DAY_6_MOCK_INJECTIONS,292.74,NO,D12450Ki,26011208A2i,JACKSON_LABORATORIES,2105,,,2512-43492A
2561791010,NZO/HlLtJ,3739,,CAGE_6,230-F,1/20/26,F,LFD,269.75,247.65,56.36,8/3/26,SABLE_DAY_20,282.93,YES,D12450Ki,26011208A2i,JACKSON_LABORATORIES,2105,,,2512-43492A
2561791011,NZO/HlLtJ,3740,,CAGE_7,230-F,1/20/26,F,LFD,270.18,248.89,57.82,8/3/26,SABLE_DAY_20,282.46,YES,D12450Ki,26011208A2i,JACKSON_LABORATORIES,2105,,,2512-43492A
2561791012,NZO/HlLtJ,3741,,CAGE_8,230-F,1/20/26,F,LFD,276.71,253.35,57.78,8/3/26,SABLE_DAY_20,284.12,YES,D12450Ki,26011208A2i,JACKSON_LABORATORIES,2105,,,2512-43492A
2561791013,NZO/HlLtJ,3742,3B,A8,370-F,2/10/26,F,LFD,16.08,4.47,44.67,8/3/26,,25.89,NO,D12450Ki,26011208A2i,JACKSON_LABORATORIES,2105,,,2512-43492A
2561791014,NZO/HlLtJ,3743,3B,B8,370-F,2/10/26,F,LFD,18.15,5.13,46.75,8/3/26,,27.49,NO,D12450Ki,26011208A2i,JACKSON_LABORATORIES,2105,,,2512-43492A
2561791015,NZO/HlLtJ,3744,3B,C8,370-F,2/10/26,F,LFD,17,5.97,54.31,8/3/26,REGAIN_DAY_30,28.12,NO,D12450Ki,26011208A2i,JACKSON_LABORATORIES,2105,,,2512-43492A
2561791016,NZO/HlLtJ,3745,3B,D8,370-F,2/10/26,F,LFD,17.23,5.37,53.82,8/3/26,REGAIN_DAY_30,27.32,NO,D12450Ki,26011208A2i,JACKSON_LABORATORIES,2105,,,2512-43492A
2561791017,NZO/HlLtJ,3746,3B,A9,370-F,2/10/26,F,LFD,17.95,6.16,46.63,8/3/26,REGAIN_DAY_27,27.93,NO,D12450Ki,26011208A2i,JACKSON_LABORATORIES,2105,,,2512-43492A
2561791018,NZO/HlLtJ,3747,3B,B9,370-F,2/3/26,F,LFD,19.06,7.37,46.24,8/3/26,,26.56,NO,D12450Ki,26011208A2i,JACKSON_LABORATORIES,2105,,,2512-43492A
2561791019,NZO/HlLtJ,3748,3B,C9,370-F,2/3/26,F,LFD,19.47,4.5,55.4,8/3/26,REGAIN_DAY_30,28.26,NO,D12450Ki,26011208A2i,JACKSON_LABORATORIES,2105,,,2512-43492A
2561791020,NZO/HlLtJ,3749,3B,D9,370-F,2/3/26,F,LFD,19.41,8.63,42.56,8/3/26,,27.77,NO,D12450Ki,26011208A2i,JACKSON_LABORATORIES,2105,,,2512-43492A
2561791021,NZO/HlLtJ,3750,3B,A10,370-F,2/3/26,F,LFD,18.56,6.14,54.57,8/3/26,,26.98,NO,D12450Ki,26011208A2i,JACKSON_LABORATORIES,2105,,,2512-43492A
2561791022,NZO/HlLtJ,3751,3B,B10,370-F,1/27/26,F,LFD,19.99,7.75,46.67,8/3/26,,26.77,NO,D12450Ki,26011208A2i,JACKSON_LABORATORIES,2105,,,2512-43492A
2561791023,NZO/HlLtJ,3752,3B,C10,370-F,1/27/26,F,LFD,16.87,4.69,50.26,8/3/26,REGAIN_DAY_27,28.48,NO,D12450Ki,26011208A2i,JACKSON_LABORATORIES,2105,,,2512-43492A
2561791024,NZO/HlLtJ,3753,3B,D10,370-F,1/27/26,F,LFD,19.61,7.5,54.55,8/3/26,,26.27,NO,D12450Ki,26011208A2i,JACKSON_LABORATORIES,2105,,,2512-43492A
2561791002,NZO/HlLtJ,3731,,CAGE_1,230-F,1/13/26,F,LFD,,,,8/4/26,SABLE_DAY_21,,YES,D12450Ki,26011208A2i,JACKSON_LABORATORIES,2105,,,2512-43492A
2561791003,NZO/HlLtJ,3732,,CORE_2,230-F,1/13/26,F,LFD,,,,8/4/26,,,NO,D12450Ki,26011208A2i,JACKSON_LABORATORIES,2105,,,2512-43492A
2561791004,NZO/HlLtJ,3733,,CORE_3,230-F,1/13/26,F,LFD,,,,8/4/26,,,NO,D12450Ki,26011208A2i,JACKSON_LABORATORIES,2105,,,2512-43492A
2561791006,NZO/HlLtJ,3735,,CORE_4,230-F,1/20/26,F,LFD,,,,8/4/26,,,NO,D12450Ki,26011208A2i,JACKSON_LABORATORIES,2105,,,2512-43492A
2561791008,NZO/HlLtJ,3737,,CORE_5,230-F,1/20/26,F,LFD,,,,8/4/26,,,NO,D12450Ki,26011208A2i,JACKSON_LABORATORIES,2105,,,2512-43492A
2561791009,NZO/HlLtJ,3738,,CAGE_6,230-F,1/20/26,F,LFD,,,,8/4/26,SABLE_DAY_1,,YES,D12450Ki,26011208A2i,JACKSON_LABORATORIES,2105,,,2512-43492A
2561791010,NZO/HlLtJ,3739,,CORE_7,230-F,1/20/26,F,LFD,,,,8/4/26,,,NO,D12450Ki,26011208A2i,JACKSON_LABORATORIES,2105,,,2512-43492A
2561791011,NZO/HlLtJ,3740,,CORE_8,230-F,1/20/26,F,LFD,,,,8/4/26,,,NO,D12450Ki,26011208A2i,JACKSON_LABORATORIES,2105,,,2512-43492A
2561791012,NZO/HlLtJ,3741,,CORE_9,230-F,1/20/26,F,LFD,,,,8/4/26,,,NO,D12450Ki,26011208A2i,JACKSON_LABORATORIES,2105,,,2512-43492A
2561791013,NZO/HlLtJ,3742,3B,A8,370-F,2/10/26,F,LFD,,,,8/4/26,,,NO,D12450Ki,26011208A2i,JACKSON_LABORATORIES,2105,,,2512-43492A
2561791014,NZO/HlLtJ,3743,3B,B8,370-F,2/10/26,F,LFD,,,,8/4/26,,,NO,D12450Ki,26011208A2i,JACKSON_LABORATORIES,2105,,,2512-43492A
2561791015,NZO/HlLtJ,3744,3B,C8,370-F,2/10/26,F,LFD,,,,8/4/26,,,NO,D12450Ki,26011208A2i,JACKSON_LABORATORIES,2105,,,2512-43492A
2561791016,NZO/HlLtJ,3745,3B,D8,370-F,2/10/26,F,LFD,,,,8/4/26,,,NO,D12450Ki,26011208A2i,JACKSON_LABORATORIES,2105,,,2512-43492A
2561791017,NZO/HlLtJ,3746,3B,A9,370-F,2/10/26,F,LFD,,,,8/4/26,REGAIN_DAY_28,,NO,D12450Ki,26011208A2i,JACKSON_LABORATORIES,2105,,,2512-43492A
2561791018,NZO/HlLtJ,3747,3B,B9,370-F,2/3/26,F,LFD,,,,8/4/26,,,NO,D12450Ki,26011208A2i,JACKSON_LABORATORIES,2105,,,2512-43492A
2561791019,NZO/HlLtJ,3748,3B,C9,370-F,2/3/26,F,LFD,,,,8/4/26,,,NO,D12450Ki,26011208A2i,JACKSON_LABORATORIES,2105,,,2512-43492A
2561791020,NZO/HlLtJ,3749,3B,D9,370-F,2/3/26,F,LFD,,,,8/4/26,,,NO,D12450Ki,26011208A2i,JACKSON_LABORATORIES,2105,,,2512-43492A
2561791021,NZO/HlLtJ,3750,3B,A10,370-F,2/3/26,F,LFD,,,,8/4/26,,,NO,D12450Ki,26011208A2i,JACKSON_LABORATORIES,2105,,,2512-43492A
2561791022,NZO/HlLtJ,3751,3B,B10,370-F,1/27/26,F,LFD,,,,8/4/26,,,NO,D12450Ki,26011208A2i,JACKSON_LABORATORIES,2105,,,2512-43492A
2561791023,NZO/HlLtJ,3752,3B,C10,370-F,1/27/26,F,LFD,,,,8/4/26,REGAIN_DAY_28,,NO,D12450Ki,26011208A2i,JACKSON_LABORATORIES,2105,,,2512-43492A
2561791024,NZO/HlLtJ,3753,3B,D10,370-F,1/27/26,F,LFD,,,,8/4/26,,,NO,D12450Ki,26011208A2i,JACKSON_LABORATORIES,2105,,,2512-43492A
2561791002,NZO/HlLtJ,3731,,CAGE_1,230-F,1/13/26,F,LFD,,,,8/5/26,SABLE_DAY_22,,YES,D12450Ki,26011208A2i,JACKSON_LABORATORIES,2105,,,2512-43492A
2561791003,NZO/HlLtJ,3732,,CORE_2,230-F,1/13/26,F,LFD,,,,8/5/26,,,NO,D12450Ki,26011208A2i,JACKSON_LABORATORIES,2105,,,2512-43492A
2561791004,NZO/HlLtJ,3733,,CORE_3,230-F,1/13/26,F,LFD,,,,8/5/26,,,NO,D12450Ki,26011208A2i,JACKSON_LABORATORIES,2105,,,2512-43492A
2561791006,NZO/HlLtJ,3735,,CORE_4,230-F,1/20/26,F,LFD,,,,8/5/26,,,NO,D12450Ki,26011208A2i,JACKSON_LABORATORIES,2105,,,2512-43492A
2561791008,NZO/HlLtJ,3737,,CORE_5,230-F,1/20/26,F,LFD,,,,8/5/26,,,NO,D12450Ki,26011208A2i,JACKSON_LABORATORIES,2105,,,2512-43492A
2561791009,NZO/HlLtJ,3738,,CAGE_6,230-F,1/20/26,F,LFD,,,,8/5/26,SABLE_DAY_2,,YES,D12450Ki,26011208A2i,JACKSON_LABORATORIES,2105,,,2512-43492A
2561791010,NZO/HlLtJ,3739,,CORE_7,230-F,1/20/26,F,LFD,,,,8/5/26,,,NO,D12450Ki,26011208A2i,JACKSON_LABORATORIES,2105,,,2512-43492A
2561791011,NZO/HlLtJ,3740,,CORE_8,230-F,1/20/26,F,LFD,,,,8/5/26,,,NO,D12450Ki,26011208A2i,JACKSON_LABORATORIES,2105,,,2512-43492A
2561791012,NZO/HlLtJ,3741,,CORE_9,230-F,1/20/26,F,LFD,,,,8/5/26,,,NO,D12450Ki,26011208A2i,JACKSON_LABORATORIES,2105,,,2512-43492A
2561791013,NZO/HlLtJ,3742,3B,A8,370-F,2/10/26,F,LFD,,,,8/5/26,,,NO,D12450Ki,26011208A2i,JACKSON_LABORATORIES,2105,,,2512-43492A
2561791014,NZO/HlLtJ,3743,3B,B8,370-F,2/10/26,F,LFD,,,,8/5/26,,,NO,D12450Ki,26011208A2i,JACKSON_LABORATORIES,2105,,,2512-43492A
2561791015,NZO/HlLtJ,3744,3B,C8,370-F,2/10/26,F,LFD,,,,8/5/26,,,NO,D12450Ki,26011208A2i,JACKSON_LABORATORIES,2105,,,2512-43492A
2561791016,NZO/HlLtJ,3745,3B,D8,370-F,2/10/26,F,LFD,,,,8/5/26,,,NO,D12450Ki,26011208A2i,JACKSON_LABORATORIES,2105,,,2512-43492A
2561791017,NZO/HlLtJ,3746,3B,A9,370-F,2/10/26,F,LFD,,,,8/5/26,REGAIN_DAY_29,,NO,D12450Ki,26011208A2i,JACKSON_LABORATORIES,2105,,,2512-43492A
2561791018,NZO/HlLtJ,3747,3B,B9,370-F,2/3/26,F,LFD,,,,8/5/26,,,NO,D12450Ki,26011208A2i,JACKSON_LABORATORIES,2105,,,2512-43492A
2561791019,NZO/HlLtJ,3748,3B,C9,370-F,2/3/26,F,LFD,,,,8/5/26,,,NO,D12450Ki,26011208A2i,JACKSON_LABORATORIES,2105,,,2512-43492A
2561791020,NZO/HlLtJ,3749,3B,D9,370-F,2/3/26,F,LFD,,,,8/5/26,,,NO,D12450Ki,26011208A2i,JACKSON_LABORATORIES,2105,,,2512-43492A
2561791021,NZO/HlLtJ,3750,3B,A10,370-F,2/3/26,F,LFD,,,,8/5/26,,,NO,D12450Ki,26011208A2i,JACKSON_LABORATORIES,2105,,,2512-43492A
2561791022,NZO/HlLtJ,3751,3B,B10,370-F,1/27/26,F,LFD,,,,8/5/26,,,NO,D12450Ki,26011208A2i,JACKSON_LABORATORIES,2105,,,2512-43492A
2561791023,NZO/HlLtJ,3752,3B,C10,370-F,1/27/26,F,LFD,,,,8/5/26,REGAIN_DAY_29,,NO,D12450Ki,26011208A2i,JACKSON_LABORATORIES,2105,,,2512-43492A
2561791024,NZO/HlLtJ,3753,3B,D10,370-F,1/27/26,F,LFD,,,,8/5/26,,,NO,D12450Ki,26011208A2i,JACKSON_LABORATORIES,2105,,,2512-43492A
2561791002,NZO/HlLtJ,3731,,CAGE_1,230-F,1/13/26,F,LFD,269.32,59.44,251.61,8/6/26,SABLE_DAY_23,243.58,YES,D12450Ki,26011208A2i,JACKSON_LABORATORIES,2105,,,2512-43492A
2561791003,NZO/HlLtJ,3732,,CORE_2,230-F,1/13/26,F,LFD,,,,8/6/26,,,NO,D12450Ki,26011208A2i,JACKSON_LABORATORIES,2105,,,2512-43492A
2561791004,NZO/HlLtJ,3733,,CORE_3,230-F,1/13/26,F,LFD,,,,8/6/26,,,NO,D12450Ki,26011208A2i,JACKSON_LABORATORIES,2105,,,2512-43492A
2561791006,NZO/HlLtJ,3735,,CORE_4,230-F,1/20/26,F,LFD,,,,8/6/26,,,NO,D12450Ki,26011208A2i,JACKSON_LABORATORIES,2105,,,2512-43492A
2561791008,NZO/HlLtJ,3737,,CORE_5,230-F,1/20/26,F,LFD,,,,8/6/26,,,NO,D12450Ki,26011208A2i,JACKSON_LABORATORIES,2105,,,2512-43492A
2561791009,NZO/HlLtJ,3738,,CAGE_6,230-F,1/20/26,F,LFD,,,,8/6/26,SABLE_DAY_3_OXA_1,,YES,D12450Ki,26011208A2i,JACKSON_LABORATORIES,2105,,,2512-43492A
2561791010,NZO/HlLtJ,3739,,CORE_7,230-F,1/20/26,F,LFD,,,,8/6/26,,,NO,D12450Ki,26011208A2i,JACKSON_LABORATORIES,2105,,,2512-43492A
2561791011,NZO/HlLtJ,3740,,CORE_8,230-F,1/20/26,F,LFD,,,,8/6/26,,,NO,D12450Ki,26011208A2i,JACKSON_LABORATORIES,2105,,,2512-43492A
2561791012,NZO/HlLtJ,3741,,CORE_9,230-F,1/20/26,F,LFD,,,,8/6/26,,,NO,D12450Ki,26011208A2i,JACKSON_LABORATORIES,2105,,,2512-43492A
2561791013,NZO/HlLtJ,3742,3B,A8,370-F,2/10/26,F,LFD,,,,8/6/26,,,NO,D12450Ki,26011208A2i,JACKSON_LABORATORIES,2105,,,2512-43492A
2561791014,NZO/HlLtJ,3743,3B,B8,370-F,2/10/26,F,LFD,,,,8/6/26,,,NO,D12450Ki,26011208A2i,JACKSON_LABORATORIES,2105,,,2512-43492A
2561791015,NZO/HlLtJ,3744,3B,C8,370-F,2/10/26,F,LFD,,,,8/6/26,,,NO,D12450Ki,26011208A2i,JACKSON_LABORATORIES,2105,,,2512-43492A
2561791016,NZO/HlLtJ,3745,3B,D8,370-F,2/10/26,F,LFD,,,,8/6/26,,,NO,D12450Ki,26011208A2i,JACKSON_LABORATORIES,2105,,,2512-43492A
2561791017,NZO/HlLtJ,3746,3B,A9,370-F,2/10/26,F,LFD,,,,8/6/26,REGAIN_DAY_30,,NO,D12450Ki,26011208A2i,JACKSON_LABORATORIES,2105,,,2512-43492A
2561791018,NZO/HlLtJ,3747,3B,B9,370-F,2/3/26,F,LFD,,,,8/6/26,,,NO,D12450Ki,26011208A2i,JACKSON_LABORATORIES,2105,,,2512-43492A
2561791019,NZO/HlLtJ,3748,3B,C9,370-F,2/3/26,F,LFD,,,,8/6/26,,,NO,D12450Ki,26011208A2i,JACKSON_LABORATORIES,2105,,,2512-43492A
2561791020,NZO/HlLtJ,3749,3B,D9,370-F,2/3/26,F,LFD,,,,8/6/26,,,NO,D12450Ki,26011208A2i,JACKSON_LABORATORIES,2105,,,2512-43492A
2561791021,NZO/HlLtJ,3750,3B,A10,370-F,2/3/26,F,LFD,,,,8/6/26,,,NO,D12450Ki,26011208A2i,JACKSON_LABORATORIES,2105,,,2512-43492A
2561791022,NZO/HlLtJ,3751,3B,B10,370-F,1/27/26,F,LFD,,,,8/6/26,,,NO,D12450Ki,26011208A2i,JACKSON_LABORATORIES,2105,,,2512-43492A
2561791023,NZO/HlLtJ,3752,3B,C10,370-F,1/27/26,F,LFD,,,,8/6/26,REGAIN_DAY_30,,NO,D12450Ki,26011208A2i,JACKSON_LABORATORIES,2105,,,2512-43492A
2561791024,NZO/HlLtJ,3753,3B,D10,370-F,1/27/26,F,LFD,,,,8/6/26,,,NO,D12450Ki,26011208A2i,JACKSON_LABORATORIES,2105,,,2512-43492A
2561791002,NZO/HlLtJ,3731,,CORE_1,230-F,1/13/26,F,LFD,243.58,239.98,58.06,8/7/26,,239.98,NO,D12450Ki,26011208A2i,JACKSON_LABORATORIES,2105,,,2512-43492A
2561791003,NZO/HlLtJ,3732,,CORE_2,230-F,1/13/26,F,LFD,283.05,271.58,42.61,8/7/26,,271.58,NO,D12450Ki,26011208A2i,JACKSON_LABORATORIES,2105,,,2512-43492A
2561791004,NZO/HlLtJ,3733,,CORE_3,230-F,1/13/26,F,LFD,283.01,272.37,45.54,8/7/26,,272.37,NO,D12450Ki,26011208A2i,JACKSON_LABORATORIES,2105,,,2512-43492A
2561791006,NZO/HlLtJ,3735,,CORE_4,230-F,1/20/26,F,LFD,282.94,269.5,53.56,8/7/26,,269.5,NO,D12450Ki,26011208A2i,JACKSON_LABORATORIES,2105,,,2512-43492A
2561791008,NZO/HlLtJ,3737,,CORE_5,230-F,1/20/26,F,LFD,281.32,264.12,55.74,8/7/26,,264.12,NO,D12450Ki,26011208A2i,JACKSON_LABORATORIES,2105,,,2512-43492A
2561791009,NZO/HlLtJ,3738,,CAGE_6,230-F,1/20/26,F,LFD,,,,8/7/26,SABLE_DAY_4,,YES,D12450Ki,26011208A2i,JACKSON_LABORATORIES,2105,,,2512-43492A
2561791010,NZO/HlLtJ,3739,,CORE_7,230-F,1/20/26,F,LFD,282.93,268.01,55.29,8/7/26,,268.01,NO,D12450Ki,26011208A2i,JACKSON_LABORATORIES,2105,,,2512-43492A
2561791011,NZO/HlLtJ,3740,,CORE_8,230-F,1/20/26,F,LFD,282.46,264.2,57.65,8/7/26,,264.2,NO,D12450Ki,26011208A2i,JACKSON_LABORATORIES,2105,,,2512-43492A
2561791012,NZO/HlLtJ,3741,,CORE_9,230-F,1/20/26,F,LFD,284.12,268.93,55.17,8/7/26,,268.93,NO,D12450Ki,26011208A2i,JACKSON_LABORATORIES,2105,,,2512-43492A
2561791013,NZO/HlLtJ,3742,3B,A8,370-F,2/10/26,F,LFD,25.89,12.13,44.07,8/7/26,,23.02,NO,D12450Ki,26011208A2i,JACKSON_LABORATORIES,2105,,,2512-43492A
2561791014,NZO/HlLtJ,3743,3B,B8,370-F,2/10/26,F,LFD,27.49,13.73,46.04,8/7/26,,21.09,NO,D12450Ki,26011208A2i,JACKSON_LABORATORIES,2105,,,2512-43492A
2561791015,NZO/HlLtJ,3744,3B,C8,370-F,2/10/26,F,LFD,28.12,14.03,53.78,8/7/26,,23.18,NO,D12450Ki,26011208A2i,JACKSON_LABORATORIES,2105,,,2512-43492A
2561791016,NZO/HlLtJ,3745,3B,D8,370-F,2/10/26,F,LFD,27.32,12.71,53.44,8/7/26,,21.97,NO,D12450Ki,26011208A2i,JACKSON_LABORATORIES,2105,,,2512-43492A
2561791017,NZO/HlLtJ,3746,3B,A9,370-F,2/10/26,F,LFD,27.93,13.09,46.44,8/7/26,REGAIN_DAY_31,23.43,NO,D12450Ki,26011208A2i,JACKSON_LABORATORIES,2105,,,2512-43492A
2561791018,NZO/HlLtJ,3747,3B,B9,370-F,2/3/26,F,LFD,26.56,9.51,46.3,8/7/26,,22.47,NO,D12450Ki,26011208A2i,JACKSON_LABORATORIES,2105,,,2512-43492A
2561791019,NZO/HlLtJ,3748,3B,C9,370-F,2/3/26,F,LFD,28.26,10.66,55.86,8/7/26,,22.63,NO,D12450Ki,26011208A2i,JACKSON_LABORATORIES,2105,,,2512-43492A
2561791020,NZO/HlLtJ,3749,3B,D9,370-F,2/3/26,F,LFD,27.77,10.7,43.93,8/7/26,,22.52,NO,D12450Ki,26011208A2i,JACKSON_LABORATORIES,2105,,,2512-43492A
2561791021,NZO/HlLtJ,3750,3B,A10,370-F,2/3/26,F,LFD,26.98,12.66,53.75,8/7/26,,21.63,NO,D12450Ki,26011208A2i,JACKSON_LABORATORIES,2105,,,2512-43492A
2561791022,NZO/HlLtJ,3751,3B,B10,370-F,1/27/26,F,LFD,26.77,13.89,45.29,8/7/26,,22.33,NO,D12450Ki,26011208A2i,JACKSON_LABORATORIES,2105,,,2512-43492A
2561791023,NZO/HlLtJ,3752,3B,C10,370-F,1/27/26,F,LFD,28.48,12.5,50,8/7/26,REGAIN_DAY_31,22.36,NO,D12450Ki,26011208A2i,JACKSON_LABORATORIES,2105,,,2512-43492A
2561791024,NZO/HlLtJ,3753,3B,D10,370-F,1/27/26,F,LFD,26.27,9.78,54.23,8/7/26,,22.32,NO,D12450Ki,26011208A2i,JACKSON_LABORATORIES,2105,,,2512-43492A
2561791002,NZO/HlLtJ,3731,,CORE_1,230-F,1/13/26,F,LFD,,,,8/8/26,,,NO,D12450Ki,26011208A2i,JACKSON_LABORATORIES,2105,,,2512-43492A
2561791003,NZO/HlLtJ,3732,,CORE_2,230-F,1/13/26,F,LFD,,,,8/8/26,,,NO,D12450Ki,26011208A2i,JACKSON_LABORATORIES,2105,,,2512-43492A
2561791004,NZO/HlLtJ,3733,,CORE_3,230-F,1/13/26,F,LFD,,,,8/8/26,,,NO,D12450Ki,26011208A2i,JACKSON_LABORATORIES,2105,,,2512-43492A
2561791006,NZO/HlLtJ,3735,,CORE_4,230-F,1/20/26,F,LFD,,,,8/8/26,,,NO,D12450Ki,26011208A2i,JACKSON_LABORATORIES,2105,,,2512-43492A
2561791008,NZO/HlLtJ,3737,,CORE_5,230-F,1/20/26,F,LFD,,,,8/8/26,,,NO,D12450Ki,26011208A2i,JACKSON_LABORATORIES,2105,,,2512-43492A
2561791009,NZO/HlLtJ,3738,,CAGE_6,230-F,1/20/26,F,LFD,,,,8/8/26,SABLE_DAY_5,,YES,D12450Ki,26011208A2i,JACKSON_LABORATORIES,2105,,,2512-43492A
2561791010,NZO/HlLtJ,3739,,CORE_7,230-F,1/20/26,F,LFD,,,,8/8/26,,,NO,D12450Ki,26011208A2i,JACKSON_LABORATORIES,2105,,,2512-43492A
2561791011,NZO/HlLtJ,3740,,CORE_8,230-F,1/20/26,F,LFD,,,,8/8/26,,,NO,D12450Ki,26011208A2i,JACKSON_LABORATORIES,2105,,,2512-43492A
2561791012,NZO/HlLtJ,3741,,CORE_9,230-F,1/20/26,F,LFD,,,,8/8/26,,,NO,D12450Ki,26011208A2i,JACKSON_LABORATORIES,2105,,,2512-43492A
2561791013,NZO/HlLtJ,3742,3B,A8,370-F,2/10/26,F,LFD,,,,8/8/26,,,NO,D12450Ki,26011208A2i,JACKSON_LABORATORIES,2105,,,2512-43492A
2561791014,NZO/HlLtJ,3743,3B,B8,370-F,2/10/26,F,LFD,,,,8/8/26,,,NO,D12450Ki,26011208A2i,JACKSON_LABORATORIES,2105,,,2512-43492A
2561791015,NZO/HlLtJ,3744,3B,C8,370-F,2/10/26,F,LFD,,,,8/8/26,,,NO,D12450Ki,26011208A2i,JACKSON_LABORATORIES,2105,,,2512-43492A
2561791016,NZO/HlLtJ,3745,3B,D8,370-F,2/10/26,F,LFD,,,,8/8/26,,,NO,D12450Ki,26011208A2i,JACKSON_LABORATORIES,2105,,,2512-43492A
2561791017,NZO/HlLtJ,3746,3B,A9,370-F,2/10/26,F,LFD,,,,8/8/26,,,NO,D12450Ki,26011208A2i,JACKSON_LABORATORIES,2105,,,2512-43492A
2561791018,NZO/HlLtJ,3747,3B,B9,370-F,2/3/26,F,LFD,,,,8/8/26,,,NO,D12450Ki,26011208A2i,JACKSON_LABORATORIES,2105,,,2512-43492A
2561791019,NZO/HlLtJ,3748,3B,C9,370-F,2/3/26,F,LFD,,,,8/8/26,,,NO,D12450Ki,26011208A2i,JACKSON_LABORATORIES,2105,,,2512-43492A
2561791020,NZO/HlLtJ,3749,3B,D9,370-F,2/3/26,F,LFD,,,,8/8/26,,,NO,D12450Ki,26011208A2i,JACKSON_LABORATORIES,2105,,,2512-43492A
2561791021,NZO/HlLtJ,3750,3B,A10,370-F,2/3/26,F,LFD,,,,8/8/26,,,NO,D12450Ki,26011208A2i,JACKSON_LABORATORIES,2105,,,2512-43492A
2561791022,NZO/HlLtJ,3751,3B,B10,370-F,1/27/26,F,LFD,,,,8/8/26,,,NO,D12450Ki,26011208A2i,JACKSON_LABORATORIES,2105,,,2512-43492A
2561791023,NZO/HlLtJ,3752,3B,C10,370-F,1/27/26,F,LFD,,,,8/8/26,,,NO,D12450Ki,26011208A2i,JACKSON_LABORATORIES,2105,,,2512-43492A
2561791024,NZO/HlLtJ,3753,3B,D10,370-F,1/27/26,F,LFD,,,,8/8/26,,,NO,D12450Ki,26011208A2i,JACKSON_LABORATORIES,2105,,,2512-43492A
2561791002,NZO/HlLtJ,3731,,CORE_1,230-F,1/13/26,F,LFD,,,,8/9/26,,,NO,D12450Ki,26011208A2i,JACKSON_LABORATORIES,2105,,,2512-43492A
2561791003,NZO/HlLtJ,3732,,CORE_2,230-F,1/13/26,F,LFD,,,,8/9/26,,,NO,D12450Ki,26011208A2i,JACKSON_LABORATORIES,2105,,,2512-43492A
2561791004,NZO/HlLtJ,3733,,CORE_3,230-F,1/13/26,F,LFD,,,,8/9/26,,,NO,D12450Ki,26011208A2i,JACKSON_LABORATORIES,2105,,,2512-43492A
2561791006,NZO/HlLtJ,3735,,CORE_4,230-F,1/20/26,F,LFD,,,,8/9/26,,,NO,D12450Ki,26011208A2i,JACKSON_LABORATORIES,2105,,,2512-43492A
2561791008,NZO/HlLtJ,3737,,CORE_5,230-F,1/20/26,F,LFD,,,,8/9/26,,,NO,D12450Ki,26011208A2i,JACKSON_LABORATORIES,2105,,,2512-43492A
2561791009,NZO/HlLtJ,3738,,CAGE_6,230-F,1/20/26,F,LFD,292.74,,262.49,8/9/26,SABLE_DAY_6_OXA_2,278.93,YES,D12450Ki,26011208A2i,JACKSON_LABORATORIES,2105,,,2512-43492A
2561791010,NZO/HlLtJ,3739,,CORE_7,230-F,1/20/26,F,LFD,,,,8/9/26,,,NO,D12450Ki,26011208A2i,JACKSON_LABORATORIES,2105,,,2512-43492A
2561791011,NZO/HlLtJ,3740,,CORE_8,230-F,1/20/26,F,LFD,,,,8/9/26,,,NO,D12450Ki,26011208A2i,JACKSON_LABORATORIES,2105,,,2512-43492A
2561791012,NZO/HlLtJ,3741,,CORE_9,230-F,1/20/26,F,LFD,,,,8/9/26,,,NO,D12450Ki,26011208A2i,JACKSON_LABORATORIES,2105,,,2512-43492A
2561791013,NZO/HlLtJ,3742,3B,A8,370-F,2/10/26,F,LFD,,,,8/9/26,,,NO,D12450Ki,26011208A2i,JACKSON_LABORATORIES,2105,,,2512-43492A
2561791014,NZO/HlLtJ,3743,3B,B8,370-F,2/10/26,F,LFD,,,,8/9/26,,,NO,D12450Ki,26011208A2i,JACKSON_LABORATORIES,2105,,,2512-43492A
2561791015,NZO/HlLtJ,3744,3B,C8,370-F,2/10/26,F,LFD,,,,8/9/26,,,NO,D12450Ki,26011208A2i,JACKSON_LABORATORIES,2105,,,2512-43492A
2561791016,NZO/HlLtJ,3745,3B,D8,370-F,2/10/26,F,LFD,,,,8/9/26,,,NO,D12450Ki,26011208A2i,JACKSON_LABORATORIES,2105,,,2512-43492A
2561791017,NZO/HlLtJ,3746,3B,A9,370-F,2/10/26,F,LFD,,,,8/9/26,,,NO,D12450Ki,26011208A2i,JACKSON_LABORATORIES,2105,,,2512-43492A
2561791018,NZO/HlLtJ,3747,3B,B9,370-F,2/3/26,F,LFD,,,,8/9/26,,,NO,D12450Ki,26011208A2i,JACKSON_LABORATORIES,2105,,,2512-43492A
2561791019,NZO/HlLtJ,3748,3B,C9,370-F,2/3/26,F,LFD,,,,8/9/26,,,NO,D12450Ki,26011208A2i,JACKSON_LABORATORIES,2105,,,2512-43492A
2561791020,NZO/HlLtJ,3749,3B,D9,370-F,2/3/26,F,LFD,,,,8/9/26,,,NO,D12450Ki,26011208A2i,JACKSON_LABORATORIES,2105,,,2512-43492A
2561791021,NZO/HlLtJ,3750,3B,A10,370-F,2/3/26,F,LFD,,,,8/9/26,,,NO,D12450Ki,26011208A2i,JACKSON_LABORATORIES,2105,,,2512-43492A
2561791022,NZO/HlLtJ,3751,3B,B10,370-F,1/27/26,F,LFD,,,,8/9/26,,,NO,D12450Ki,26011208A2i,JACKSON_LABORATORIES,2105,,,2512-43492A
2561791023,NZO/HlLtJ,3752,3B,C10,370-F,1/27/26,F,LFD,,,,8/9/26,,,NO,D12450Ki,26011208A2i,JACKSON_LABORATORIES,2105,,,2512-43492A
2561791024,NZO/HlLtJ,3753,3B,D10,370-F,1/27/26,F,LFD,,,,8/9/26,,,NO,D12450Ki,26011208A2i,JACKSON_LABORATORIES,2105,,,2512-43492A
2561791002,NZO/HlLtJ,3731,,CORE_1,230-F,1/13/26,F,LFD,,,,8/10/26,,,NO,D12450Ki,26011208A2i,JACKSON_LABORATORIES,2105,,,2512-43492A
2561791003,NZO/HlLtJ,3732,,CORE_2,230-F,1/13/26,F,LFD,,,,8/10/26,,,NO,D12450Ki,26011208A2i,JACKSON_LABORATORIES,2105,,,2512-43492A
2561791004,NZO/HlLtJ,3733,,CORE_3,230-F,1/13/26,F,LFD,,,,8/10/26,,,NO,D12450Ki,26011208A2i,JACKSON_LABORATORIES,2105,,,2512-43492A
2561791006,NZO/HlLtJ,3735,,CORE_4,230-F,1/20/26,F,LFD,,,,8/10/26,,,NO,D12450Ki,26011208A2i,JACKSON_LABORATORIES,2105,,,2512-43492A
2561791008,NZO/HlLtJ,3737,,CORE_5,230-F,1/20/26,F,LFD,,,,8/10/26,,,NO,D12450Ki,26011208A2i,JACKSON_LABORATORIES,2105,,,2512-43492A
2561791009,NZO/HlLtJ,3738,,CAGE_6,230-F,1/20/26,F,LFD,,,,8/10/26,SABLE_DAY_7,,YES,D12450Ki,26011208A2i,JACKSON_LABORATORIES,2105,,,2512-43492A
2561791010,NZO/HlLtJ,3739,,CORE_7,230-F,1/20/26,F,LFD,,,,8/10/26,,,NO,D12450Ki,26011208A2i,JACKSON_LABORATORIES,2105,,,2512-43492A
2561791011,NZO/HlLtJ,3740,,CORE_8,230-F,1/20/26,F,LFD,,,,8/10/26,,,NO,D12450Ki,26011208A2i,JACKSON_LABORATORIES,2105,,,2512-43492A
2561791012,NZO/HlLtJ,3741,,CORE_9,230-F,1/20/26,F,LFD,,,,8/10/26,,,NO,D12450Ki,26011208A2i,JACKSON_LABORATORIES,2105,,,2512-43492A
2561791013,NZO/HlLtJ,3742,3B,A8,370-F,2/10/26,F,LFD,23.02,11.44,44.54,8/10/26,,22.26,NO,D12450Ki,26011208A2i,JACKSON_LABORATORIES,2105,,,2512-43492A
2561791014,NZO/HlLtJ,3743,3B,B8,370-F,2/10/26,F,LFD,21.09,11.13,45.26,8/10/26,,24.16,NO,D12450Ki,26011208A2i,JACKSON_LABORATORIES,2105,,,2512-43492A
2561791015,NZO/HlLtJ,3744,3B,C8,370-F,2/10/26,F,LFD,23.18,11.49,54,8/10/26,,26.33,NO,D12450Ki,26011208A2i,JACKSON_LABORATORIES,2105,,,2512-43492A
2561791016,NZO/HlLtJ,3745,3B,D8,370-F,2/10/26,F,LFD,21.97,9.88,53.13,8/10/26,,23.95,NO,D12450Ki,26011208A2i,JACKSON_LABORATORIES,2105,,,2512-43492A
2561791017,NZO/HlLtJ,3746,3B,A9,370-F,2/10/26,F,LFD,23.43,12.23,47.21,8/10/26,,23.38,NO,D12450Ki,26011208A2i,JACKSON_LABORATORIES,2105,,,2512-43492A
2561791018,NZO/HlLtJ,3747,3B,B9,370-F,2/3/26,F,LFD,22.47,15.44,44.43,8/10/26,,23.71,NO,D12450Ki,26011208A2i,JACKSON_LABORATORIES,2105,,,2512-43492A
2561791019,NZO/HlLtJ,3748,3B,C9,370-F,2/3/26,F,LFD,22.63,13.73,54.51,8/10/26,,23.85,NO,D12450Ki,26011208A2i,JACKSON_LABORATORIES,2105,,,2512-43492A
2561791020,NZO/HlLtJ,3749,3B,D9,370-F,2/3/26,F,LFD,22.52,15.33,42.51,8/10/26,,25.21,NO,D12450Ki,26011208A2i,JACKSON_LABORATORIES,2105,,,2512-43492A
2561791021,NZO/HlLtJ,3750,3B,A10,370-F,2/3/26,F,LFD,21.63,11.38,53.77,8/10/26,,26.02,NO,D12450Ki,26011208A2i,JACKSON_LABORATORIES,2105,,,2512-43492A
2561791022,NZO/HlLtJ,3751,3B,B10,370-F,1/27/26,F,LFD,22.33,11.42,45.65,8/10/26,,25.32,NO,D12450Ki,26011208A2i,JACKSON_LABORATORIES,2105,,,2512-43492A
2561791023,NZO/HlLtJ,3752,3B,C10,370-F,1/27/26,F,LFD,22.36,12.36,49.36,8/10/26,,24.14,NO,D12450Ki,26011208A2i,JACKSON_LABORATORIES,2105,,,2512-43492A
2561791024,NZO/HlLtJ,3753,3B,D10,370-F,1/27/26,F,LFD,22.32,10.38,54.7,8/10/26,,25.42,NO,D12450Ki,26011208A2i,JACKSON_LABORATORIES,2105,,,2512-43492A
2561791002,NZO/HlLtJ,3731,,CORE_1,230-F,1/13/26,F,LFD,239.98,220.6,58.58,8/11/26,,276.07,NO,D12450Ki,26011208A2i,JACKSON_LABORATORIES,2105,,,2512-43492A
2561791003,NZO/HlLtJ,3732,,CORE_2,230-F,1/13/26,F,LFD,271.58,255.51,43.05,8/11/26,,275.74,NO,D12450Ki,26011208A2i,JACKSON_LABORATORIES,2105,,,2512-43492A
2561791004,NZO/HlLtJ,3733,,CORE_3,230-F,1/13/26,F,LFD,272.37,253.21,48.57,8/11/26,,277.02,NO,D12450Ki,26011208A2i,JACKSON_LABORATORIES,2105,,,2512-43492A
2561791006,NZO/HlLtJ,3735,,CORE_4,230-F,1/20/26,F,LFD,269.5,251.3,54.41,8/11/26,,275.46,NO,D12450Ki,26011208A2i,JACKSON_LABORATORIES,2105,,,2512-43492A
2561791008,NZO/HlLtJ,3737,,CORE_5,230-F,1/20/26,F,LFD,264.12,242.15,57.03,8/11/26,,274.82,NO,D12450Ki,26011208A2i,JACKSON_LABORATORIES,2105,,,2512-43492A
2561791009,NZO/HlLtJ,3738,,CAGE_6,230-F,1/20/26,F,LFD,278.93,271.83,54.91,8/11/26,SABLE_DAY_8,282.42,YES,D12450Ki,26011208A2i,JACKSON_LABORATORIES,2105,,,2512-43492A
2561791010,NZO/HlLtJ,3739,,CORE_7,230-F,1/20/26,F,LFD,268.01,246.52,56.36,8/11/26,,275.35,NO,D12450Ki,26011208A2i,JACKSON_LABORATORIES,2105,,,2512-43492A
2561791011,NZO/HlLtJ,3740,,CORE_8,230-F,1/20/26,F,LFD,264.2,242.56,59.49,8/11/26,,275.23,NO,D12450Ki,26011208A2i,JACKSON_LABORATORIES,2105,,,2512-43492A
2561791012,NZO/HlLtJ,3741,,CORE_9,230-F,1/20/26,F,LFD,268.93,244.9,58.44,8/11/26,,275.82,NO,D12450Ki,26011208A2i,JACKSON_LABORATORIES,2105,,,2512-43492A
2561791013,NZO/HlLtJ,3742,3B,A8,370-F,2/10/26,F,LFD,,,,8/11/26,,,NO,D12450Ki,26011208A2i,JACKSON_LABORATORIES,2105,,,2512-43492A
2561791014,NZO/HlLtJ,3743,3B,B8,370-F,2/10/26,F,LFD,,,,8/11/26,,,NO,D12450Ki,26011208A2i,JACKSON_LABORATORIES,2105,,,2512-43492A
2561791015,NZO/HlLtJ,3744,3B,C8,370-F,2/10/26,F,LFD,,,,8/11/26,,,NO,D12450Ki,26011208A2i,JACKSON_LABORATORIES,2105,,,2512-43492A
2561791016,NZO/HlLtJ,3745,3B,D8,370-F,2/10/26,F,LFD,,,,8/11/26,,,NO,D12450Ki,26011208A2i,JACKSON_LABORATORIES,2105,,,2512-43492A
2561791017,NZO/HlLtJ,3746,3B,A9,370-F,2/10/26,F,LFD,,,,8/11/26,,,NO,D12450Ki,26011208A2i,JACKSON_LABORATORIES,2105,,,2512-43492A
2561791018,NZO/HlLtJ,3747,3B,B9,370-F,2/3/26,F,LFD,,,,8/11/26,,,NO,D12450Ki,26011208A2i,JACKSON_LABORATORIES,2105,,,2512-43492A
2561791019,NZO/HlLtJ,3748,3B,C9,370-F,2/3/26,F,LFD,,,,8/11/26,,,NO,D12450Ki,26011208A2i,JACKSON_LABORATORIES,2105,,,2512-43492A
2561791020,NZO/HlLtJ,3749,3B,D9,370-F,2/3/26,F,LFD,,,,8/11/26,,,NO,D12450Ki,26011208A2i,JACKSON_LABORATORIES,2105,,,2512-43492A
2561791021,NZO/HlLtJ,3750,3B,A10,370-F,2/3/26,F,LFD,,,,8/11/26,,,NO,D12450Ki,26011208A2i,JACKSON_LABORATORIES,2105,,,2512-43492A
2561791022,NZO/HlLtJ,3751,3B,B10,370-F,1/27/26,F,LFD,,,,8/11/26,,,NO,D12450Ki,26011208A2i,JACKSON_LABORATORIES,2105,,,2512-43492A
2561791023,NZO/HlLtJ,3752,3B,C10,370-F,1/27/26,F,LFD,,,,8/11/26,,,NO,D12450Ki,26011208A2i,JACKSON_LABORATORIES,2105,,,2512-43492A
2561791024,NZO/HlLtJ,3753,3B,D10,370-F,1/27/26,F,LFD,,,,8/11/26,,,NO,D12450Ki,26011208A2i,JACKSON_LABORATORIES,2105,,,2512-43492A
2561791002,NZO/HlLtJ,3731,,CORE_1,230-F,1/13/26,F,LFD,,,,8/12/26,,,NO,D12450Ki,26011208A2i,JACKSON_LABORATORIES,2105,,,2512-43492A
2561791003,NZO/HlLtJ,3732,,CORE_2,230-F,1/13/26,F,LFD,,,,8/12/26,,,NO,D12450Ki,26011208A2i,JACKSON_LABORATORIES,2105,,,2512-43492A
2561791004,NZO/HlLtJ,3733,,CORE_3,230-F,1/13/26,F,LFD,,,,8/12/26,,,NO,D12450Ki,26011208A2i,JACKSON_LABORATORIES,2105,,,2512-43492A
2561791006,NZO/HlLtJ,3735,,CORE_4,230-F,1/20/26,F,LFD,,,,8/12/26,,,NO,D12450Ki,26011208A2i,JACKSON_LABORATORIES,2105,,,2512-43492A
2561791008,NZO/HlLtJ,3737,,CORE_5,230-F,1/20/26,F,LFD,,,,8/12/26,,,NO,D12450Ki,26011208A2i,JACKSON_LABORATORIES,2105,,,2512-43492A
2561791009,NZO/HlLtJ,3738,,CAGE_6,230-F,1/20/26,F,LFD,,,,8/12/26,SABLE_DAY_9_OXA_3,,YES,D12450Ki,26011208A2i,JACKSON_LABORATORIES,2105,,,2512-43492A
2561791010,NZO/HlLtJ,3739,,CORE_7,230-F,1/20/26,F,LFD,,,,8/12/26,,,NO,D12450Ki,26011208A2i,JACKSON_LABORATORIES,2105,,,2512-43492A
2561791011,NZO/HlLtJ,3740,,CORE_8,230-F,1/20/26,F,LFD,,,,8/12/26,,,NO,D12450Ki,26011208A2i,JACKSON_LABORATORIES,2105,,,2512-43492A
2561791012,NZO/HlLtJ,3741,,CORE_9,230-F,1/20/26,F,LFD,,,,8/12/26,,,NO,D12450Ki,26011208A2i,JACKSON_LABORATORIES,2105,,,2512-43492A
2561791013,NZO/HlLtJ,3742,3B,A8,370-F,2/10/26,F,LFD,22.26,16.18,44.24,8/12/26,,16.18,NO,D12450Ki,26011208A2i,JACKSON_LABORATORIES,2105,,,2512-43492A
2561791014,NZO/HlLtJ,3743,3B,B8,370-F,2/10/26,F,LFD,24.16,16.92,45.88,8/12/26,,16.92,NO,D12450Ki,26011208A2i,JACKSON_LABORATORIES,2105,,,2512-43492A
2561791015,NZO/HlLtJ,3744,3B,C8,370-F,2/10/26,F,LFD,26.33,19.2,54.24,8/12/26,,19.2,NO,D12450Ki,26011208A2i,JACKSON_LABORATORIES,2105,,,2512-43492A
2561791016,NZO/HlLtJ,3745,3B,D8,370-F,2/10/26,F,LFD,23.95,16.88,52.74,8/12/26,,16.88,NO,D12450Ki,26011208A2i,JACKSON_LABORATORIES,2105,,,2512-43492A
2561791017,NZO/HlLtJ,3746,3B,A9,370-F,2/10/26,F,LFD,23.38,17.49,46.21,8/12/26,,17.49,NO,D12450Ki,26011208A2i,JACKSON_LABORATORIES,2105,,,2512-43492A
2561791018,NZO/HlLtJ,3747,3B,B9,370-F,2/3/26,F,LFD,23.71,18.43,44.13,8/12/26,,18.43,NO,D12450Ki,26011208A2i,JACKSON_LABORATORIES,2105,,,2512-43492A
2561791019,NZO/HlLtJ,3748,3B,C9,370-F,2/3/26,F,LFD,23.85,14.26,55.89,8/12/26,,14.26,NO,D12450Ki,26011208A2i,JACKSON_LABORATORIES,2105,,,2512-43492A
2561791020,NZO/HlLtJ,3749,3B,D9,370-F,2/3/26,F,LFD,25.21,19.66,42.48,8/12/26,,19.66,NO,D12450Ki,26011208A2i,JACKSON_LABORATORIES,2105,,,2512-43492A
2561791021,NZO/HlLtJ,3750,3B,A10,370-F,2/3/26,F,LFD,26.02,19.9,53.29,8/12/26,,19.9,NO,D12450Ki,26011208A2i,JACKSON_LABORATORIES,2105,,,2512-43492A
2561791022,NZO/HlLtJ,3751,3B,B10,370-F,1/27/26,F,LFD,25.32,18.98,45.43,8/12/26,,18.98,NO,D12450Ki,26011208A2i,JACKSON_LABORATORIES,2105,,,2512-43492A
2561791023,NZO/HlLtJ,3752,3B,C10,370-F,1/27/26,F,LFD,24.14,17.56,49.2,8/12/26,,17.56,NO,D12450Ki,26011208A2i,JACKSON_LABORATORIES,2105,,,2512-43492A
2561791024,NZO/HlLtJ,3753,3B,D10,370-F,1/27/26,F,LFD,25.42,18.93,54.12,8/12/26,,18.93,NO,D12450Ki,26011208A2i,JACKSON_LABORATORIES,2105,,,2512-43492A
2561791002,NZO/HlLtJ,3731,,CORE_1,230-F,1/13/26,F,LFD,,,,8/13/26,,,NO,D12450Ki,26011208A2i,JACKSON_LABORATORIES,2105,,,2512-43492A
2561791003,NZO/HlLtJ,3732,,CORE_2,230-F,1/13/26,F,LFD,,,,8/13/26,,,NO,D12450Ki,26011208A2i,JACKSON_LABORATORIES,2105,,,2512-43492A
2561791004,NZO/HlLtJ,3733,,CORE_3,230-F,1/13/26,F,LFD,,,,8/13/26,,,NO,D12450Ki,26011208A2i,JACKSON_LABORATORIES,2105,,,2512-43492A
2561791006,NZO/HlLtJ,3735,,CORE_4,230-F,1/20/26,F,LFD,,,,8/13/26,,,NO,D12450Ki,26011208A2i,JACKSON_LABORATORIES,2105,,,2512-43492A
2561791008,NZO/HlLtJ,3737,,CORE_5,230-F,1/20/26,F,LFD,,,,8/13/26,,,NO,D12450Ki,26011208A2i,JACKSON_LABORATORIES,2105,,,2512-43492A
2561791009,NZO/HlLtJ,3738,,CAGE_6,230-F,1/20/26,F,LFD,,,,8/13/26,SABLE_DAY_10,,YES,D12450Ki,26011208A2i,JACKSON_LABORATORIES,2105,,,2512-43492A
2561791010,NZO/HlLtJ,3739,,CORE_7,230-F,1/20/26,F,LFD,,,,8/13/26,,,NO,D12450Ki,26011208A2i,JACKSON_LABORATORIES,2105,,,2512-43492A
2561791011,NZO/HlLtJ,3740,,CORE_8,230-F,1/20/26,F,LFD,,,,8/13/26,,,NO,D12450Ki,26011208A2i,JACKSON_LABORATORIES,2105,,,2512-43492A
2561791012,NZO/HlLtJ,3741,,CORE_9,230-F,1/20/26,F,LFD,,,,8/13/26,,,NO,D12450Ki,26011208A2i,JACKSON_LABORATORIES,2105,,,2512-43492A
2561791013,NZO/HlLtJ,3742,3B,A8,370-F,2/10/26,F,LFD,,,,8/13/26,,,NO,D12450Ki,26011208A2i,JACKSON_LABORATORIES,2105,,,2512-43492A
2561791014,NZO/HlLtJ,3743,3B,B8,370-F,2/10/26,F,LFD,,,,8/13/26,,,NO,D12450Ki,26011208A2i,JACKSON_LABORATORIES,2105,,,2512-43492A
2561791015,NZO/HlLtJ,3744,3B,C8,370-F,2/10/26,F,LFD,,,,8/13/26,,,NO,D12450Ki,26011208A2i,JACKSON_LABORATORIES,2105,,,2512-43492A
2561791016,NZO/HlLtJ,3745,3B,D8,370-F,2/10/26,F,LFD,,,,8/13/26,,,NO,D12450Ki,26011208A2i,JACKSON_LABORATORIES,2105,,,2512-43492A
2561791017,NZO/HlLtJ,3746,3B,A9,370-F,2/10/26,F,LFD,,,,8/13/26,,,NO,D12450Ki,26011208A2i,JACKSON_LABORATORIES,2105,,,2512-43492A
2561791018,NZO/HlLtJ,3747,3B,B9,370-F,2/3/26,F,LFD,,,,8/13/26,,,NO,D12450Ki,26011208A2i,JACKSON_LABORATORIES,2105,,,2512-43492A
2561791019,NZO/HlLtJ,3748,3B,C9,370-F,2/3/26,F,LFD,,,,8/13/26,,,NO,D12450Ki,26011208A2i,JACKSON_LABORATORIES,2105,,,2512-43492A
2561791020,NZO/HlLtJ,3749,3B,D9,370-F,2/3/26,F,LFD,,,,8/13/26,,,NO,D12450Ki,26011208A2i,JACKSON_LABORATORIES,2105,,,2512-43492A
2561791021,NZO/HlLtJ,3750,3B,A10,370-F,2/3/26,F,LFD,,,,8/13/26,,,NO,D12450Ki,26011208A2i,JACKSON_LABORATORIES,2105,,,2512-43492A
2561791022,NZO/HlLtJ,3751,3B,B10,370-F,1/27/26,F,LFD,,,,8/13/26,,,NO,D12450Ki,26011208A2i,JACKSON_LABORATORIES,2105,,,2512-43492A
2561791023,NZO/HlLtJ,3752,3B,C10,370-F,1/27/26,F,LFD,,,,8/13/26,,,NO,D12450Ki,26011208A2i,JACKSON_LABORATORIES,2105,,,2512-43492A
2561791024,NZO/HlLtJ,3753,3B,D10,370-F,1/27/26,F,LFD,,,,8/13/26,,,NO,D12450Ki,26011208A2i,JACKSON_LABORATORIES,2105,,,2512-43492A
2561791002,NZO/HlLtJ,3731,,CORE_1,230-F,1/13/26,F,LFD,276.07,261.52,58.52,8/14/26,,261.52,NO,D12450Ki,26011208A2i,JACKSON_LABORATORIES,2105,,,2512-43492A
2561791003,NZO/HlLtJ,3732,,CORE_2,230-F,1/13/26,F,LFD,275.74,263.79,42.78,8/14/26,,263.79,NO,D12450Ki,26011208A2i,JACKSON_LABORATORIES,2105,,,2512-43492A
2561791004,NZO/HlLtJ,3733,,CORE_3,230-F,1/13/26,F,LFD,277.02,265.63,47.74,8/14/26,,265.63,NO,D12450Ki,26011208A2i,JACKSON_LABORATORIES,2105,,,2512-43492A
2561791006,NZO/HlLtJ,3735,,CORE_4,230-F,1/20/26,F,LFD,275.46,260.43,55.79,8/14/26,,260.43,NO,D12450Ki,26011208A2i,JACKSON_LABORATORIES,2105,,,2512-43492A
2561791008,NZO/HlLtJ,3737,,CORE_5,230-F,1/20/26,F,LFD,274.82,260.06,57.62,8/14/26,,260.06,NO,D12450Ki,26011208A2i,JACKSON_LABORATORIES,2105,,,2512-43492A
2561791009,NZO/HlLtJ,3738,,CAGE_6,230-F,1/20/26,F,LFD,282.42,268.41,56.13,8/14/26,SABLE_DAY_11,268.41,YES,D12450Ki,26011208A2i,JACKSON_LABORATORIES,2105,,,2512-43492A
2561791010,NZO/HlLtJ,3739,,CORE_7,230-F,1/20/26,F,LFD,275.35,264,55.03,8/14/26,,264,NO,D12450Ki,26011208A2i,JACKSON_LABORATORIES,2105,,,2512-43492A
2561791011,NZO/HlLtJ,3740,,CORE_8,230-F,1/20/26,F,LFD,275.23,258.46,60.63,8/14/26,,258.47,NO,D12450Ki,26011208A2i,JACKSON_LABORATORIES,2105,,,2512-43492A
2561791012,NZO/HlLtJ,3741,,CORE_9,230-F,1/20/26,F,LFD,275.82,259.6,58.7,8/14/26,,259.6,NO,D12450Ki,26011208A2i,JACKSON_LABORATORIES,2105,,,2512-43492A
2561791013,NZO/HlLtJ,3742,3B,A8,370-F,2/10/26,F,LFD,16.18,9.57,44.07,8/14/26,,15.84,NO,D12450Ki,26011208A2i,JACKSON_LABORATORIES,2105,,,2512-43492A
2561791014,NZO/HlLtJ,3743,3B,B8,370-F,2/10/26,F,LFD,16.92,8.19,46.26,8/14/26,,15.68,NO,D12450Ki,26011208A2i,JACKSON_LABORATORIES,2105,,,2512-43492A
2561791015,NZO/HlLtJ,3744,3B,C8,370-F,2/10/26,F,LFD,19.2,11.79,54.11,8/14/26,,16.92,NO,D12450Ki,26011208A2i,JACKSON_LABORATORIES,2105,,,2512-43492A
2561791016,NZO/HlLtJ,3745,3B,D8,370-F,2/10/26,F,LFD,16.88,3.4,56.61,8/14/26,,19.06,NO,D12450Ki,26011208A2i,JACKSON_LABORATORIES,2105,,,2512-43492A
2561791017,NZO/HlLtJ,3746,3B,A9,370-F,2/10/26,F,LFD,17.49,11.13,46.02,8/14/26,,15.26,NO,D12450Ki,26011208A2i,JACKSON_LABORATORIES,2105,,,2512-43492A
2561791018,NZO/HlLtJ,3747,3B,B9,370-F,2/3/26,F,LFD,18.43,11.02,44.64,8/14/26,,16.51,NO,D12450Ki,26011208A2i,JACKSON_LABORATORIES,2105,,,2512-43492A
2561791019,NZO/HlLtJ,3748,3B,C9,370-F,2/3/26,F,LFD,14.26,3.16,57.04,8/14/26,,18.84,NO,D12450Ki,26011208A2i,JACKSON_LABORATORIES,2105,,,2512-43492A
2561791020,NZO/HlLtJ,3749,3B,D9,370-F,2/3/26,F,LFD,19.66,12.82,42.45,8/14/26,,16.19,NO,D12450Ki,26011208A2i,JACKSON_LABORATORIES,2105,,,2512-43492A
2561791021,NZO/HlLtJ,3750,3B,A10,370-F,2/3/26,F,LFD,19.9,12.15,53.83,8/14/26,,15.82,NO,D12450Ki,26011208A2i,JACKSON_LABORATORIES,2105,,,2512-43492A
2561791022,NZO/HlLtJ,3751,3B,B10,370-F,1/27/26,F,LFD,18.98,11.46,45.42,8/14/26,,16.28,NO,D12450Ki,26011208A2i,JACKSON_LABORATORIES,2105,,,2512-43492A
2561791023,NZO/HlLtJ,3752,3B,C10,370-F,1/27/26,F,LFD,17.56,9.79,49.25,8/14/26,,17.09,NO,D12450Ki,26011208A2i,JACKSON_LABORATORIES,2105,,,2512-43492A
2561791024,NZO/HlLtJ,3753,3B,D10,370-F,1/27/26,F,LFD,18.93,10.23,54.11,8/14/26,,16.58,NO,D12450Ki,26011208A2i,JACKSON_LABORATORIES,2105,,,2512-43492A
2561791002,NZO/HlLtJ,3731,,CORE_1,230-F,1/13/26,F,LFD,,,,8/15/26,,,NO,D12450Ki,26011208A2i,JACKSON_LABORATORIES,2105,,,2512-43492A
2561791003,NZO/HlLtJ,3732,,CORE_2,230-F,1/13/26,F,LFD,,,,8/15/26,,,NO,D12450Ki,26011208A2i,JACKSON_LABORATORIES,2105,,,2512-43492A
2561791004,NZO/HlLtJ,3733,,CORE_3,230-F,1/13/26,F,LFD,,,,8/15/26,,,NO,D12450Ki,26011208A2i,JACKSON_LABORATORIES,2105,,,2512-43492A
2561791006,NZO/HlLtJ,3735,,CORE_4,230-F,1/20/26,F,LFD,,,,8/15/26,,,NO,D12450Ki,26011208A2i,JACKSON_LABORATORIES,2105,,,2512-43492A
2561791008,NZO/HlLtJ,3737,,CORE_5,230-F,1/20/26,F,LFD,,,,8/15/26,,,NO,D12450Ki,26011208A2i,JACKSON_LABORATORIES,2105,,,2512-43492A
2561791009,NZO/HlLtJ,3738,,CAGE_6,230-F,1/20/26,F,LFD,,,,8/15/26,SABLE_DAY_12_OXA_4,,YES,D12450Ki,26011208A2i,JACKSON_LABORATORIES,2105,,,2512-43492A
2561791010,NZO/HlLtJ,3739,,CORE_7,230-F,1/20/26,F,LFD,,,,8/15/26,,,NO,D12450Ki,26011208A2i,JACKSON_LABORATORIES,2105,,,2512-43492A
2561791011,NZO/HlLtJ,3740,,CORE_8,230-F,1/20/26,F,LFD,,,,8/15/26,,,NO,D12450Ki,26011208A2i,JACKSON_LABORATORIES,2105,,,2512-43492A
2561791012,NZO/HlLtJ,3741,,CORE_9,230-F,1/20/26,F,LFD,,,,8/15/26,,,NO,D12450Ki,26011208A2i,JACKSON_LABORATORIES,2105,,,2512-43492A
2561791013,NZO/HlLtJ,3742,3B,A8,370-F,2/10/26,F,LFD,,,,8/15/26,,,NO,D12450Ki,26011208A2i,JACKSON_LABORATORIES,2105,,,2512-43492A
2561791014,NZO/HlLtJ,3743,3B,B8,370-F,2/10/26,F,LFD,,,,8/15/26,,,NO,D12450Ki,26011208A2i,JACKSON_LABORATORIES,2105,,,2512-43492A
2561791015,NZO/HlLtJ,3744,3B,C8,370-F,2/10/26,F,LFD,,,,8/15/26,,,NO,D12450Ki,26011208A2i,JACKSON_LABORATORIES,2105,,,2512-43492A
2561791016,NZO/HlLtJ,3745,3B,D8,370-F,2/10/26,F,LFD,,,,8/15/26,,,NO,D12450Ki,26011208A2i,JACKSON_LABORATORIES,2105,,,2512-43492A
2561791017,NZO/HlLtJ,3746,3B,A9,370-F,2/10/26,F,LFD,,,,8/15/26,,,NO,D12450Ki,26011208A2i,JACKSON_LABORATORIES,2105,,,2512-43492A
2561791018,NZO/HlLtJ,3747,3B,B9,370-F,2/3/26,F,LFD,,,,8/15/26,,,NO,D12450Ki,26011208A2i,JACKSON_LABORATORIES,2105,,,2512-43492A
2561791019,NZO/HlLtJ,3748,3B,C9,370-F,2/3/26,F,LFD,,,,8/15/26,,,NO,D12450Ki,26011208A2i,JACKSON_LABORATORIES,2105,,,2512-43492A
2561791020,NZO/HlLtJ,3749,3B,D9,370-F,2/3/26,F,LFD,,,,8/15/26,,,NO,D12450Ki,26011208A2i,JACKSON_LABORATORIES,2105,,,2512-43492A
2561791021,NZO/HlLtJ,3750,3B,A10,370-F,2/3/26,F,LFD,,,,8/15/26,,,NO,D12450Ki,26011208A2i,JACKSON_LABORATORIES,2105,,,2512-43492A
2561791022,NZO/HlLtJ,3751,3B,B10,370-F,1/27/26,F,LFD,,,,8/15/26,,,NO,D12450Ki,26011208A2i,JACKSON_LABORATORIES,2105,,,2512-43492A
2561791023,NZO/HlLtJ,3752,3B,C10,370-F,1/27/26,F,LFD,,,,8/15/26,,,NO,D12450Ki,26011208A2i,JACKSON_LABORATORIES,2105,,,2512-43492A
2561791024,NZO/HlLtJ,3753,3B,D10,370-F,1/27/26,F,LFD,,,,8/15/26,,,NO,D12450Ki,26011208A2i,JACKSON_LABORATORIES,2105,,,2512-43492A
2561791002,NZO/HlLtJ,3731,,CORE_1,230-F,1/13/26,F,LFD,,,,8/16/26,,,NO,D12450Ki,26011208A2i,JACKSON_LABORATORIES,2105,,,2512-43492A
2561791003,NZO/HlLtJ,3732,,CORE_2,230-F,1/13/26,F,LFD,,,,8/16/26,,,NO,D12450Ki,26011208A2i,JACKSON_LABORATORIES,2105,,,2512-43492A
2561791004,NZO/HlLtJ,3733,,CORE_3,230-F,1/13/26,F,LFD,,,,8/16/26,,,NO,D12450Ki,26011208A2i,JACKSON_LABORATORIES,2105,,,2512-43492A
2561791006,NZO/HlLtJ,3735,,CORE_4,230-F,1/20/26,F,LFD,,,,8/16/26,,,NO,D12450Ki,26011208A2i,JACKSON_LABORATORIES,2105,,,2512-43492A
2561791008,NZO/HlLtJ,3737,,CORE_5,230-F,1/20/26,F,LFD,,,,8/16/26,,,NO,D12450Ki,26011208A2i,JACKSON_LABORATORIES,2105,,,2512-43492A
2561791009,NZO/HlLtJ,3738,,CAGE_6,230-F,1/20/26,F,LFD,,,,8/16/26,SABLE_DAY_13,,YES,D12450Ki,26011208A2i,JACKSON_LABORATORIES,2105,,,2512-43492A
2561791010,NZO/HlLtJ,3739,,CORE_7,230-F,1/20/26,F,LFD,,,,8/16/26,,,NO,D12450Ki,26011208A2i,JACKSON_LABORATORIES,2105,,,2512-43492A
2561791011,NZO/HlLtJ,3740,,CORE_8,230-F,1/20/26,F,LFD,,,,8/16/26,,,NO,D12450Ki,26011208A2i,JACKSON_LABORATORIES,2105,,,2512-43492A
2561791012,NZO/HlLtJ,3741,,CORE_9,230-F,1/20/26,F,LFD,,,,8/16/26,,,NO,D12450Ki,26011208A2i,JACKSON_LABORATORIES,2105,,,2512-43492A
2561791013,NZO/HlLtJ,3742,3B,A8,370-F,2/10/26,F,LFD,,,,8/16/26,,,NO,D12450Ki,26011208A2i,JACKSON_LABORATORIES,2105,,,2512-43492A
2561791014,NZO/HlLtJ,3743,3B,B8,370-F,2/10/26,F,LFD,,,,8/16/26,,,NO,D12450Ki,26011208A2i,JACKSON_LABORATORIES,2105,,,2512-43492A
2561791015,NZO/HlLtJ,3744,3B,C8,370-F,2/10/26,F,LFD,,,,8/16/26,,,NO,D12450Ki,26011208A2i,JACKSON_LABORATORIES,2105,,,2512-43492A
2561791016,NZO/HlLtJ,3745,3B,D8,370-F,2/10/26,F,LFD,,,,8/16/26,,,NO,D12450Ki,26011208A2i,JACKSON_LABORATORIES,2105,,,2512-43492A
2561791017,NZO/HlLtJ,3746,3B,A9,370-F,2/10/26,F,LFD,,,,8/16/26,,,NO,D12450Ki,26011208A2i,JACKSON_LABORATORIES,2105,,,2512-43492A
2561791018,NZO/HlLtJ,3747,3B,B9,370-F,2/3/26,F,LFD,,,,8/16/26,,,NO,D12450Ki,26011208A2i,JACKSON_LABORATORIES,2105,,,2512-43492A
2561791019,NZO/HlLtJ,3748,3B,C9,370-F,2/3/26,F,LFD,,,,8/16/26,,,NO,D12450Ki,26011208A2i,JACKSON_LABORATORIES,2105,,,2512-43492A
2561791020,NZO/HlLtJ,3749,3B,D9,370-F,2/3/26,F,LFD,,,,8/16/26,,,NO,D12450Ki,26011208A2i,JACKSON_LABORATORIES,2105,,,2512-43492A
2561791021,NZO/HlLtJ,3750,3B,A10,370-F,2/3/26,F,LFD,,,,8/16/26,,,NO,D12450Ki,26011208A2i,JACKSON_LABORATORIES,2105,,,2512-43492A
2561791022,NZO/HlLtJ,3751,3B,B10,370-F,1/27/26,F,LFD,,,,8/16/26,,,NO,D12450Ki,26011208A2i,JACKSON_LABORATORIES,2105,,,2512-43492A
2561791023,NZO/HlLtJ,3752,3B,C10,370-F,1/27/26,F,LFD,,,,8/16/26,,,NO,D12450Ki,26011208A2i,JACKSON_LABORATORIES,2105,,,2512-43492A
2561791024,NZO/HlLtJ,3753,3B,D10,370-F,1/27/26,F,LFD,,,,8/16/26,,,NO,D12450Ki,26011208A2i,JACKSON_LABORATORIES,2105,,,2512-43492A
2561791002,NZO/HlLtJ,3731,,CORE_1,230-F,1/13/26,F,LFD,261.52,245.84,59.13,8/17/26,,272.43,NO,D12450Ki,26011208A2i,JACKSON_LABORATORIES,2105,,,2512-43492A
2561791003,NZO/HlLtJ,3732,,CORE_2,230-F,1/13/26,F,LFD,263.79,248.9,44.54,8/17/26,,267.81,NO,D12450Ki,26011208A2i,JACKSON_LABORATORIES,2105,,,2512-43492A
2561791004,NZO/HlLtJ,3733,,CORE_3,230-F,1/13/26,F,LFD,265.63,252.2,48.69,8/17/26,,272.08,NO,D12450Ki,26011208A2i,JACKSON_LABORATORIES,2105,,,2512-43492A
2561791006,NZO/HlLtJ,3735,,CORE_4,230-F,1/20/26,F,LFD,260.43,243.08,57.46,8/17/26,,272.13,NO,D12450Ki,26011208A2i,JACKSON_LABORATORIES,2105,,,2512-43492A
2561791008,NZO/HlLtJ,3737,,CORE_5,230-F,1/20/26,F,LFD,260.06,243.63,59.32,8/17/26,,272.28,NO,D12450Ki,26011208A2i,JACKSON_LABORATORIES,2105,,,2512-43492A
2561791009,NZO/HlLtJ,3738,,CAGE_6,230-F,1/20/26,F,LFD,268.41,255.84,55.43,8/17/26,SABLE_DAY_14,271.18,YES,D12450Ki,26011208A2i,JACKSON_LABORATORIES,2105,,,2512-43492A
2561791010,NZO/HlLtJ,3739,,CORE_7,230-F,1/20/26,F,LFD,264,250.35,55.48,8/17/26,,267.65,NO,D12450Ki,26011208A2i,JACKSON_LABORATORIES,2105,,,2512-43492A
2561791011,NZO/HlLtJ,3740,,CORE_8,230-F,1/20/26,F,LFD,258.47,240.82,62.71,8/17/26,,270.26,NO,D12450Ki,26011208A2i,JACKSON_LABORATORIES,2105,,,2512-43492A
2561791012,NZO/HlLtJ,3741,,CORE_9,230-F,1/20/26,F,LFD,259.6,241.25,61.05,8/17/26,,270.91,NO,D12450Ki,26011208A2i,JACKSON_LABORATORIES,2105,,,2512-43492A
2561791013,NZO/HlLtJ,3742,3B,A8,370-F,2/10/26,F,LFD,15.84,3.63,45.83,8/17/26,,23.4,NO,D12450Ki,26011208A2i,JACKSON_LABORATORIES,2105,,,2512-43492A
2561791014,NZO/HlLtJ,3743,3B,B8,370-F,2/10/26,F,LFD,15.68,4.23,46.68,8/17/26,,24.82,NO,D12450Ki,26011208A2i,JACKSON_LABORATORIES,2105,,,2512-43492A
2561791015,NZO/HlLtJ,3744,3B,C8,370-F,2/10/26,F,LFD,16.92,4.82,55.25,8/17/26,,24.66,NO,D12450Ki,26011208A2i,JACKSON_LABORATORIES,2105,,,2512-43492A
2561791016,NZO/HlLtJ,3745,3B,D8,370-F,2/10/26,F,LFD,19.06,2.82,59.18,8/17/26,,24.4,NO,D12450Ki,26011208A2i,JACKSON_LABORATORIES,2105,,,2512-43492A
2561791017,NZO/HlLtJ,3746,3B,A9,370-F,2/10/26,F,LFD,15.26,4.02,46.71,8/17/26,,22.62,NO,D12450Ki,26011208A2i,JACKSON_LABORATORIES,2105,,,2512-43492A
2561791018,NZO/HlLtJ,3747,3B,B9,370-F,2/3/26,F,LFD,16.51,2.71,47.12,8/17/26,,22.85,NO,D12450Ki,26011208A2i,JACKSON_LABORATORIES,2105,,,2512-43492A
2561791019,NZO/HlLtJ,3748,3B,C9,370-F,2/3/26,F,LFD,18.84,6.08,57.59,8/17/26,,24.14,NO,D12450Ki,26011208A2i,JACKSON_LABORATORIES,2105,,,2512-43492A
2561791020,NZO/HlLtJ,3749,3B,D9,370-F,2/3/26,F,LFD,16.19,3.65,44.53,8/17/26,,22.16,NO,D12450Ki,26011208A2i,JACKSON_LABORATORIES,2105,,,2512-43492A
2561791021,NZO/HlLtJ,3750,3B,A10,370-F,2/3/26,F,LFD,15.82,3.27,55.26,8/17/26,,22.43,NO,D12450Ki,26011208A2i,JACKSON_LABORATORIES,2105,,,2512-43492A
2561791022,NZO/HlLtJ,3751,3B,B10,370-F,1/27/26,F,LFD,16.28,5,46.15,8/17/26,,22.4,NO,D12450Ki,26011208A2i,JACKSON_LABORATORIES,2105,,,2512-43492A
2561791023,NZO/HlLtJ,3752,3B,C10,370-F,1/27/26,F,LFD,17.09,5.5,51.33,8/17/26,,23.74,NO,D12450Ki,26011208A2i,JACKSON_LABORATORIES,2105,,,2512-43492A
2561791024,NZO/HlLtJ,3753,3B,D10,370-F,1/27/26,F,LFD,16.58,5.18,54.93,8/17/26,,21.34,NO,D12450Ki,26011208A2i,JACKSON_LABORATORIES,2105,,,2512-43492A
2561791002,NZO/HlLtJ,3731,,CORE_1,230-F,1/13/26,F,LFD,,,,8/18/26,,,NO,D12450Ki,26011208A2i,JACKSON_LABORATORIES,2105,,,2512-43492A
2561791003,NZO/HlLtJ,3732,,CORE_2,230-F,1/13/26,F,LFD,,,,8/18/26,,,NO,D12450Ki,26011208A2i,JACKSON_LABORATORIES,2105,,,2512-43492A
2561791004,NZO/HlLtJ,3733,,CORE_3,230-F,1/13/26,F,LFD,,,,8/18/26,,,NO,D12450Ki,26011208A2i,JACKSON_LABORATORIES,2105,,,2512-43492A
2561791006,NZO/HlLtJ,3735,,CORE_4,230-F,1/20/26,F,LFD,,,,8/18/26,,,NO,D12450Ki,26011208A2i,JACKSON_LABORATORIES,2105,,,2512-43492A
2561791008,NZO/HlLtJ,3737,,CORE_5,230-F,1/20/26,F,LFD,,,,8/18/26,,,NO,D12450Ki,26011208A2i,JACKSON_LABORATORIES,2105,,,2512-43492A
2561791009,NZO/HlLtJ,3738,,CAGE_6,230-F,1/20/26,F,LFD,,,,8/18/26,SABLE_DAY_15_OXA_5,,YES,D12450Ki,26011208A2i,JACKSON_LABORATORIES,2105,,,2512-43492A
2561791010,NZO/HlLtJ,3739,,CORE_7,230-F,1/20/26,F,LFD,,,,8/18/26,,,NO,D12450Ki,26011208A2i,JACKSON_LABORATORIES,2105,,,2512-43492A
2561791011,NZO/HlLtJ,3740,,CORE_8,230-F,1/20/26,F,LFD,,,,8/18/26,,,NO,D12450Ki,26011208A2i,JACKSON_LABORATORIES,2105,,,2512-43492A
2561791012,NZO/HlLtJ,3741,,CORE_9,230-F,1/20/26,F,LFD,,,,8/18/26,,,NO,D12450Ki,26011208A2i,JACKSON_LABORATORIES,2105,,,2512-43492A
2561791013,NZO/HlLtJ,3742,3B,A8,370-F,2/10/26,F,LFD,,,,8/18/26,,,NO,D12450Ki,26011208A2i,JACKSON_LABORATORIES,2105,,,2512-43492A
2561791014,NZO/HlLtJ,3743,3B,B8,370-F,2/10/26,F,LFD,,,,8/18/26,,,NO,D12450Ki,26011208A2i,JACKSON_LABORATORIES,2105,,,2512-43492A
2561791015,NZO/HlLtJ,3744,3B,C8,370-F,2/10/26,F,LFD,,,,8/18/26,,,NO,D12450Ki,26011208A2i,JACKSON_LABORATORIES,2105,,,2512-43492A
2561791016,NZO/HlLtJ,3745,3B,D8,370-F,2/10/26,F,LFD,,,,8/18/26,,,NO,D12450Ki,26011208A2i,JACKSON_LABORATORIES,2105,,,2512-43492A
2561791017,NZO/HlLtJ,3746,3B,A9,370-F,2/10/26,F,LFD,,,,8/18/26,,,NO,D12450Ki,26011208A2i,JACKSON_LABORATORIES,2105,,,2512-43492A
2561791018,NZO/HlLtJ,3747,3B,B9,370-F,2/3/26,F,LFD,,,,8/18/26,,,NO,D12450Ki,26011208A2i,JACKSON_LABORATORIES,2105,,,2512-43492A
2561791019,NZO/HlLtJ,3748,3B,C9,370-F,2/3/26,F,LFD,,,,8/18/26,,,NO,D12450Ki,26011208A2i,JACKSON_LABORATORIES,2105,,,2512-43492A
2561791020,NZO/HlLtJ,3749,3B,D9,370-F,2/3/26,F,LFD,,,,8/18/26,,,NO,D12450Ki,26011208A2i,JACKSON_LABORATORIES,2105,,,2512-43492A
2561791021,NZO/HlLtJ,3750,3B,A10,370-F,2/3/26,F,LFD,,,,8/18/26,,,NO,D12450Ki,26011208A2i,JACKSON_LABORATORIES,2105,,,2512-43492A
2561791022,NZO/HlLtJ,3751,3B,B10,370-F,1/27/26,F,LFD,,,,8/18/26,,,NO,D12450Ki,26011208A2i,JACKSON_LABORATORIES,2105,,,2512-43492A
2561791023,NZO/HlLtJ,3752,3B,C10,370-F,1/27/26,F,LFD,,,,8/18/26,,,NO,D12450Ki,26011208A2i,JACKSON_LABORATORIES,2105,,,2512-43492A
2561791024,NZO/HlLtJ,3753,3B,D10,370-F,1/27/26,F,LFD,,,,8/18/26,,,NO,D12450Ki,26011208A2i,JACKSON_LABORATORIES,2105,,,2512-43492A
2561791002,NZO/HlLtJ,3731,,CORE_1,230-F,1/13/26,F,LFD,,,,8/19/26,,,NO,D12450Ki,26011208A2i,JACKSON_LABORATORIES,2105,,,2512-43492A
2561791003,NZO/HlLtJ,3732,,CORE_2,230-F,1/13/26,F,LFD,,,,8/19/26,,,NO,D12450Ki,26011208A2i,JACKSON_LABORATORIES,2105,,,2512-43492A
2561791004,NZO/HlLtJ,3733,,CORE_3,230-F,1/13/26,F,LFD,,,,8/19/26,,,NO,D12450Ki,26011208A2i,JACKSON_LABORATORIES,2105,,,2512-43492A
2561791006,NZO/HlLtJ,3735,,CORE_4,230-F,1/20/26,F,LFD,,,,8/19/26,,,NO,D12450Ki,26011208A2i,JACKSON_LABORATORIES,2105,,,2512-43492A
2561791008,NZO/HlLtJ,3737,,CORE_5,230-F,1/20/26,F,LFD,,,,8/19/26,,,NO,D12450Ki,26011208A2i,JACKSON_LABORATORIES,2105,,,2512-43492A
2561791009,NZO/HlLtJ,3738,,CAGE_6,230-F,1/20/26,F,LFD,,,,8/19/26,SABLE_DAY_16,,YES,D12450Ki,26011208A2i,JACKSON_LABORATORIES,2105,,,2512-43492A
2561791010,NZO/HlLtJ,3739,,CORE_7,230-F,1/20/26,F,LFD,,,,8/19/26,,,NO,D12450Ki,26011208A2i,JACKSON_LABORATORIES,2105,,,2512-43492A
2561791011,NZO/HlLtJ,3740,,CORE_8,230-F,1/20/26,F,LFD,,,,8/19/26,,,NO,D12450Ki,26011208A2i,JACKSON_LABORATORIES,2105,,,2512-43492A
2561791012,NZO/HlLtJ,3741,,CORE_9,230-F,1/20/26,F,LFD,,,,8/19/26,,,NO,D12450Ki,26011208A2i,JACKSON_LABORATORIES,2105,,,2512-43492A
2561791013,NZO/HlLtJ,3742,3B,A8,370-F,2/10/26,F,LFD,23.4,16.72,45.59,8/19/26,,16.72,NO,D12450Ki,26011208A2i,JACKSON_LABORATORIES,2105,,,2512-43492A
2561791014,NZO/HlLtJ,3743,3B,B8,370-F,2/10/26,F,LFD,24.82,17.9,47.06,8/19/26,,17.9,NO,D12450Ki,26011208A2i,JACKSON_LABORATORIES,2105,,,2512-43492A
2561791015,NZO/HlLtJ,3744,3B,C8,370-F,2/10/26,F,LFD,24.66,17.83,54.5,8/19/26,,17.83,NO,D12450Ki,26011208A2i,JACKSON_LABORATORIES,2105,,,2512-43492A
2561791016,NZO/HlLtJ,3745,3B,D8,370-F,2/10/26,F,LFD,24.4,17.19,57.6,8/19/26,,17.19,NO,D12450Ki,26011208A2i,JACKSON_LABORATORIES,2105,,,2512-43492A
2561791017,NZO/HlLtJ,3746,3B,A9,370-F,2/10/26,F,LFD,22.62,14.58,47.38,8/19/26,,14.58,NO,D12450Ki,26011208A2i,JACKSON_LABORATORIES,2105,,,2512-43492A
2561791018,NZO/HlLtJ,3747,3B,B9,370-F,2/3/26,F,LFD,22.85,17.38,44.92,8/19/26,,17.38,NO,D12450Ki,26011208A2i,JACKSON_LABORATORIES,2105,,,2512-43492A
2561791019,NZO/HlLtJ,3748,3B,C9,370-F,2/3/26,F,LFD,24.14,16.66,57.19,8/19/26,,16.66,NO,D12450Ki,26011208A2i,JACKSON_LABORATORIES,2105,,,2512-43492A
2561791020,NZO/HlLtJ,3749,3B,D9,370-F,2/3/26,F,LFD,22.16,16.68,43.06,8/19/26,,16.68,NO,D12450Ki,26011208A2i,JACKSON_LABORATORIES,2105,,,2512-43492A
2561791021,NZO/HlLtJ,3750,3B,A10,370-F,2/3/26,F,LFD,22.43,16.39,53.52,8/19/26,,16.39,NO,D12450Ki,26011208A2i,JACKSON_LABORATORIES,2105,,,2512-43492A
2561791022,NZO/HlLtJ,3751,3B,B10,370-F,1/27/26,F,LFD,22.4,15.98,45.43,8/19/26,,15.98,NO,D12450Ki,26011208A2i,JACKSON_LABORATORIES,2105,,,2512-43492A
2561791023,NZO/HlLtJ,3752,3B,C10,370-F,1/27/26,F,LFD,23.74,18.2,49.41,8/19/26,,18.2,NO,D12450Ki,26011208A2i,JACKSON_LABORATORIES,2105,,,2512-43492A
2561791024,NZO/HlLtJ,3753,3B,D10,370-F,1/27/26,F,LFD,21.34,13.9,54.38,8/19/26,,13.9,NO,D12450Ki,26011208A2i,JACKSON_LABORATORIES,2105,,,2512-43492A
2561791002,NZO/HlLtJ,3731,,CORE_1,230-F,1/13/26,F,LFD,,,,8/20/26,,,NO,D12450Ki,26011208A2i,JACKSON_LABORATORIES,2105,,,2512-43492A
2561791003,NZO/HlLtJ,3732,,CORE_2,230-F,1/13/26,F,LFD,,,,8/20/26,,,NO,D12450Ki,26011208A2i,JACKSON_LABORATORIES,2105,,,2512-43492A
2561791004,NZO/HlLtJ,3733,,CORE_3,230-F,1/13/26,F,LFD,,,,8/20/26,,,NO,D12450Ki,26011208A2i,JACKSON_LABORATORIES,2105,,,2512-43492A
2561791006,NZO/HlLtJ,3735,,CORE_4,230-F,1/20/26,F,LFD,,,,8/20/26,,,NO,D12450Ki,26011208A2i,JACKSON_LABORATORIES,2105,,,2512-43492A
2561791008,NZO/HlLtJ,3737,,CORE_5,230-F,1/20/26,F,LFD,,,,8/20/26,,,NO,D12450Ki,26011208A2i,JACKSON_LABORATORIES,2105,,,2512-43492A
2561791009,NZO/HlLtJ,3738,,CAGE_6,230-F,1/20/26,F,LFD,,,,8/20/26,SABLE_DAY_17,,YES,D12450Ki,26011208A2i,JACKSON_LABORATORIES,2105,,,2512-43492A
2561791010,NZO/HlLtJ,3739,,CORE_7,230-F,1/20/26,F,LFD,,,,8/20/26,,,NO,D12450Ki,26011208A2i,JACKSON_LABORATORIES,2105,,,2512-43492A
2561791011,NZO/HlLtJ,3740,,CORE_8,230-F,1/20/26,F,LFD,,,,8/20/26,,,NO,D12450Ki,26011208A2i,JACKSON_LABORATORIES,2105,,,2512-43492A
2561791012,NZO/HlLtJ,3741,,CORE_9,230-F,1/20/26,F,LFD,,,,8/20/26,,,NO,D12450Ki,26011208A2i,JACKSON_LABORATORIES,2105,,,2512-43492A
2561791013,NZO/HlLtJ,3742,3B,A8,370-F,2/10/26,F,LFD,,,,8/20/26,,,NO,D12450Ki,26011208A2i,JACKSON_LABORATORIES,2105,,,2512-43492A
2561791014,NZO/HlLtJ,3743,3B,B8,370-F,2/10/26,F,LFD,,,,8/20/26,,,NO,D12450Ki,26011208A2i,JACKSON_LABORATORIES,2105,,,2512-43492A
2561791015,NZO/HlLtJ,3744,3B,C8,370-F,2/10/26,F,LFD,,,,8/20/26,,,NO,D12450Ki,26011208A2i,JACKSON_LABORATORIES,2105,,,2512-43492A
2561791016,NZO/HlLtJ,3745,3B,D8,370-F,2/10/26,F,LFD,,,,8/20/26,,,NO,D12450Ki,26011208A2i,JACKSON_LABORATORIES,2105,,,2512-43492A
2561791017,NZO/HlLtJ,3746,3B,A9,370-F,2/10/26,F,LFD,,,,8/20/26,,,NO,D12450Ki,26011208A2i,JACKSON_LABORATORIES,2105,,,2512-43492A
2561791018,NZO/HlLtJ,3747,3B,B9,370-F,2/3/26,F,LFD,,,,8/20/26,,,NO,D12450Ki,26011208A2i,JACKSON_LABORATORIES,2105,,,2512-43492A
2561791019,NZO/HlLtJ,3748,3B,C9,370-F,2/3/26,F,LFD,,,,8/20/26,,,NO,D12450Ki,26011208A2i,JACKSON_LABORATORIES,2105,,,2512-43492A
2561791020,NZO/HlLtJ,3749,3B,D9,370-F,2/3/26,F,LFD,,,,8/20/26,,,NO,D12450Ki,26011208A2i,JACKSON_LABORATORIES,2105,,,2512-43492A
2561791021,NZO/HlLtJ,3750,3B,A10,370-F,2/3/26,F,LFD,,,,8/20/26,,,NO,D12450Ki,26011208A2i,JACKSON_LABORATORIES,2105,,,2512-43492A
2561791022,NZO/HlLtJ,3751,3B,B10,370-F,1/27/26,F,LFD,,,,8/20/26,,,NO,D12450Ki,26011208A2i,JACKSON_LABORATORIES,2105,,,2512-43492A
2561791023,NZO/HlLtJ,3752,3B,C10,370-F,1/27/26,F,LFD,,,,8/20/26,,,NO,D12450Ki,26011208A2i,JACKSON_LABORATORIES,2105,,,2512-43492A
2561791024,NZO/HlLtJ,3753,3B,D10,370-F,1/27/26,F,LFD,,,,8/20/26,,,NO,D12450Ki,26011208A2i,JACKSON_LABORATORIES,2105,,,2512-43492A
2561791002,NZO/HlLtJ,3731,,CORE_1,230-F,1/13/26,F,LFD,272.43,255.36,58.78,8/21/26,,255.36,NO,D12450Ki,26011208A2i,JACKSON_LABORATORIES,2105,,,2512-43492A
2561791003,NZO/HlLtJ,3732,,CORE_2,230-F,1/13/26,F,LFD,267.81,252.88,44.12,8/21/26,,252.88,NO,D12450Ki,26011208A2i,JACKSON_LABORATORIES,2105,,,2512-43492A
2561791004,NZO/HlLtJ,3733,,CORE_3,230-F,1/13/26,F,LFD,272.08,259.97,47.23,8/21/26,,259.97,NO,D12450Ki,26011208A2i,JACKSON_LABORATORIES,2105,,,2512-43492A
2561791006,NZO/HlLtJ,3735,,CORE_4,230-F,1/20/26,F,LFD,272.13,257.25,55.96,8/21/26,,257.25,NO,D12450Ki,26011208A2i,JACKSON_LABORATORIES,2105,,,2512-43492A
2561791008,NZO/HlLtJ,3737,,CORE_5,230-F,1/20/26,F,LFD,272.28,255.54,57.89,8/21/26,,255.54,NO,D12450Ki,26011208A2i,JACKSON_LABORATORIES,2105,,,2512-43492A
2561791009,NZO/HlLtJ,3738,,CAGE_6,230-F,1/20/26,F,LFD,271.18,254.45,55.42,8/21/26,SABLE_DAY_18,254.45,YES,D12450Ki,26011208A2i,JACKSON_LABORATORIES,2105,,,2512-43492A
2561791010,NZO/HlLtJ,3739,,CORE_7,230-F,1/20/26,F,LFD,267.65,251.6,54.14,8/21/26,,251.6,NO,D12450Ki,26011208A2i,JACKSON_LABORATORIES,2105,,,2512-43492A
2561791011,NZO/HlLtJ,3740,,CORE_8,230-F,1/20/26,F,LFD,270.26,248.22,62.61,8/21/26,,248.22,NO,D12450Ki,26011208A2i,JACKSON_LABORATORIES,2105,,,2512-43492A
2561791012,NZO/HlLtJ,3741,,CORE_9,230-F,1/20/26,F,LFD,270.91,252.45,60.2,8/21/26,,252.45,NO,D12450Ki,26011208A2i,JACKSON_LABORATORIES,2105,,,2512-43492A
2561791013,NZO/HlLtJ,3742,3B,A8,370-F,2/10/26,F,LFD,16.72,11.04,44.39,8/21/26,,17.6,NO,D12450Ki,26011208A2i,JACKSON_LABORATORIES,2105,,,2512-43492A
2561791014,NZO/HlLtJ,3743,3B,B8,370-F,2/10/26,F,LFD,17.9,10.94,46.91,8/21/26,,17.31,NO,D12450Ki,26011208A2i,JACKSON_LABORATORIES,2105,,,2512-43492A
2561791015,NZO/HlLtJ,3744,3B,C8,370-F,2/10/26,F,LFD,17.83,10.21,54.9,8/21/26,,16.55,NO,D12450Ki,26011208A2i,JACKSON_LABORATORIES,2105,,,2512-43492A
2561791016,NZO/HlLtJ,3745,3B,D8,370-F,2/10/26,F,LFD,17.19,8.1,58.75,8/21/26,,17.69,NO,D12450Ki,26011208A2i,JACKSON_LABORATORIES,2105,,,2512-43492A
2561791017,NZO/HlLtJ,3746,3B,A9,370-F,2/10/26,F,LFD,14.58,6.35,46.81,8/21/26,,16.04,NO,D12450Ki,26011208A2i,JACKSON_LABORATORIES,2105,,,2512-43492A
2561791018,NZO/HlLtJ,3747,3B,B9,370-F,2/3/26,F,LFD,17.38,9.95,45.8,8/21/26,,16.28,NO,D12450Ki,26011208A2i,JACKSON_LABORATORIES,2105,,,2512-43492A
2561791019,NZO/HlLtJ,3748,3B,C9,370-F,2/3/26,F,LFD,16.66,7.9,57.69,8/21/26,,17.97,NO,D12450Ki,26011208A2i,JACKSON_LABORATORIES,2105,,,2512-43492A
2561791020,NZO/HlLtJ,3749,3B,D9,370-F,2/3/26,F,LFD,16.68,10.42,43.11,8/21/26,,16.84,NO,D12450Ki,26011208A2i,JACKSON_LABORATORIES,2105,,,2512-43492A
2561791021,NZO/HlLtJ,3750,3B,A10,370-F,2/3/26,F,LFD,16.39,8.26,54.55,8/21/26,,17.38,NO,D12450Ki,26011208A2i,JACKSON_LABORATORIES,2105,,,2512-43492A
2561791022,NZO/HlLtJ,3751,3B,B10,370-F,1/27/26,F,LFD,15.98,6.88,46.94,8/21/26,,16.37,NO,D12450Ki,26011208A2i,JACKSON_LABORATORIES,2105,,,2512-43492A
2561791023,NZO/HlLtJ,3752,3B,C10,370-F,1/27/26,F,LFD,18.2,10.47,50.2,8/21/26,,16.03,NO,D12450Ki,26011208A2i,JACKSON_LABORATORIES,2105,,,2512-43492A
2561791024,NZO/HlLtJ,3753,3B,D10,370-F,1/27/26,F,LFD,13.9,6.04,54.34,8/21/26,,15.87,NO,D12450Ki,26011208A2i,JACKSON_LABORATORIES,2105,,,2512-43492A
2561791002,NZO/HlLtJ,3731,,CORE_1,230-F,1/13/26,F,LFD,,,,8/22/26,,,NO,D12450Ki,26011208A2i,JACKSON_LABORATORIES,2105,,,2512-43492A
2561791003,NZO/HlLtJ,3732,,CORE_2,230-F,1/13/26,F,LFD,,,,8/22/26,,,NO,D12450Ki,26011208A2i,JACKSON_LABORATORIES,2105,,,2512-43492A
2561791004,NZO/HlLtJ,3733,,CORE_3,230-F,1/13/26,F,LFD,,,,8/22/26,,,NO,D12450Ki,26011208A2i,JACKSON_LABORATORIES,2105,,,2512-43492A
2561791006,NZO/HlLtJ,3735,,CORE_4,230-F,1/20/26,F,LFD,,,,8/22/26,,,NO,D12450Ki,26011208A2i,JACKSON_LABORATORIES,2105,,,2512-43492A
2561791008,NZO/HlLtJ,3737,,CORE_5,230-F,1/20/26,F,LFD,,,,8/22/26,,,NO,D12450Ki,26011208A2i,JACKSON_LABORATORIES,2105,,,2512-43492A
2561791009,NZO/HlLtJ,3738,,CORE 9,230-F,1/20/26,F,LFD,,,,8/22/26,,,NO,D12450Ki,26011208A2i,JACKSON_LABORATORIES,2105,,,2512-43492A
2561791010,NZO/HlLtJ,3739,,CORE_7,230-F,1/20/26,F,LFD,,,,8/22/26,,,NO,D12450Ki,26011208A2i,JACKSON_LABORATORIES,2105,,,2512-43492A
2561791011,NZO/HlLtJ,3740,,CORE_8,230-F,1/20/26,F,LFD,,,,8/22/26,,,NO,D12450Ki,26011208A2i,JACKSON_LABORATORIES,2105,,,2512-43492A
2561791012,NZO/HlLtJ,3741,,CORE_9,230-F,1/20/26,F,LFD,,,,8/22/26,,,NO,D12450Ki,26011208A2i,JACKSON_LABORATORIES,2105,,,2512-43492A
2561791013,NZO/HlLtJ,3742,3B,A8,370-F,2/10/26,F,LFD,,,,8/22/26,,,NO,D12450Ki,26011208A2i,JACKSON_LABORATORIES,2105,,,2512-43492A
2561791014,NZO/HlLtJ,3743,3B,B8,370-F,2/10/26,F,LFD,,,,8/22/26,,,NO,D12450Ki,26011208A2i,JACKSON_LABORATORIES,2105,,,2512-43492A
2561791015,NZO/HlLtJ,3744,3B,C8,370-F,2/10/26,F,LFD,,,,8/22/26,,,NO,D12450Ki,26011208A2i,JACKSON_LABORATORIES,2105,,,2512-43492A
2561791016,NZO/HlLtJ,3745,3B,D8,370-F,2/10/26,F,LFD,,,,8/22/26,,,NO,D12450Ki,26011208A2i,JACKSON_LABORATORIES,2105,,,2512-43492A
2561791017,NZO/HlLtJ,3746,3B,A9,370-F,2/10/26,F,LFD,,,,8/22/26,,,NO,D12450Ki,26011208A2i,JACKSON_LABORATORIES,2105,,,2512-43492A
2561791018,NZO/HlLtJ,3747,3B,B9,370-F,2/3/26,F,LFD,,,,8/22/26,,,NO,D12450Ki,26011208A2i,JACKSON_LABORATORIES,2105,,,2512-43492A
2561791019,NZO/HlLtJ,3748,3B,C9,370-F,2/3/26,F,LFD,,,,8/22/26,,,NO,D12450Ki,26011208A2i,JACKSON_LABORATORIES,2105,,,2512-43492A
2561791020,NZO/HlLtJ,3749,3B,D9,370-F,2/3/26,F,LFD,,,,8/22/26,,,NO,D12450Ki,26011208A2i,JACKSON_LABORATORIES,2105,,,2512-43492A
2561791021,NZO/HlLtJ,3750,3B,A10,370-F,2/3/26,F,LFD,,,,8/22/26,,,NO,D12450Ki,26011208A2i,JACKSON_LABORATORIES,2105,,,2512-43492A
2561791022,NZO/HlLtJ,3751,3B,B10,370-F,1/27/26,F,LFD,,,,8/22/26,,,NO,D12450Ki,26011208A2i,JACKSON_LABORATORIES,2105,,,2512-43492A
2561791023,NZO/HlLtJ,3752,3B,C10,370-F,1/27/26,F,LFD,,,,8/22/26,,,NO,D12450Ki,26011208A2i,JACKSON_LABORATORIES,2105,,,2512-43492A
2561791024,NZO/HlLtJ,3753,3B,D10,370-F,1/27/26,F,LFD,,,,8/22/26,,,NO,D12450Ki,26011208A2i,JACKSON_LABORATORIES,2105,,,2512-43492A
2561791002,NZO/HlLtJ,3731,,CORE_1,230-F,1/13/26,F,LFD,,,,8/23/26,,,NO,D12450Ki,26011208A2i,JACKSON_LABORATORIES,2105,,,2512-43492A
2561791003,NZO/HlLtJ,3732,,CORE_2,230-F,1/13/26,F,LFD,,,,8/23/26,,,NO,D12450Ki,26011208A2i,JACKSON_LABORATORIES,2105,,,2512-43492A
2561791004,NZO/HlLtJ,3733,,CORE_3,230-F,1/13/26,F,LFD,,,,8/23/26,,,NO,D12450Ki,26011208A2i,JACKSON_LABORATORIES,2105,,,2512-43492A
2561791006,NZO/HlLtJ,3735,,CORE_4,230-F,1/20/26,F,LFD,,,,8/23/26,,,NO,D12450Ki,26011208A2i,JACKSON_LABORATORIES,2105,,,2512-43492A
2561791008,NZO/HlLtJ,3737,,CORE_5,230-F,1/20/26,F,LFD,,,,8/23/26,,,NO,D12450Ki,26011208A2i,JACKSON_LABORATORIES,2105,,,2512-43492A
2561791009,NZO/HlLtJ,3738,,CORE 9,230-F,1/20/26,F,LFD,,,,8/23/26,,,NO,D12450Ki,26011208A2i,JACKSON_LABORATORIES,2105,,,2512-43492A
2561791010,NZO/HlLtJ,3739,,CORE_7,230-F,1/20/26,F,LFD,,,,8/23/26,,,NO,D12450Ki,26011208A2i,JACKSON_LABORATORIES,2105,,,2512-43492A
2561791011,NZO/HlLtJ,3740,,CORE_8,230-F,1/20/26,F,LFD,,,,8/23/26,,,NO,D12450Ki,26011208A2i,JACKSON_LABORATORIES,2105,,,2512-43492A
2561791012,NZO/HlLtJ,3741,,CORE_9,230-F,1/20/26,F,LFD,,,,8/23/26,,,NO,D12450Ki,26011208A2i,JACKSON_LABORATORIES,2105,,,2512-43492A
2561791013,NZO/HlLtJ,3742,3B,A8,370-F,2/10/26,F,LFD,,,,8/23/26,,,NO,D12450Ki,26011208A2i,JACKSON_LABORATORIES,2105,,,2512-43492A
2561791014,NZO/HlLtJ,3743,3B,B8,370-F,2/10/26,F,LFD,,,,8/23/26,,,NO,D12450Ki,26011208A2i,JACKSON_LABORATORIES,2105,,,2512-43492A
2561791015,NZO/HlLtJ,3744,3B,C8,370-F,2/10/26,F,LFD,,,,8/23/26,,,NO,D12450Ki,26011208A2i,JACKSON_LABORATORIES,2105,,,2512-43492A
2561791016,NZO/HlLtJ,3745,3B,D8,370-F,2/10/26,F,LFD,,,,8/23/26,,,NO,D12450Ki,26011208A2i,JACKSON_LABORATORIES,2105,,,2512-43492A
2561791017,NZO/HlLtJ,3746,3B,A9,370-F,2/10/26,F,LFD,,,,8/23/26,,,NO,D12450Ki,26011208A2i,JACKSON_LABORATORIES,2105,,,2512-43492A
2561791018,NZO/HlLtJ,3747,3B,B9,370-F,2/3/26,F,LFD,,,,8/23/26,,,NO,D12450Ki,26011208A2i,JACKSON_LABORATORIES,2105,,,2512-43492A
2561791019,NZO/HlLtJ,3748,3B,C9,370-F,2/3/26,F,LFD,,,,8/23/26,,,NO,D12450Ki,26011208A2i,JACKSON_LABORATORIES,2105,,,2512-43492A
2561791020,NZO/HlLtJ,3749,3B,D9,370-F,2/3/26,F,LFD,,,,8/23/26,,,NO,D12450Ki,26011208A2i,JACKSON_LABORATORIES,2105,,,2512-43492A
2561791021,NZO/HlLtJ,3750,3B,A10,370-F,2/3/26,F,LFD,,,,8/23/26,,,NO,D12450Ki,26011208A2i,JACKSON_LABORATORIES,2105,,,2512-43492A
2561791022,NZO/HlLtJ,3751,3B,B10,370-F,1/27/26,F,LFD,,,,8/23/26,,,NO,D12450Ki,26011208A2i,JACKSON_LABORATORIES,2105,,,2512-43492A
2561791023,NZO/HlLtJ,3752,3B,C10,370-F,1/27/26,F,LFD,,,,8/23/26,,,NO,D12450Ki,26011208A2i,JACKSON_LABORATORIES,2105,,,2512-43492A
2561791024,NZO/HlLtJ,3753,3B,D10,370-F,1/27/26,F,LFD,,,,8/23/26,,,NO,D12450Ki,26011208A2i,JACKSON_LABORATORIES,2105,,,2512-43492A
2561791002,NZO/HlLtJ,3731,,CORE_1,230-F,1/13/26,F,LFD,255.36,241.27,58.23,8/24/26,,241.27,NO,D12450Ki,26011208A2i,JACKSON_LABORATORIES,2105,,,2512-43492A
2561791003,NZO/HlLtJ,3732,,CORE_2,230-F,1/13/26,F,LFD,252.88,237.83,44.95,8/24/26,,237.83,NO,D12450Ki,26011208A2i,JACKSON_LABORATORIES,2105,,,2512-43492A
2561791004,NZO/HlLtJ,3733,,CORE_3,230-F,1/13/26,F,LFD,259.97,247.11,47.61,8/24/26,,247.11,NO,D12450Ki,26011208A2i,JACKSON_LABORATORIES,2105,,,2512-43492A
2561791006,NZO/HlLtJ,3735,,CORE_4,230-F,1/20/26,F,LFD,257.25,240.82,57.47,8/24/26,,240.82,NO,D12450Ki,26011208A2i,JACKSON_LABORATORIES,2105,,,2512-43492A
2561791008,NZO/HlLtJ,3737,,CORE_5,230-F,1/20/26,F,LFD,255.54,239.32,58.9,8/24/26,,239.32,NO,D12450Ki,26011208A2i,JACKSON_LABORATORIES,2105,,,2512-43492A
2561791009,NZO/HlLtJ,3738,,CORE_9,230-F,1/20/26,F,LFD,254.45,236.98,59.28,8/24/26,,236.98,NO,D12450Ki,26011208A2i,JACKSON_LABORATORIES,2105,,,2512-43492A
2561791010,NZO/HlLtJ,3739,,CORE_6,230-F,1/20/26,F,LFD,251.6,236.52,55.23,8/24/26,,236.52,NO,D12450Ki,26011208A2i,JACKSON_LABORATORIES,2105,,,2512-43492A
2561791011,NZO/HlLtJ,3740,,CORE_7,230-F,1/20/26,F,LFD,248.22,228.2,63.33,8/24/26,,228.2,NO,D12450Ki,26011208A2i,JACKSON_LABORATORIES,2105,,,2512-43492A
2561791012,NZO/HlLtJ,3741,,CORE_8,230-F,1/20/26,F,LFD,252.45,234.5,61.87,8/24/26,,234.5,NO,D12450Ki,26011208A2i,JACKSON_LABORATORIES,2105,,,2512-43492A
2561791013,NZO/HlLtJ,3742,3B,A8,370-F,2/10/26,F,LFD,17.6,7.24,45.06,8/24/26,,22.82,NO,D12450Ki,26011208A2i,JACKSON_LABORATORIES,2105,,,2512-43492A
2561791014,NZO/HlLtJ,3743,3B,B8,370-F,2/10/26,F,LFD,17.31,5.88,47.17,8/24/26,,25.27,NO,D12450Ki,26011208A2i,JACKSON_LABORATORIES,2105,,,2512-43492A
2561791015,NZO/HlLtJ,3744,3B,C8,370-F,2/10/26,F,LFD,16.55,3.14,56.32,8/24/26,,24.53,NO,D12450Ki,26011208A2i,JACKSON_LABORATORIES,2105,,,2512-43492A
2561791016,NZO/HlLtJ,3745,3B,D8,370-F,2/10/26,F,LFD,17.69,6.61,58.52,8/24/26,,24.55,NO,D12450Ki,26011208A2i,JACKSON_LABORATORIES,2105,,,2512-43492A
2561791017,NZO/HlLtJ,3746,3B,A9,370-F,2/10/26,F,LFD,16.04,4.49,47.85,8/24/26,,23.76,NO,D12450Ki,26011208A2i,JACKSON_LABORATORIES,2105,,,2512-43492A
2561791018,NZO/HlLtJ,3747,3B,B9,370-F,2/3/26,F,LFD,16.28,3.26,46.84,8/24/26,,23.22,NO,D12450Ki,26011208A2i,JACKSON_LABORATORIES,2105,,,2512-43492A
2561791019,NZO/HlLtJ,3748,3B,C9,370-F,2/3/26,F,LFD,17.97,6.12,57.8,8/24/26,,22.8,NO,D12450Ki,26011208A2i,JACKSON_LABORATORIES,2105,,,2512-43492A
2561791020,NZO/HlLtJ,3749,3B,D9,370-F,2/3/26,F,LFD,16.84,5.57,44.02,8/24/26,,24.5,NO,D12450Ki,26011208A2i,JACKSON_LABORATORIES,2105,,,2512-43492A
2561791021,NZO/HlLtJ,3750,3B,A10,370-F,2/3/26,F,LFD,17.38,4.41,55.83,8/24/26,,23.84,NO,D12450Ki,26011208A2i,JACKSON_LABORATORIES,2105,,,2512-43492A
2561791022,NZO/HlLtJ,3751,3B,B10,370-F,1/27/26,F,LFD,16.37,4.76,47.3,8/24/26,,22.63,NO,D12450Ki,26011208A2i,JACKSON_LABORATORIES,2105,,,2512-43492A
2561791023,NZO/HlLtJ,3752,3B,C10,370-F,1/27/26,F,LFD,16.03,3.6,50.85,8/24/26,,23.13,NO,D12450Ki,26011208A2i,JACKSON_LABORATORIES,2105,,,2512-43492A
2561791024,NZO/HlLtJ,3753,3B,D10,370-F,1/27/26,F,LFD,15.87,3.07,55.16,8/24/26,,23.08,NO,D12450Ki,26011208A2i,JACKSON_LABORATORIES,2105,,,2512-43492A
2561791002,NZO/HlLtJ,3731,,CORE_1,230-F,1/13/26,F,LFD,241.27,236.13,59.73,8/25/26,,262.6,NO,D12450Ki,26011208A2i,JACKSON_LABORATORIES,2105,,,2512-43492A
2561791003,NZO/HlLtJ,3732,,CORE_2,230-F,1/13/26,F,LFD,237.83,233.13,45.35,8/25/26,,260.87,NO,D12450Ki,26011208A2i,JACKSON_LABORATORIES,2105,,,2512-43492A
2561791004,NZO/HlLtJ,3733,,CORE_3,230-F,1/13/26,F,LFD,247.11,242.26,48.56,8/25/26,,261.41,NO,D12450Ki,26011208A2i,JACKSON_LABORATORIES,2105,,,2512-43492A
2561791006,NZO/HlLtJ,3735,,CORE_4,230-F,1/20/26,F,LFD,240.82,236.09,57.77,8/25/26,,261.58,NO,D12450Ki,26011208A2i,JACKSON_LABORATORIES,2105,,,2512-43492A
2561791008,NZO/HlLtJ,3737,,CORE_5,230-F,1/20/26,F,LFD,239.32,233.61,60.85,8/25/26,,261.6,NO,D12450Ki,26011208A2i,JACKSON_LABORATORIES,2105,,,2512-43492A
2561791009,NZO/HlLtJ,3738,,CORE 9,230-F,1/20/26,F,LFD,236.98,231.76,59.16,8/25/26,,261.43,NO,D12450Ki,26011208A2i,JACKSON_LABORATORIES,2105,,,2512-43492A
2561791010,NZO/HlLtJ,3739,,CORE_7,230-F,1/20/26,F,LFD,236.52,230.67,56.26,8/25/26,,262.6,NO,D12450Ki,26011208A2i,JACKSON_LABORATORIES,2105,,,2512-43492A
2561791011,NZO/HlLtJ,3740,,CORE_8,230-F,1/20/26,F,LFD,,,,8/25/26,,,NO,D12450Ki,26011208A2i,JACKSON_LABORATORIES,2105,,,2512-43492A
2561791012,NZO/HlLtJ,3741,,CORE_9,230-F,1/20/26,F,LFD,,,,8/25/26,,,NO,D12450Ki,26011208A2i,JACKSON_LABORATORIES,2105,,,2512-43492A
2561791013,NZO/HlLtJ,3742,3B,A8,370-F,2/10/26,F,LFD,,,,8/25/26,,,NO,D12450Ki,26011208A2i,JACKSON_LABORATORIES,2105,,,2512-43492A
2561791014,NZO/HlLtJ,3743,3B,B8,370-F,2/10/26,F,LFD,,,,8/25/26,,,NO,D12450Ki,26011208A2i,JACKSON_LABORATORIES,2105,,,2512-43492A
2561791015,NZO/HlLtJ,3744,3B,C8,370-F,2/10/26,F,LFD,,,,8/25/26,,,NO,D12450Ki,26011208A2i,JACKSON_LABORATORIES,2105,,,2512-43492A
2561791016,NZO/HlLtJ,3745,3B,D8,370-F,2/10/26,F,LFD,,,,8/25/26,,,NO,D12450Ki,26011208A2i,JACKSON_LABORATORIES,2105,,,2512-43492A
2561791017,NZO/HlLtJ,3746,3B,A9,370-F,2/10/26,F,LFD,,,,8/25/26,,,NO,D12450Ki,26011208A2i,JACKSON_LABORATORIES,2105,,,2512-43492A
2561791018,NZO/HlLtJ,3747,3B,B9,370-F,2/3/26,F,LFD,,,,8/25/26,,,NO,D12450Ki,26011208A2i,JACKSON_LABORATORIES,2105,,,2512-43492A
2561791019,NZO/HlLtJ,3748,3B,C9,370-F,2/3/26,F,LFD,,,,8/25/26,,,NO,D12450Ki,26011208A2i,JACKSON_LABORATORIES,2105,,,2512-43492A
2561791020,NZO/HlLtJ,3749,3B,D9,370-F,2/3/26,F,LFD,,,,8/25/26,,,NO,D12450Ki,26011208A2i,JACKSON_LABORATORIES,2105,,,2512-43492A
2561791021,NZO/HlLtJ,3750,3B,A10,370-F,2/3/26,F,LFD,,,,8/25/26,,,NO,D12450Ki,26011208A2i,JACKSON_LABORATORIES,2105,,,2512-43492A
2561791022,NZO/HlLtJ,3751,3B,B10,370-F,1/27/26,F,LFD,,,,8/25/26,,,NO,D12450Ki,26011208A2i,JACKSON_LABORATORIES,2105,,,2512-43492A
2561791023,NZO/HlLtJ,3752,3B,C10,370-F,1/27/26,F,LFD,,,,8/25/26,,,NO,D12450Ki,26011208A2i,JACKSON_LABORATORIES,2105,,,2512-43492A
2561791024,NZO/HlLtJ,3753,3B,D10,370-F,1/27/26,F,LFD,,,,8/25/26,,,NO,D12450Ki,26011208A2i,JACKSON_LABORATORIES,2105,,,2512-43492A